game_id,home_score,away_score,winner
20160308OBKT02016,5,5,DRAW
20160308SKLT02016,6,6,DRAW
20160308SSNC02016,3,5,AWAY
20160308WOHH02016,4,2,HOME
20160309LGHT02016,0,3,AWAY
20160309OBKT02016,2,4,AWAY
20160309SKLT02016,3,2,HOME
20160309SSNC02016,1,10,AWAY
20160309WOHH02016,3,1,HOME
20160310LGNC02016,4,6,AWAY
20160310OBHH02016,12,7,HOME
20160310SKHT02016,3,4,AWAY
20160310SSLT02016,5,10,AWAY
20160311LGNC02016,3,4,AWAY
20160311SSLT02016,1,2,AWAY
20160312LGLT02016,5,8,AWAY
20160312OBNC02016,8,7,HOME
20160312SKKT02016,3,1,HOME
20160312SSHH02016,5,3,HOME
20160312WOHT02016,9,8,HOME
20160313LGLT02016,6,3,HOME
20160313OBNC02016,11,8,HOME
20160313SKKT02016,1,7,AWAY
20160313SSHH02016,1,8,AWAY
20160313WOHT02016,3,12,AWAY
20160315LGHH02016,4,2,HOME
20160315NCHT02016,6,5,HOME
20160315OBLT02016,3,8,AWAY
20160315SKWO02016,4,6,AWAY
20160315SSKT02016,5,4,HOME
20160316LGHH02016,8,2,HOME
20160316NCHT02016,2,1,HOME
20160316OBLT02016,2,8,AWAY
20160316SKWO02016,0,3,AWAY
20160316SSKT02016,3,8,AWAY
20160317LGKT02016,6,5,HOME
20160317NCLT02016,2,2,DRAW
20160317OBWO02016,1,7,AWAY
20160317SKHH02016,4,7,AWAY
20160317SSHT02016,5,9,AWAY
20160318LGKT02016,10,6,HOME
20160318OBWO02016,5,5,DRAW
20160319HHLT02016,20,12,HOME
20160319HTOB02016,6,3,HOME
20160319KTNC02016,1,2,AWAY
20160319LGSK02016,7,7,DRAW
20160319SSWO02016,7,3,HOME
20160320HHLT02016,0,1,AWAY
20160320HTOB02016,6,10,AWAY
20160320KTNC02016,6,3,HOME
20160320LGSK02016,0,5,AWAY
20160320SSWO02016,1,4,AWAY
20160322HHNC02016,9,4,HOME
20160322KTHT02016,8,1,HOME
20160322LGSS02016,7,5,HOME
20160322LTWO02016,5,0,HOME
20160322SKOB02016,1,5,AWAY
20160323HHNC02016,4,8,AWAY
20160323KTHT02016,0,8,AWAY
20160323LGSS02016,8,12,AWAY
20160323LTWO02016,6,5,HOME
20160323SKOB02016,5,3,HOME
20160324HTLT02016,13,13,DRAW
20160324KTHH02016,3,5,AWAY
20160324NCSK02016,0,3,AWAY
20160324OBSS02016,3,8,AWAY
20160324WOLG02016,6,2,HOME
20160325HTLT02016,5,11,AWAY
20160325KTHH02016,4,8,AWAY
20160325NCSK02016,5,6,AWAY
20160325WOLG02016,1,7,AWAY
20160326HHHT02016,3,1,HOME
20160326LTKT02016,11,0,HOME
20160326NCWO02016,5,7,AWAY
20160326OBLG02016,4,4,DRAW
20160326SKSS02016,5,2,HOME
20160327HHHT02016,5,10,AWAY
20160327LTKT02016,5,3,HOME
20160327NCWO02016,3,8,AWAY
20160327OBLG02016,0,1,AWAY
20160327SKSS02016,11,1,HOME
20160401HHLG02016,5,4,HOME
20160401HTNC02016,5,4,HOME
20160401KTSK02016,4,8,AWAY
20160401LTWO02016,1,2,AWAY
20160401OBSS02016,1,5,AWAY
20160402HHLG02016,8,7,HOME
20160402HTNC02016,3,4,AWAY
20160402KTSK02016,4,3,HOME
20160402LTWO02016,5,3,HOME
20160402OBSS02016,10,6,HOME
20160403KTSK02016,4,5,AWAY
20160403LTWO02016,6,5,HOME
20160405LGHT02016,4,1,HOME
20160405NCOB02016,6,2,HOME
20160405SKLT02016,2,1,HOME
20160405SSKT02016,8,3,HOME
20160405WOHH02016,9,5,HOME
20160406NCOB02016,2,0,HOME
20160406SKLT02016,11,1,HOME
20160406SSKT02016,6,11,AWAY
20160406WOHH02016,4,6,AWAY
20160407LGHT02016,4,8,AWAY
20160407NCOB02016,2,8,AWAY
20160407SKLT02016,3,8,AWAY
20160407SSKT02016,1,3,AWAY
20160407WOHH02016,3,7,AWAY
20160408HHNC02016,5,4,HOME
20160408HTKT02016,4,0,HOME
20160408LGSK02016,3,2,HOME
20160408SSLT02016,3,7,AWAY
20160408WOOB02016,6,4,HOME
20160409HHNC02016,10,1,HOME
20160409HTKT02016,3,6,AWAY
20160409LGSK02016,4,3,HOME
20160409SSLT02016,7,4,HOME
20160409WOOB02016,9,9,DRAW
20160410HHNC02016,1,2,AWAY
20160410HTKT02016,9,6,HOME
20160410LGSK02016,7,6,HOME
20160410SSLT02016,5,1,HOME
20160410WOOB02016,4,5,AWAY
20160412HTSK02016,6,7,AWAY
20160412KTWO02016,5,2,HOME
20160412LTLG02016,12,11,HOME
20160412NCSS02016,16,5,HOME
20160412OBHH02016,2,8,AWAY
20160413HTSK02016,2,0,HOME
20160413KTWO02016,6,7,AWAY
20160413LTLG02016,5,3,HOME
20160413NCSS02016,2,7,AWAY
20160413OBHH02016,3,7,AWAY
20160414HTSK02016,7,6,HOME
20160414KTWO02016,4,5,AWAY
20160414LTLG02016,0,9,AWAY
20160414NCSS02016,7,5,HOME
20160414OBHH02016,2,17,AWAY
20160415LGHH02016,2,18,AWAY
20160415LTNC02016,3,0,HOME
20160415SKKT02016,3,7,AWAY
20160415SSOB02016,7,2,HOME
20160415WOHT02016,11,6,HOME
20160417LGHH02016,4,6,AWAY
20160417LTNC02016,5,8,AWAY
20160417SKKT02016,6,10,AWAY
20160417SSOB02016,6,2,HOME
20160417WOHT02016,1,2,AWAY
20160419HHLT02016,4,3,HOME
20160419NCLG02016,1,8,AWAY
20160419OBKT02016,2,3,AWAY
20160419SSHT02016,7,2,HOME
20160419WOSK02016,1,3,AWAY
20160420HHLT02016,10,4,HOME
20160420NCLG02016,6,3,HOME
20160420OBKT02016,4,13,AWAY
20160420SSHT02016,1,2,AWAY
20160420WOSK02016,9,1,HOME
20160421HHLT02016,5,9,AWAY
20160421NCLG02016,5,8,AWAY
20160421OBKT02016,8,3,HOME
20160421SSHT02016,1,8,AWAY
20160421WOSK02016,3,2,HOME
20160422HHOB02016,8,2,HOME
20160422HTLT02016,7,5,HOME
20160422KTSS02016,3,13,AWAY
20160422LGWO02016,10,2,HOME
20160422NCSK02016,5,6,AWAY
20160423HHOB02016,3,2,HOME
20160423HTLT02016,10,16,AWAY
20160423KTSS02016,6,11,AWAY
20160423LGWO02016,14,2,HOME
20160423NCSK02016,8,2,HOME
20160424HHOB02016,5,1,HOME
20160424HTLT02016,4,11,AWAY
20160424KTSS02016,6,0,HOME
20160424LGWO02016,3,5,AWAY
20160424NCSK02016,3,2,HOME
20160426HTHH02016,4,2,HOME
20160426LGSS02016,0,2,AWAY
20160426LTKT02016,2,1,HOME
20160426SKOB02016,4,3,HOME
20160426WONC02016,4,3,HOME
20160427LTKT02016,0,4,AWAY
20160427SKOB02016,1,3,AWAY
20160428HTHH02016,3,2,HOME
20160428LGSS02016,9,7,HOME
20160428LTKT02016,3,8,AWAY
20160428SKOB02016,4,1,HOME
20160428WONC02016,2,4,AWAY
20160429KTLG02016,4,3,HOME
20160429NCLT02016,3,6,AWAY
20160429OBHT02016,4,1,HOME
20160429SKWO02016,3,4,AWAY
20160429SSHH02016,10,5,HOME
20160430KTLG02016,2,3,AWAY
20160430NCLT02016,1,8,AWAY
20160430OBHT02016,5,7,AWAY
20160430SKWO02016,1,5,AWAY
20160430SSHH02016,3,6,AWAY
20160501KTLG02016,4,2,HOME
20160501NCLT02016,2,5,AWAY
20160501OBHT02016,1,4,AWAY
20160501SKWO02016,11,1,HOME
20160501SSHH02016,9,8,HOME
20160503HHSK02016,2,7,AWAY
20160503LTHT02016,3,2,HOME
20160503WOSS02016,0,5,AWAY
20160504HHSK02016,5,1,HOME
20160504LTHT02016,3,2,HOME
20160504NCKT02016,6,8,AWAY
20160504OBLG02016,1,17,AWAY
20160504WOSS02016,3,6,AWAY
20160505HHSK02016,19,6,HOME
20160505LTHT02016,17,1,HOME
20160505NCKT02016,2,15,AWAY
20160505OBLG02016,8,7,HOME
20160505WOSS02016,5,2,HOME
20160506HHKT02016,10,3,HOME
20160506HTWO02016,15,6,HOME
20160506LGNC02016,13,2,HOME
20160506LTOB02016,0,7,AWAY
20160506SKSS02016,5,4,HOME
20160507HHKT02016,17,10,HOME
20160507HTWO02016,4,3,HOME
20160507LGNC02016,4,1,HOME
20160507LTOB02016,0,5,AWAY
20160507SKSS02016,3,6,AWAY
20160508HHKT02016,7,4,HOME
20160508HTWO02016,7,6,HOME
20160508LGNC02016,11,5,HOME
20160508LTOB02016,11,17,AWAY
20160508SKSS02016,8,7,HOME
20160510OBSK02016,7,11,AWAY
20160510SSLG02016,3,9,AWAY
20160511KTHT02016,8,3,HOME
20160511NCHH02016,6,5,HOME
20160511OBSK02016,3,7,AWAY
20160511SSLG02016,16,2,HOME
20160511WOLT02016,2,16,AWAY
20160512KTHT02016,10,6,HOME
20160512NCHH02016,1,12,AWAY
20160512OBSK02016,5,2,HOME
20160512SSLG02016,5,7,AWAY
20160512WOLT02016,8,1,HOME
20160513HHHT02016,4,2,HOME
20160513KTNC02016,4,5,AWAY
20160513LTSS02016,8,14,AWAY
20160513OBWO02016,4,8,AWAY
20160513SKLG02016,2,1,HOME
20160514HHHT02016,8,0,HOME
20160514KTNC02016,3,6,AWAY
20160514LTSS02016,10,4,HOME
20160514OBWO02016,2,12,AWAY
20160514SKLG02016,12,3,HOME
20160515HHHT02016,8,7,HOME
20160515KTNC02016,2,2,DRAW
20160515LTSS02016,3,8,AWAY
20160515OBWO02016,3,5,AWAY
20160517HHSS02016,5,4,HOME
20160517HTOB02016,4,3,HOME
20160517LGKT02016,7,9,AWAY
20160517LTSK02016,7,3,HOME
20160517NCWO02016,5,3,HOME
20160518HHSS02016,13,2,HOME
20160518HTOB02016,15,5,HOME
20160518LGKT02016,2,6,AWAY
20160518LTSK02016,5,3,HOME
20160518NCWO02016,9,6,HOME
20160519HHSS02016,6,9,AWAY
20160519HTOB02016,8,3,HOME
20160519LGKT02016,0,4,AWAY
20160519LTSK02016,3,4,AWAY
20160519NCWO02016,2,6,AWAY
20160520KTHH02016,11,2,HOME
20160520OBLT02016,5,19,AWAY
20160520SKHT02016,5,4,HOME
20160520SSNC02016,2,12,AWAY
20160520WOLG02016,4,3,HOME
20160521KTHH02016,8,8,DRAW
20160521OBLT02016,4,6,AWAY
20160521SKHT02016,7,8,AWAY
20160521SSNC02016,10,2,HOME
20160521WOLG02016,5,7,AWAY
20160522KTHH02016,7,18,AWAY
20160522OBLT02016,10,4,HOME
20160522SKHT02016,7,4,HOME
20160522SSNC02016,9,8,HOME
20160522WOLG02016,5,4,HOME
20160524HHWO02016,2,1,HOME
20160524HTSS02016,2,4,AWAY
20160524KTOB02016,8,5,HOME
20160525HHWO02016,9,8,HOME
20160525HTSS02016,6,3,HOME
20160525KTOB02016,13,10,HOME
20160525LGLT02016,2,1,HOME
20160525SKNC02016,5,0,HOME
20160526HHWO02016,6,7,AWAY
20160526HTSS02016,2,9,AWAY
20160526KTOB02016,6,3,HOME
20160526LGLT02016,7,4,HOME
20160526SKNC02016,6,9,AWAY
20160527LGOB02016,5,1,HOME
20160527LTHH02016,11,7,HOME
20160527NCHT02016,7,13,AWAY
20160527SSSK02016,8,2,HOME
20160527WOKT02016,8,0,HOME
20160528LGOB02016,3,2,HOME
20160528LTHH02016,9,6,HOME
20160528NCHT02016,5,13,AWAY
20160528SSSK02016,1,15,AWAY
20160528WOKT02016,1,3,AWAY
20160529LGOB02016,8,16,AWAY
20160529LTHH02016,9,2,HOME
20160529NCHT02016,8,9,AWAY
20160529SSSK02016,6,9,AWAY
20160529WOKT02016,2,5,AWAY
20160531HTLG02016,6,6,DRAW
20160531KTLT02016,9,5,HOME
20160531OBNC02016,5,6,AWAY
20160531SKHH02016,8,4,HOME
20160531SSWO02016,1,4,AWAY
20160601HTLG02016,1,5,AWAY
20160601KTLT02016,2,0,HOME
20160601OBNC02016,5,1,HOME
20160601SKHH02016,2,7,AWAY
20160601SSWO02016,6,4,HOME
20160602HTLG02016,9,1,HOME
20160602KTLT02016,1,2,AWAY
20160602OBNC02016,4,3,HOME
20160602SKHH02016,4,1,HOME
20160602SSWO02016,6,14,AWAY
20160603HHSS02016,3,4,AWAY
20160603LGKT02016,3,2,HOME
20160603NCLT02016,3,5,AWAY
20160603SKOB02016,4,1,HOME
20160603WOHT02016,1,9,AWAY
20160604HHSS02016,7,8,AWAY
20160604LGKT02016,4,13,AWAY
20160604SKOB02016,7,6,HOME
20160605HHSS02016,5,6,AWAY
20160605LGKT02016,10,2,HOME
20160605NCLT02016,7,14,AWAY
20160605SKOB02016,7,0,HOME
20160605WOHT02016,3,4,AWAY
20160607HTHH02016,5,3,HOME
20160607LTSK02016,6,9,AWAY
20160607OBKT02016,1,9,AWAY
20160607SSLG02016,5,8,AWAY
20160607WONC02016,5,1,HOME
20160608HTHH02016,5,3,HOME
20160608LTSK02016,2,3,AWAY
20160608OBKT02016,5,4,HOME
20160608SSLG02016,12,6,HOME
20160608WONC02016,7,3,HOME
20160609HTHH02016,1,12,AWAY
20160609LTSK02016,6,5,HOME
20160609OBKT02016,4,7,AWAY
20160609SSLG02016,10,4,HOME
20160609WONC02016,16,4,HOME
20160610KTWO02016,4,6,AWAY
20160610LGHH02016,2,1,HOME
20160610LTOB02016,5,3,HOME
20160610NCSK02016,2,6,AWAY
20160610SSHT02016,4,0,HOME
20160611KTWO02016,3,2,HOME
20160611LGHH02016,3,5,AWAY
20160611LTOB02016,8,10,AWAY
20160611NCSK02016,6,7,AWAY
20160611SSHT02016,4,5,AWAY
20160612KTWO02016,11,1,HOME
20160612LGHH02016,6,5,HOME
20160612LTOB02016,5,4,HOME
20160612NCSK02016,8,11,AWAY
20160612SSHT02016,7,10,AWAY
20160614HHKT02016,5,3,HOME
20160614LTWO02016,9,6,HOME
20160614NCLG02016,7,10,AWAY
20160614OBHT02016,6,8,AWAY
20160614SKSS02016,1,4,AWAY
20160615LTWO02016,6,11,AWAY
20160615OBHT02016,4,7,AWAY
20160615SKSS02016,3,13,AWAY
20160616HHKT02016,7,4,HOME
20160616LTWO02016,10,7,HOME
20160616NCLG02016,0,3,AWAY
20160616OBHT02016,4,13,AWAY
20160616SKSS02016,3,11,AWAY
20160617HTLG02016,3,6,AWAY
20160617NCKT02016,1,11,AWAY
20160617OBSS02016,5,2,HOME
20160617SKLT02016,1,12,AWAY
20160617WOHH02016,8,5,HOME
20160618HTLG02016,7,1,HOME
20160618NCKT02016,3,7,AWAY
20160618OBSS02016,5,6,AWAY
20160618SKLT02016,0,4,AWAY
20160618WOHH02016,6,11,AWAY
20160619HTLG02016,5,9,AWAY
20160619NCKT02016,7,15,AWAY
20160619OBSS02016,1,3,AWAY
20160619SKLT02016,10,3,HOME
20160619WOHH02016,6,11,AWAY
20160621HHNC02016,2,8,AWAY
20160621KTOB02016,12,1,HOME
20160621LGSK02016,5,9,AWAY
20160621LTHT02016,9,6,HOME
20160621SSWO02016,12,8,HOME
20160622LGSK02016,10,2,HOME
20160622LTHT02016,5,18,AWAY
20160622SSWO02016,4,1,HOME
20160623HHNC02016,3,3,DRAW
20160623KTOB02016,4,9,AWAY
20160623LGSK02016,10,2,HOME
20160623LTHT02016,6,2,HOME
20160623SSWO02016,0,4,AWAY
20160624HTNC02016,2,6,AWAY
20160624KTSS02016,4,5,AWAY
20160624LTHH02016,2,4,AWAY
20160624OBSK02016,5,3,HOME
20160624WOLG02016,9,7,HOME
20160625HTNC02016,0,9,AWAY
20160625KTSS02016,8,13,AWAY
20160625LTHH02016,8,1,HOME
20160625OBSK02016,6,8,AWAY
20160625WOLG02016,6,8,AWAY
20160626HTNC02016,4,15,AWAY
20160626KTSS02016,11,8,HOME
20160626LTHH02016,4,12,AWAY
20160626OBSK02016,6,5,HOME
20160626WOLG02016,2,1,HOME
20160628HHWO02016,3,13,AWAY
20160628LGHT02016,11,2,HOME
20160628NCOB02016,12,3,HOME
20160628SKKT02016,1,11,AWAY
20160628SSLT02016,7,4,HOME
20160629HHWO02016,7,4,HOME
20160629LGHT02016,5,4,HOME
20160629NCOB02016,4,10,AWAY
20160629SKKT02016,4,7,AWAY
20160629SSLT02016,5,4,HOME
20160630HHWO02016,11,5,HOME
20160630LGHT02016,9,10,AWAY
20160630NCOB02016,4,0,HOME
20160630SKKT02016,10,5,HOME
20160630SSLT02016,7,6,HOME
20160701HTWO02016,10,7,HOME
20160702HTWO02016,8,5,HOME
20160702OBHH02016,1,4,AWAY
20160702SKLG02016,2,4,AWAY
20160703HTWO02016,7,6,HOME
20160703SKLG02016,7,9,AWAY
20160705LGSS02016,7,3,HOME
20160706HHSK02016,2,13,AWAY
20160706HTKT02016,0,7,AWAY
20160706LTNC02016,12,3,HOME
20160706WOOB02016,5,6,AWAY
20160707HHSK02016,4,14,AWAY
20160707HTKT02016,2,5,AWAY
20160707LGSS02016,12,11,HOME
20160707LTNC02016,8,4,HOME
20160707WOOB02016,4,1,HOME
20160708HTOB02016,6,12,AWAY
20160708KTSK02016,8,3,HOME
20160708LGLT02016,8,5,HOME
20160708NCWO02016,9,11,AWAY
20160708SSHH02016,6,3,HOME
20160709HTOB02016,7,6,HOME
20160709KTSK02016,6,8,AWAY
20160709LGLT02016,13,12,HOME
20160709NCWO02016,7,4,HOME
20160709SSHH02016,4,4,DRAW
20160710HTOB02016,3,13,AWAY
20160710KTSK02016,6,7,AWAY
20160710LGLT02016,0,6,AWAY
20160710NCWO02016,9,7,HOME
20160710SSHH02016,10,6,HOME
20160712HHLG02016,5,4,HOME
20160712LTSS02016,8,4,HOME
20160712OBNC02016,5,9,AWAY
20160712SKHT02016,3,7,AWAY
20160712WOKT02016,5,7,AWAY
20160713HHLG02016,5,7,AWAY
20160713LTSS02016,12,13,AWAY
20160713OBNC02016,6,2,HOME
20160713SKHT02016,4,3,HOME
20160713WOKT02016,8,11,AWAY
20160714HHLG02016,4,7,AWAY
20160714LTSS02016,2,4,AWAY
20160714OBNC02016,4,3,HOME
20160714SKHT02016,4,11,AWAY
20160714WOKT02016,5,10,AWAY
20160719HTLT02016,1,6,AWAY
20160719KTHH02016,17,7,HOME
20160719LGWO02016,6,12,AWAY
20160719SKNC02016,4,5,AWAY
20160719SSOB02016,3,1,HOME
20160720HTLT02016,9,6,HOME
20160720KTHH02016,1,4,AWAY
20160720LGWO02016,7,3,HOME
20160720SKNC02016,4,2,HOME
20160720SSOB02016,4,5,AWAY
20160721HTLT02016,10,1,HOME
20160721KTHH02016,8,1,HOME
20160721LGWO02016,7,4,HOME
20160721SKNC02016,7,4,HOME
20160721SSOB02016,3,6,AWAY
20160722HHLT02016,10,2,HOME
20160722NCHT02016,9,4,HOME
20160722OBLG02016,3,14,AWAY
20160722SSKT02016,7,6,HOME
20160722WOSK02016,7,6,HOME
20160723HHLT02016,7,6,HOME
20160723NCHT02016,0,5,AWAY
20160723OBLG02016,9,7,HOME
20160723SSKT02016,2,12,AWAY
20160723WOSK02016,2,10,AWAY
20160724HHLT02016,1,8,AWAY
20160724NCHT02016,2,8,AWAY
20160724OBLG02016,2,3,AWAY
20160724SSKT02016,2,1,HOME
20160724WOSK02016,4,3,HOME
20160726KTHT02016,13,0,HOME
20160726LTLG02016,10,12,AWAY
20160726NCSS02016,4,5,AWAY
20160726OBWO02016,1,7,AWAY
20160726SKHH02016,4,9,AWAY
20160727KTHT02016,8,3,HOME
20160727LTLG02016,7,1,HOME
20160727NCSS02016,10,6,HOME
20160727OBWO02016,9,4,HOME
20160727SKHH02016,8,0,HOME
20160728KTHT02016,9,3,HOME
20160728LTLG02016,5,2,HOME
20160728NCSS02016,5,9,AWAY
20160728OBWO02016,12,1,HOME
20160728SKHH02016,12,8,HOME
20160729HHOB02016,8,9,AWAY
20160729HTSK02016,8,14,AWAY
20160729LGNC02016,1,2,AWAY
20160729LTKT02016,12,11,HOME
20160729WOSS02016,6,5,HOME
20160730HHOB02016,9,10,AWAY
20160730HTSK02016,1,2,AWAY
20160730LGNC02016,5,13,AWAY
20160730LTKT02016,4,3,HOME
20160731HHOB02016,10,4,HOME
20160731HTSK02016,5,6,AWAY
20160731LGNC02016,10,8,HOME
20160731LTKT02016,3,2,HOME
20160802HHHT02016,10,9,HOME
20160802LGOB02016,12,1,HOME
20160803HHHT02016,1,8,AWAY
20160803LGOB02016,5,7,AWAY
20160803SSSK02016,8,4,HOME
20160803WOLT02016,6,5,HOME
20160804HHHT02016,7,5,HOME
20160804KTNC02016,9,2,HOME
20160804LGOB02016,5,6,AWAY
20160804SSSK02016,5,6,AWAY
20160804WOLT02016,4,5,AWAY
20160805HTSS02016,8,5,HOME
20160805KTLG02016,12,1,HOME
20160805NCHH02016,14,4,HOME
20160805OBLT02016,5,2,HOME
20160805SKWO02016,5,7,AWAY
20160806HTSS02016,6,13,AWAY
20160806KTLG02016,4,1,HOME
20160806NCHH02016,3,11,AWAY
20160806OBLT02016,11,1,HOME
20160806SKWO02016,6,7,AWAY
20160807HTSS02016,11,7,HOME
20160807KTLG02016,10,4,HOME
20160807NCHH02016,8,3,HOME
20160807OBLT02016,7,12,AWAY
20160807SKWO02016,4,1,HOME
20160809HTOB02016,11,4,HOME
20160809LGSK02016,4,9,AWAY
20160809LTNC02016,13,0,HOME
20160809SSHH02016,9,6,HOME
20160809WOKT02016,2,6,AWAY
20160810HTOB02016,4,12,AWAY
20160810LGSK02016,3,5,AWAY
20160810LTNC02016,7,5,HOME
20160810SSHH02016,7,16,AWAY
20160810WOKT02016,1,5,AWAY
20160811HHLT02016,2,3,AWAY
20160811HTWO02016,8,7,HOME
20160811KTSK02016,10,3,HOME
20160811NCLG02016,4,2,HOME
20160811OBSS02016,1,6,AWAY
20160812HHLT02016,4,3,HOME
20160812HTWO02016,2,8,AWAY
20160812KTSK02016,9,5,HOME
20160812NCLG02016,6,5,HOME
20160812OBSS02016,7,8,AWAY
20160813HHHT02016,6,4,HOME
20160813KTNC02016,3,2,HOME
20160813LGSS02016,8,5,HOME
20160813LTSK02016,4,3,HOME
20160813WOOB02016,8,0,HOME
20160814HHHT02016,2,3,AWAY
20160814KTNC02016,5,6,AWAY
20160814LGSS02016,6,2,HOME
20160814LTSK02016,6,5,HOME
20160814WOOB02016,6,1,HOME
20160816KTHT02016,4,7,AWAY
20160816LTWO02016,8,1,HOME
20160816OBHH02016,3,13,AWAY
20160816SKLG02016,11,4,HOME
20160816SSNC02016,5,12,AWAY
20160817LTWO02016,7,0,HOME
20160817OBHH02016,4,7,AWAY
20160817SKLG02016,6,10,AWAY
20160817SSNC02016,9,5,HOME
20160818HHLG02016,5,8,AWAY
20160818HTLT02016,4,3,HOME
20160818NCWO02016,6,4,HOME
20160818OBSK02016,5,9,AWAY
20160818SSKT02016,5,13,AWAY
20160819HHLG02016,3,2,HOME
20160819HTLT02016,9,10,AWAY
20160819NCWO02016,0,7,AWAY
20160819OBSK02016,3,8,AWAY
20160819SSKT02016,6,13,AWAY
20160820HHKT02016,10,9,HOME
20160820LGHT02016,3,2,HOME
20160820NCOB02016,13,3,HOME
20160820SKLT02016,2,3,AWAY
20160820SSWO02016,6,5,HOME
20160821HHKT02016,6,12,AWAY
20160821LGHT02016,8,9,AWAY
20160821NCOB02016,4,9,AWAY
20160821SKLT02016,4,3,HOME
20160821SSWO02016,2,0,HOME
20160823HTNC02016,12,1,HOME
20160823KTLT02016,8,4,HOME
20160823LGOB02016,5,6,AWAY
20160823SKSS02016,9,8,HOME
20160824HTNC02016,3,6,AWAY
20160824KTLT02016,2,5,AWAY
20160824LGOB02016,18,6,HOME
20160824SKSS02016,3,4,AWAY
20160824WOHH02016,6,12,AWAY
20160825LGWO02016,4,9,AWAY
20160825NCHH02016,1,13,AWAY
20160825SKKT02016,0,1,AWAY
20160825SSHT02016,6,4,HOME
20160826LGWO02016,2,3,AWAY
20160826LTOB02016,11,4,HOME
20160826NCHH02016,7,4,HOME
20160826SKKT02016,5,1,HOME
20160827HHSK02016,4,12,AWAY
20160827KTLG02016,4,2,HOME
20160827LTSS02016,13,0,HOME
20160827OBHT02016,5,3,HOME
20160827WONC02016,6,7,AWAY
20160828HHSK02016,1,9,AWAY
20160828KTLG02016,4,11,AWAY
20160828OBHT02016,0,9,AWAY
20160830HHOB02016,11,4,HOME
20160830LGLT02016,8,4,HOME
20160830NCKT02016,3,5,AWAY
20160830SKHT02016,3,9,AWAY
20160830WOSS02016,8,1,HOME
20160831LGLT02016,9,1,HOME
20160831NCKT02016,0,11,AWAY
20160831SKHT02016,7,5,HOME
20160831WOSS02016,6,15,AWAY
20160901HTSS02016,8,16,AWAY
20160901KTOB02016,1,0,HOME
20160901LGHH02016,2,7,AWAY
20160901NCLT02016,2,4,AWAY
20160901SKWO02016,8,2,HOME
20160902KTOB02016,6,5,HOME
20160902LGHH02016,11,6,HOME
20160902SKWO02016,10,9,HOME
20160903HHWO02016,11,13,AWAY
20160903LGKT02016,6,3,HOME
20160903LTHT02016,1,2,AWAY
20160903SKNC02016,7,10,AWAY
20160903SSOB02016,3,5,AWAY
20160904HHWO02016,7,5,HOME
20160904LGKT02016,4,3,HOME
20160904LTHT02016,4,3,HOME
20160904SKNC02016,4,9,AWAY
20160904SSOB02016,7,5,HOME
20160906HHNC02016,7,6,HOME
20160906HTSK02016,2,0,HOME
20160906KTSS02016,11,6,HOME
20160906OBLT02016,9,7,HOME
20160906WOLG02016,5,2,HOME
20160907HHNC02016,1,0,HOME
20160907HTSK02016,11,3,HOME
20160907KTSS02016,9,13,AWAY
20160907OBLT02016,5,10,AWAY
20160907WOLG02016,11,0,HOME
20160908KTHH02016,4,3,HOME
20160908NCHT02016,7,4,HOME
20160908OBLG02016,2,4,AWAY
20160908SSLT02016,5,4,HOME
20160908WOSK02016,12,3,HOME
20160909KTHH02016,2,1,HOME
20160909NCHT02016,7,8,AWAY
20160909OBLG02016,10,4,HOME
20160909SSLT02016,5,7,AWAY
20160909WOSK02016,4,1,HOME
20160910HTKT02016,9,6,HOME
20160910LTLG02016,9,6,HOME
20160910NCSS02016,4,1,HOME
20160910OBWO02016,9,1,HOME
20160910SKHH02016,14,0,HOME
20160911HTKT02016,2,4,AWAY
20160911LTLG02016,12,8,HOME
20160911NCSS02016,2,0,HOME
20160911OBWO02016,2,5,AWAY
20160911SKHH02016,7,6,HOME
20160913HHSS02016,6,7,AWAY
20160913LGNC02016,3,4,AWAY
20160913LTKT02016,2,9,AWAY
20160913SKOB02016,5,2,HOME
20160913WOHT02016,3,2,HOME
20160914HHSS02016,9,6,HOME
20160914LGNC02016,8,4,HOME
20160914LTKT02016,7,8,AWAY
20160914SKOB02016,6,0,HOME
20160914WOHT02016,3,7,AWAY
20160915HTLG02016,5,3,HOME
20160915KTWO02016,10,6,HOME
20160915LTHH02016,7,6,HOME
20160915OBNC02016,3,4,AWAY
20160915SSSK02016,5,9,AWAY
20160916HTLG02016,3,1,HOME
20160916KTWO02016,5,0,HOME
20160916LTHH02016,6,8,AWAY
20160916OBNC02016,3,5,AWAY
20160916SSSK02016,10,13,AWAY
20160917NCSK02016,3,4,AWAY
20160917OBKT02016,4,11,AWAY
20160917SSLG02016,3,2,HOME
20160918HTHH02016,1,3,AWAY
20160918NCSK02016,7,13,AWAY
20160918OBKT02016,1,11,AWAY
20160918SSLG02016,5,0,HOME
20160918WOLT02016,13,6,HOME
20160919HTHH02016,2,4,AWAY
20160919WOLT02016,1,11,AWAY
20160920LGHH02016,3,11,AWAY
20160920NCKT02016,6,2,HOME
20160920SSOB02016,6,4,HOME
20160920WOHT02016,4,3,HOME
20160921LTSS02016,9,10,AWAY
20160921NCLG02016,1,1,DRAW
20160921WOHT02016,5,2,HOME
20160922KTOB02016,9,2,HOME
20160922NCHH02016,2,7,AWAY
20160923HTNC02016,11,7,HOME
20160923OBSS02016,4,3,HOME
20160923SKKT02016,2,1,HOME
20160924HHLG02016,7,12,AWAY
20160924LTNC02016,3,1,HOME
20160924WOSS02016,13,9,HOME
20160925HHSK02016,9,4,HOME
20160925HTKT02016,8,7,HOME
20160925LTNC02016,1,0,HOME
20160925WOSS02016,7,5,HOME
20160927KTLT02016,9,7,HOME
20160927LGHT02016,1,6,AWAY
20160927OBHH02016,9,8,HOME
20160927SSNC02016,3,5,AWAY
20160928OBHH02016,3,12,AWAY
20160929KTLT02016,9,7,HOME
20160929SSNC12016,10,5,HOME
20160929SSNC22016,5,4,HOME
20160929WOOB02016,1,9,AWAY
20160930HHNC02016,1,7,AWAY
20160930KTLT02016,5,4,HOME
20160930SKLG02016,3,5,AWAY
20161001NCLT02016,0,8,AWAY
20161001SKLG02016,0,5,AWAY
20161002KTHT02016,3,1,HOME
20161002NCLT02016,6,11,AWAY
20161002WOHH02016,1,4,AWAY
20161003HHOB02016,5,13,AWAY
20161003KTHT02016,9,6,HOME
20161003LGSS02016,3,10,AWAY
20161004LGSS02016,5,4,HOME
20161004LTOB02016,6,5,HOME
20161004WONC02016,1,3,AWAY
20161005HHKT02016,2,7,AWAY
20161005HTSS02016,2,4,AWAY
20161005WONC02016,8,4,HOME
20161006LGLT02016,1,4,AWAY
20161006SKNC02016,4,2,HOME
20161006SSHT02016,3,4,AWAY
20161007KTNC02016,2,6,AWAY
20161007WOLT02016,5,4,HOME
20161008HTHH02016,6,5,HOME
20161008OBLG02016,1,11,AWAY
20161008SSSK02016,7,6,HOME
20161009KTNC02016,4,7,AWAY
20161009WOLT02016,8,5,HOME
20170314KTSS02017,1,9,AWAY
20170314LGHH02017,9,9,DRAW
20170314OBHT02017,7,4,HOME
20170314SKLT02017,2,3,AWAY
20170314WONC02017,2,2,DRAW
20170315KTSS02017,2,6,AWAY
20170315LGHH02017,5,12,AWAY
20170315OBHT02017,2,4,AWAY
20170315SKLT02017,7,2,HOME
20170315WONC02017,1,1,DRAW
20170316KTHT02017,5,8,AWAY
20170316LGSS02017,3,3,DRAW
20170316OBLT02017,5,5,DRAW
20170316SKNC02017,7,2,HOME
20170316WOHH02017,12,1,HOME
20170317KTHT02017,6,12,AWAY
20170317LGSS02017,0,8,AWAY
20170317OBLT02017,6,4,HOME
20170317SKNC02017,5,5,DRAW
20170317WOHH02017,8,7,HOME
20170318KTHH02017,0,0,DRAW
20170318LGLT02017,11,2,HOME
20170318OBWO02017,5,11,AWAY
20170318SKHT02017,4,0,HOME
20170318SSNC02017,3,2,HOME
20170319KTHH02017,1,9,AWAY
20170319LGLT02017,3,2,HOME
20170319OBWO02017,5,3,HOME
20170319SKHT02017,4,7,AWAY
20170319SSNC02017,0,5,AWAY
20170321HHNC02017,10,9,HOME
20170321KTLG02017,1,3,AWAY
20170321LTWO02017,7,6,HOME
20170321OBSK02017,4,6,AWAY
20170321SSHT02017,5,1,HOME
20170322HHNC02017,4,7,AWAY
20170322KTLG02017,7,5,HOME
20170322LTWO02017,8,8,DRAW
20170322OBSK02017,7,7,DRAW
20170322SSHT02017,4,3,HOME
20170323HTHH02017,6,3,HOME
20170323KTWO02017,15,9,HOME
20170323LGSK02017,3,2,HOME
20170323NCLT02017,2,9,AWAY
20170323SSOB02017,9,2,HOME
20170324HTHH02017,3,2,HOME
20170324KTWO02017,4,2,HOME
20170324LGSK02017,6,10,AWAY
20170324NCLT02017,0,3,AWAY
20170324SSOB02017,5,2,HOME
20170325HHSK02017,4,3,HOME
20170325KTLT02017,3,6,AWAY
20170325LGOB02017,2,1,HOME
20170325SSWO02017,6,7,AWAY
20170326HHSK02017,4,5,AWAY
20170326NCHT02017,5,4,HOME
20170326OBLG02017,5,4,HOME
20170326SSWO02017,8,6,HOME
20170331HHOB02017,3,0,HOME
20170331HTSS02017,2,7,AWAY
20170331KTSK02017,2,3,AWAY
20170331LGWO02017,1,2,AWAY
20170331LTNC02017,6,5,HOME
20170401HHOB02017,5,6,AWAY
20170401HTSS02017,7,9,AWAY
20170401KTSK02017,0,2,AWAY
20170401LGWO02017,3,8,AWAY
20170401LTNC02017,0,3,AWAY
20170402HHOB02017,5,4,HOME
20170402HTSS02017,16,3,HOME
20170402KTSK02017,1,8,AWAY
20170402LGWO02017,2,9,AWAY
20170402LTNC02017,4,12,AWAY
20170404NCHH02017,6,0,HOME
20170404OBKT02017,0,2,AWAY
20170404SKHT02017,6,1,HOME
20170404SSLG02017,11,0,HOME
20170404WOLT02017,5,2,HOME
20170406NCHH02017,2,5,AWAY
20170406OBKT02017,5,1,HOME
20170406SKHT02017,6,4,HOME
20170406SSLG02017,4,0,HOME
20170406WOLT02017,12,3,HOME
20170407HHHT02017,4,2,HOME
20170407LGLT02017,4,6,AWAY
20170407NCSK02017,3,5,AWAY
20170407SSKT02017,3,2,HOME
20170407WOOB02017,3,7,AWAY
20170408HHHT02017,3,4,AWAY
20170408LGLT02017,8,6,HOME
20170408NCSK02017,9,2,HOME
20170408SSKT02017,1,0,HOME
20170408WOOB02017,10,13,AWAY
20170409HHHT02017,3,2,HOME
20170409LGLT02017,7,1,HOME
20170409NCSK02017,8,5,HOME
20170409SSKT02017,3,0,HOME
20170409WOOB02017,2,13,AWAY
20170411HHSS02017,8,11,AWAY
20170411HTOB02017,16,4,HOME
20170411KTWO02017,12,2,HOME
20170411LGNC02017,4,3,HOME
20170411LTSK02017,4,6,AWAY
20170412HHSS02017,3,5,AWAY
20170412HTOB02017,4,8,AWAY
20170412KTWO02017,5,3,HOME
20170412LGNC02017,5,0,HOME
20170412LTSK02017,2,1,HOME
20170413HHSS02017,5,1,HOME
20170413HTOB02017,3,4,AWAY
20170413KTWO02017,6,7,AWAY
20170413LGNC02017,3,1,HOME
20170413LTSK02017,11,10,HOME
20170414KTLG02017,5,2,HOME
20170414OBNC02017,6,10,AWAY
20170414SKHH02017,2,6,AWAY
20170414SSLT02017,9,6,HOME
20170414WOHT02017,3,2,HOME
20170415KTLG02017,0,1,AWAY
20170415OBNC02017,2,11,AWAY
20170415SKHH02017,4,12,AWAY
20170415SSLT02017,6,4,HOME
20170415WOHT02017,5,2,HOME
20170416KTLG02017,12,5,HOME
20170416OBNC02017,4,0,HOME
20170416SKHH02017,1,10,AWAY
20170416SSLT02017,0,3,AWAY
20170416WOHT02017,7,6,HOME
20170418HTKT02017,0,5,AWAY
20170418LGHH02017,3,2,HOME
20170418NCLT02017,3,8,AWAY
20170418SSOB02017,3,3,DRAW
20170418WOSK02017,7,4,HOME
20170419HTKT02017,3,1,HOME
20170419LGHH02017,3,0,HOME
20170419NCLT02017,2,8,AWAY
20170419SSOB02017,2,1,HOME
20170419WOSK02017,5,3,HOME
20170420HTKT02017,2,9,AWAY
20170420LGHH02017,3,4,AWAY
20170420NCLT02017,4,5,AWAY
20170420SSOB02017,4,2,HOME
20170420WOSK02017,3,5,AWAY
20170421HHKT02017,2,7,AWAY
20170421HTLG02017,6,2,HOME
20170421LTWO02017,4,1,HOME
20170421NCSS02017,4,4,DRAW
20170421OBSK02017,9,4,HOME
20170422HHKT02017,11,9,HOME
20170422HTLG02017,4,5,AWAY
20170422LTWO02017,2,3,AWAY
20170422NCSS02017,6,14,AWAY
20170422OBSK02017,8,4,HOME
20170423HHKT02017,1,14,AWAY
20170423HTLG02017,7,1,HOME
20170423LTWO02017,6,5,HOME
20170423NCSS02017,3,6,AWAY
20170423OBSK02017,4,8,AWAY
20170425HHLT02017,4,2,HOME
20170425KTNC02017,2,1,HOME
20170425OBWO02017,13,9,HOME
20170425SKLG02017,3,8,AWAY
20170425SSHT02017,11,3,HOME
20170426HHLT02017,8,2,HOME
20170426KTNC02017,11,4,HOME
20170426OBWO02017,3,4,AWAY
20170426SKLG02017,9,0,HOME
20170426SSHT02017,7,0,HOME
20170427HHLT02017,1,6,AWAY
20170427KTNC02017,3,0,HOME
20170427OBWO02017,7,3,HOME
20170427SKLG02017,4,2,HOME
20170427SSHT02017,16,9,HOME
20170428LGKT02017,1,2,AWAY
20170428LTOB02017,2,0,HOME
20170428NCHT02017,9,3,HOME
20170428SKSS02017,5,7,AWAY
20170428WOHH02017,2,13,AWAY
20170429LGKT02017,6,0,HOME
20170429LTOB02017,5,3,HOME
20170429NCHT02017,6,8,AWAY
20170429SKSS02017,12,5,HOME
20170429WOHH02017,3,7,AWAY
20170430LGKT02017,5,7,AWAY
20170430LTOB02017,0,6,AWAY
20170430NCHT02017,1,12,AWAY
20170430SKSS02017,2,13,AWAY
20170430WOHH02017,4,5,AWAY
20170502HHSK02017,5,6,AWAY
20170502HTWO02017,3,9,AWAY
20170502LTKT02017,0,9,AWAY
20170502NCLG02017,1,2,AWAY
20170502OBSS02017,6,5,HOME
20170503HHSK02017,8,9,AWAY
20170503HTWO02017,1,2,AWAY
20170503LTKT02017,8,2,HOME
20170503NCLG02017,13,0,HOME
20170503OBSS02017,4,10,AWAY
20170504HHSK02017,6,2,HOME
20170504HTWO02017,9,1,HOME
20170504LTKT02017,2,3,AWAY
20170504NCLG02017,4,3,HOME
20170504OBSS02017,2,17,AWAY
20170505HTLT02017,3,5,AWAY
20170505KTHH02017,13,1,HOME
20170505LGOB02017,1,3,AWAY
20170505SKWO02017,5,3,HOME
20170505SSNC02017,7,2,HOME
20170506HTLT02017,0,3,AWAY
20170506KTHH02017,5,3,HOME
20170506LGOB02017,5,7,AWAY
20170506SKWO02017,5,13,AWAY
20170506SSNC02017,1,12,AWAY
20170507HTLT02017,3,5,AWAY
20170507KTHH02017,0,10,AWAY
20170507LGOB02017,4,10,AWAY
20170507SKWO02017,6,6,DRAW
20170507SSNC02017,13,3,HOME
20170509KTHT02017,9,4,HOME
20170510KTHT02017,0,3,AWAY
20170510LGSS02017,1,6,AWAY
20170510LTHH02017,1,8,AWAY
20170510SKOB02017,6,0,HOME
20170510WONC02017,3,0,HOME
20170511KTHT02017,2,4,AWAY
20170511LGSS02017,5,8,AWAY
20170511LTHH02017,2,1,HOME
20170511SKOB02017,7,0,HOME
20170511WONC02017,1,2,AWAY
20170512HHLG02017,3,5,AWAY
20170512HTSK02017,8,2,HOME
20170512NCKT02017,5,8,AWAY
20170512WOSS02017,4,1,HOME
20170513HHLG02017,0,10,AWAY
20170513HTSK02017,3,5,AWAY
20170513NCKT02017,5,2,HOME
20170513OBLT02017,4,9,AWAY
20170513WOSS02017,4,5,AWAY
20170514HHLG02017,4,1,HOME
20170514HTSK02017,4,3,HOME
20170514NCKT02017,10,5,HOME
20170514OBLT02017,1,15,AWAY
20170514WOSS02017,4,5,AWAY
20170516HHWO02017,2,1,HOME
20170516KTLT02017,6,0,HOME
20170516LGHT02017,3,2,HOME
20170516NCOB02017,1,2,AWAY
20170516SSSK02017,2,8,AWAY
20170517HHWO02017,4,8,AWAY
20170517KTLT02017,9,4,HOME
20170517LGHT02017,8,3,HOME
20170517NCOB02017,1,2,AWAY
20170517SSSK02017,2,5,AWAY
20170518HHWO02017,8,6,HOME
20170518KTLT02017,11,4,HOME
20170518LGHT02017,9,4,HOME
20170518NCOB02017,7,4,HOME
20170518SSSK02017,4,1,HOME
20170519LTLG02017,4,9,AWAY
20170519OBHT02017,6,7,AWAY
20170519SKNC02017,1,11,AWAY
20170519SSHH02017,2,6,AWAY
20170519WOKT02017,3,4,AWAY
20170520LTLG02017,3,2,HOME
20170520OBHT02017,0,6,AWAY
20170520SKNC02017,1,0,HOME
20170520SSHH02017,8,9,AWAY
20170520WOKT02017,3,11,AWAY
20170521LTLG02017,4,3,HOME
20170521OBHT02017,3,7,AWAY
20170521SKNC02017,4,9,AWAY
20170521SSHH02017,7,8,AWAY
20170521WOKT02017,13,4,HOME
20170523HTHH02017,8,13,AWAY
20170523KTSS02017,3,12,AWAY
20170523NCWO02017,4,15,AWAY
20170523SKLT02017,7,6,HOME
20170524HTHH02017,3,9,AWAY
20170524KTSS02017,8,9,AWAY
20170524NCWO02017,4,5,AWAY
20170524OBLG02017,1,2,AWAY
20170524SKLT02017,7,5,HOME
20170525HTHH02017,4,6,AWAY
20170525KTSS02017,6,4,HOME
20170525NCWO02017,3,13,AWAY
20170525OBLG02017,7,9,AWAY
20170525SKLT02017,17,6,HOME
20170526HHNC02017,5,3,HOME
20170526KTOB02017,3,5,AWAY
20170526LGSK02017,6,1,HOME
20170526LTHT02017,2,8,AWAY
20170526SSWO02017,18,3,HOME
20170527HHNC02017,1,6,AWAY
20170527KTOB02017,10,4,HOME
20170527LGSK02017,4,3,HOME
20170527LTHT02017,15,7,HOME
20170527SSWO02017,7,4,HOME
20170528HHNC02017,1,8,AWAY
20170528KTOB02017,9,5,HOME
20170528LGSK02017,5,2,HOME
20170528LTHT02017,8,4,HOME
20170528SSWO02017,2,3,AWAY
20170530HTNC02017,7,9,AWAY
20170530LTSS02017,0,1,AWAY
20170530OBHH02017,5,2,HOME
20170530SKKT02017,3,8,AWAY
20170530WOLG02017,1,3,AWAY
20170531HTNC02017,2,10,AWAY
20170531LTSS02017,11,4,HOME
20170531OBHH02017,3,1,HOME
20170531SKKT02017,2,8,AWAY
20170531WOLG02017,5,2,HOME
20170601HTNC02017,8,7,HOME
20170601LTSS02017,13,2,HOME
20170601OBHH02017,6,8,AWAY
20170601SKKT02017,4,10,AWAY
20170601WOLG02017,6,1,HOME
20170602HTSS02017,5,1,HOME
20170602KTLT02017,8,11,AWAY
20170602NCLG02017,1,4,AWAY
20170602OBWO02017,4,15,AWAY
20170602SKHH02017,5,4,HOME
20170603HTSS02017,6,5,HOME
20170603KTLT02017,1,10,AWAY
20170603NCLG02017,3,4,AWAY
20170603OBWO02017,8,5,HOME
20170603SKHH02017,2,5,AWAY
20170604HTSS02017,3,13,AWAY
20170604KTLT02017,14,8,HOME
20170604NCLG02017,5,6,AWAY
20170604OBWO02017,1,6,AWAY
20170604SKHH02017,4,7,AWAY
20170606LTNC02017,4,5,AWAY
20170606SSOB02017,10,12,AWAY
20170606WOSK02017,6,5,HOME
20170607HHHT02017,7,0,HOME
20170607LGKT02017,7,11,AWAY
20170607LTNC02017,12,4,HOME
20170607SSOB02017,9,7,HOME
20170607WOSK02017,2,6,AWAY
20170608HHHT02017,8,4,HOME
20170608LGKT02017,4,5,AWAY
20170608LTNC02017,16,0,HOME
20170608SSOB02017,4,3,HOME
20170608WOSK02017,2,6,AWAY
20170609KTNC02017,6,5,HOME
20170609OBLT02017,0,4,AWAY
20170609SKLG02017,3,1,HOME
20170609SSHH02017,5,8,AWAY
20170609WOHT02017,5,7,AWAY
20170610KTNC02017,4,1,HOME
20170610OBLT02017,7,6,HOME
20170610SKLG02017,3,4,AWAY
20170610SSHH02017,10,2,HOME
20170610WOHT02017,4,8,AWAY
20170611KTNC02017,5,0,HOME
20170611OBLT02017,7,4,HOME
20170611SKLG02017,19,1,HOME
20170611SSHH02017,4,7,AWAY
20170611WOHT02017,6,2,HOME
20170613HHSK02017,8,11,AWAY
20170613HTLT02017,7,10,AWAY
20170613KTSS02017,4,0,HOME
20170613LGOB02017,7,4,HOME
20170613NCWO02017,5,14,AWAY
20170614HHSK02017,6,3,HOME
20170614HTLT02017,3,6,AWAY
20170614KTSS02017,5,7,AWAY
20170614LGOB02017,1,5,AWAY
20170614NCWO02017,8,4,HOME
20170615HHSK02017,4,3,HOME
20170615HTLT02017,5,7,AWAY
20170615KTSS02017,6,2,HOME
20170615LGOB02017,6,12,AWAY
20170615NCWO02017,8,9,AWAY
20170616HHKT02017,14,15,AWAY
20170616LGHT02017,8,9,AWAY
20170616LTWO02017,2,1,HOME
20170616NCOB02017,5,11,AWAY
20170616SKSS02017,1,2,AWAY
20170617HHKT02017,1,9,AWAY
20170617LGHT02017,4,3,HOME
20170617LTWO02017,8,2,HOME
20170617NCOB02017,14,4,HOME
20170617SKSS02017,10,14,AWAY
20170618HHKT02017,5,13,AWAY
20170618LGHT02017,8,16,AWAY
20170618LTWO02017,14,3,HOME
20170618NCOB02017,13,11,HOME
20170618SKSS02017,7,5,HOME
20170620LTKT02017,2,10,AWAY
20170620NCSK02017,7,1,HOME
20170620SSLG02017,5,3,HOME
20170620WOHH02017,6,5,HOME
20170621LTKT02017,4,10,AWAY
20170621NCSK02017,1,2,AWAY
20170621OBHT02017,20,8,HOME
20170621SSLG02017,3,10,AWAY
20170621WOHH02017,5,6,AWAY
20170622LTKT02017,10,3,HOME
20170622NCSK02017,13,6,HOME
20170622OBHT02017,11,5,HOME
20170622SSLG02017,1,5,AWAY
20170622WOHH02017,13,12,HOME
20170623HHSS02017,5,3,HOME
20170623HTNC02017,4,1,HOME
20170623KTSK02017,4,2,HOME
20170623LGWO02017,8,3,HOME
20170623LTOB02017,9,1,HOME
20170624HHSS02017,8,2,HOME
20170624HTNC02017,6,1,HOME
20170624KTSK02017,2,1,HOME
20170624LGWO02017,2,8,AWAY
20170624LTOB02017,4,8,AWAY
20170625HHSS02017,7,7,DRAW
20170625HTNC02017,9,6,HOME
20170625KTSK02017,7,6,HOME
20170625LGWO02017,4,2,HOME
20170625LTOB02017,2,4,AWAY
20170627KTHH02017,4,1,HOME
20170627LGLT02017,11,10,HOME
20170627SKOB02017,1,5,AWAY
20170627SSHT02017,11,4,HOME
20170627WONC02017,7,2,HOME
20170628KTHH02017,4,5,AWAY
20170628LGLT02017,9,9,DRAW
20170628SKOB02017,0,3,AWAY
20170628SSHT02017,13,4,HOME
20170628WONC02017,9,3,HOME
20170629KTHH02017,8,5,HOME
20170629SKOB02017,6,3,HOME
20170629SSHT02017,22,1,HOME
20170630HTLG02017,6,10,AWAY
20170630NCLT02017,9,0,HOME
20170630OBHH02017,13,8,HOME
20170630SSSK02017,7,5,HOME
20170630WOKT02017,5,9,AWAY
20170701HTLG02017,4,10,AWAY
20170701NCLT02017,9,5,HOME
20170701OBHH02017,9,3,HOME
20170701SSSK02017,4,7,AWAY
20170702HTLG02017,4,13,AWAY
20170702NCLT02017,2,1,HOME
20170702SSSK02017,6,5,HOME
20170702WOKT02017,1,5,AWAY
20170704HHWO02017,7,5,HOME
20170704HTSK02017,6,15,AWAY
20170704KTOB02017,8,1,HOME
20170704LTSS02017,4,2,HOME
20170705HHWO02017,12,7,HOME
20170705HTSK02017,18,17,HOME
20170705KTOB02017,3,1,HOME
20170705LGNC02017,5,12,AWAY
20170705LTSS02017,6,5,HOME
20170706HHWO02017,13,6,HOME
20170706HTSK02017,3,5,AWAY
20170706LTSS02017,2,4,AWAY
20170707OBNC02017,1,6,AWAY
20170707SKLT02017,5,6,AWAY
20170707WOSS02017,2,9,AWAY
20170708HHLG02017,3,6,AWAY
20170708HTKT02017,8,20,AWAY
20170708SKLT02017,6,4,HOME
20170708WOSS02017,8,10,AWAY
20170709HHLG02017,3,2,HOME
20170709OBNC02017,9,4,HOME
20170709SKLT02017,0,6,AWAY
20170709WOSS02017,7,2,HOME
20170711LGSK02017,6,1,HOME
20170711LTHH02017,4,5,AWAY
20170711NCHT02017,7,4,HOME
20170711SSKT02017,2,4,AWAY
20170711WOOB02017,1,5,AWAY
20170712LGSK02017,6,12,AWAY
20170712LTHH02017,4,8,AWAY
20170712NCHT02017,7,6,HOME
20170712SSKT02017,3,11,AWAY
20170712WOOB02017,4,3,HOME
20170713LGSK02017,1,9,AWAY
20170713LTHH02017,6,4,HOME
20170713NCHT02017,7,1,HOME
20170713SSKT02017,9,8,HOME
20170713WOOB02017,8,4,HOME
20170718HTWO02017,3,4,AWAY
20170718KTLG02017,3,2,HOME
20170718NCHH02017,4,7,AWAY
20170718OBSK02017,4,6,AWAY
20170718SSLT02017,5,2,HOME
20170719HTWO02017,4,2,HOME
20170719KTLG02017,4,2,HOME
20170719NCHH02017,9,13,AWAY
20170719OBSK02017,12,8,HOME
20170719SSLT02017,0,3,AWAY
20170720HTWO02017,7,8,AWAY
20170720KTLG02017,10,9,HOME
20170720NCHH02017,4,7,AWAY
20170720OBSK02017,2,14,AWAY
20170720SSLT02017,4,4,DRAW
20170721HHOB02017,9,6,HOME
20170721KTWO02017,2,0,HOME
20170721LGSS02017,4,10,AWAY
20170721LTHT02017,3,4,AWAY
20170721SKNC02017,10,6,HOME
20170722HHOB02017,17,1,HOME
20170722KTWO02017,3,8,AWAY
20170722LTHT02017,0,1,AWAY
20170722SKNC02017,8,2,HOME
20170723HHOB02017,8,7,HOME
20170723KTWO02017,7,4,HOME
20170723LGSS02017,10,6,HOME
20170723LTHT02017,1,3,AWAY
20170723SKNC02017,8,1,HOME
20170725NCSS02017,3,1,HOME
20170725OBKT02017,5,6,AWAY
20170725SKHT02017,11,10,HOME
20170725WOLG02017,0,6,AWAY
20170726HHLT02017,9,8,HOME
20170726NCSS02017,5,1,HOME
20170726OBKT02017,3,7,AWAY
20170726SKHT02017,8,7,HOME
20170726WOLG02017,4,3,HOME
20170727HHLT02017,3,6,AWAY
20170727NCSS02017,0,7,AWAY
20170727OBKT02017,3,5,AWAY
20170727SKHT02017,9,1,HOME
20170727WOLG02017,4,3,HOME
20170728HTOB02017,3,3,DRAW
20170728LGHH02017,4,3,HOME
20170728LTSK02017,8,7,HOME
20170728NCKT02017,4,5,AWAY
20170728SSWO02017,2,9,AWAY
20170729HTOB02017,1,2,AWAY
20170729LGHH02017,2,12,AWAY
20170729LTSK02017,4,1,HOME
20170729NCKT02017,4,3,HOME
20170729SSWO02017,14,1,HOME
20170730HTOB02017,6,4,HOME
20170730LGHH02017,3,9,AWAY
20170730LTSK02017,2,3,AWAY
20170730NCKT02017,3,8,AWAY
20170730SSWO02017,9,4,HOME
20170801HHNC02017,7,6,HOME
20170801KTHT02017,7,15,AWAY
20170801LTLG02017,2,0,HOME
20170801OBSS02017,5,12,AWAY
20170801SKWO02017,3,0,HOME
20170802HHNC02017,2,6,AWAY
20170802LTLG02017,5,4,HOME
20170802OBSS02017,2,5,AWAY
20170802SKWO02017,5,4,HOME
20170803HHNC02017,10,2,HOME
20170803KTHT02017,9,3,HOME
20170803LTLG02017,9,6,HOME
20170803OBSS02017,4,14,AWAY
20170803SKWO02017,11,3,HOME
20170804HTHH02017,7,3,HOME
20170804OBLG02017,4,11,AWAY
20170804SKKT02017,5,6,AWAY
20170804SSNC02017,3,4,AWAY
20170804WOLT02017,10,8,HOME
20170805HTHH02017,1,7,AWAY
20170805OBLG02017,1,2,AWAY
20170805SKKT02017,4,3,HOME
20170805SSNC02017,3,9,AWAY
20170805WOLT02017,5,4,HOME
20170806OBLG02017,3,10,AWAY
20170806SKKT02017,6,3,HOME
20170806SSNC02017,4,1,HOME
20170806WOLT02017,6,4,HOME
20170808HHOB02017,8,1,HOME
20170808KTLT02017,5,4,HOME
20170808LGSS02017,8,10,AWAY
20170808NCSK02017,4,0,HOME
20170808WOHT02017,3,5,AWAY
20170809HHOB02017,6,12,AWAY
20170809KTLT02017,7,6,HOME
20170809LGSS02017,7,4,HOME
20170809NCSK02017,5,10,AWAY
20170809WOHT02017,10,1,HOME
20170810LTNC02017,3,2,HOME
20170810OBWO02017,4,7,AWAY
20170810SKLG02017,1,2,AWAY
20170811HTKT02017,9,8,HOME
20170811LTNC02017,3,5,AWAY
20170811OBWO02017,6,3,HOME
20170811SKLG02017,6,2,HOME
20170811SSHH02017,8,3,HOME
20170812HHWO02017,1,6,AWAY
20170812KTSK02017,8,3,HOME
20170812LGHT02017,11,10,HOME
20170812LTSS02017,13,7,HOME
20170812NCOB02017,3,0,HOME
20170813HHWO02017,9,1,HOME
20170813KTSK02017,3,11,AWAY
20170813LTSS02017,7,9,AWAY
20170813NCOB02017,2,1,HOME
20170815NCHT02017,4,2,HOME
20170815OBLT02017,8,6,HOME
20170816KTLG02017,2,1,HOME
20170816NCHT02017,4,3,HOME
20170816OBLT02017,4,2,HOME
20170816SKHH02017,8,5,HOME
20170816WOSS02017,5,6,AWAY
20170817HHNC02017,3,1,HOME
20170817HTOB02017,4,1,HOME
20170817LGSK02017,6,1,HOME
20170817LTWO02017,3,5,AWAY
20170817SSKT02017,4,6,AWAY
20170818HHNC02017,9,14,AWAY
20170818HTOB02017,2,1,HOME
20170818LGSK02017,8,2,HOME
20170818LTWO02017,5,8,AWAY
20170818SSKT02017,1,5,AWAY
20170819LTHH02017,2,0,HOME
20170819NCWO02017,4,3,HOME
20170819OBKT02017,4,10,AWAY
20170819SKHT02017,1,13,AWAY
20170819SSLG02017,6,4,HOME
20170820LTHH02017,3,4,AWAY
20170820NCWO02017,3,4,AWAY
20170820OBKT02017,2,1,HOME
20170822HHKT02017,2,3,AWAY
20170822LTHT02017,3,7,AWAY
20170822NCLG02017,3,4,AWAY
20170822OBSK02017,6,10,AWAY
20170822SSWO02017,11,5,HOME
20170823HHKT02017,9,10,AWAY
20170823LTHT02017,5,7,AWAY
20170823NCLG02017,9,3,HOME
20170823OBSK02017,1,4,AWAY
20170823SSWO02017,5,1,HOME
20170824KTNC02017,7,1,HOME
20170824LGLT02017,11,0,HOME
20170824SKSS02017,7,9,AWAY
20170824WOOB02017,6,5,HOME
20170825HTHH02017,6,3,HOME
20170825KTNC02017,7,5,HOME
20170825LGLT02017,8,2,HOME
20170825SKSS02017,5,7,AWAY
20170825WOOB02017,4,3,HOME
20170826HHSK02017,2,1,HOME
20170826HTNC02017,7,8,AWAY
20170826KTSS02017,14,8,HOME
20170826LGOB02017,5,4,HOME
20170826WOLT02017,6,1,HOME
20170827HHSK02017,4,2,HOME
20170827HTNC02017,5,4,HOME
20170827KTSS02017,2,3,AWAY
20170827LGOB02017,1,1,DRAW
20170827WOLT02017,8,9,AWAY
20170829HTSS02017,9,10,AWAY
20170829LGHH02017,8,4,HOME
20170829LTOB02017,7,5,HOME
20170829NCKT02017,2,13,AWAY
20170829SKWO02017,8,4,HOME
20170830HTSS02017,1,5,AWAY
20170830LGHH02017,5,6,AWAY
20170830LTOB02017,2,5,AWAY
20170830NCKT02017,9,5,HOME
20170830SKWO02017,10,0,HOME
20170831KTHH02017,10,1,HOME
20170831NCLT02017,8,5,HOME
20170831OBHT02017,9,4,HOME
20170831SSSK02017,5,4,HOME
20170831WOLG02017,3,5,AWAY
20170901KTHH02017,1,6,AWAY
20170901NCLT02017,6,1,HOME
20170901OBHT02017,5,3,HOME
20170901SSSK02017,8,7,HOME
20170901WOLG02017,6,2,HOME
20170902HHLT02017,9,0,HOME
20170902HTWO02017,4,7,AWAY
20170902LGNC02017,6,0,HOME
20170902SKKT02017,7,15,AWAY
20170902SSOB02017,2,3,AWAY
20170903HHLT02017,7,2,HOME
20170903HTWO02017,8,7,HOME
20170903LGNC02017,5,0,HOME
20170903SKKT02017,13,5,HOME
20170903SSOB02017,7,1,HOME
20170905HTLG02017,4,3,HOME
20170905LTSK02017,6,2,HOME
20170905NCSS02017,9,3,HOME
20170905OBHH02017,6,4,HOME
20170905WOKT02017,5,1,HOME
20170906HTLG02017,6,0,HOME
20170906OBHH02017,9,13,AWAY
20170906WOKT02017,5,4,HOME
20170907HHHT02017,2,11,AWAY
20170907KTOB02017,3,7,AWAY
20170907LGWO02017,1,1,DRAW
20170907SKNC02017,4,3,HOME
20170907SSLT02017,5,6,AWAY
20170908HHHT02017,9,5,HOME
20170908KTOB02017,3,2,HOME
20170908LGWO02017,9,10,AWAY
20170908SKNC02017,4,2,HOME
20170908SSLT02017,6,5,HOME
20170909LTKT02017,3,2,HOME
20170909NCHH02017,6,3,HOME
20170909OBLG02017,4,3,HOME
20170909SSHT02017,6,5,HOME
20170909WOSK02017,2,1,HOME
20170910LTKT02017,5,7,AWAY
20170910NCHH02017,5,11,AWAY
20170910OBLG02017,1,5,AWAY
20170910SSHT02017,6,9,AWAY
20170910WOSK02017,17,8,HOME
20170912HHSS02017,2,6,AWAY
20170912HTSK02017,2,6,AWAY
20170912KTWO02017,2,3,AWAY
20170912LTLG02017,1,2,AWAY
20170912OBNC02017,13,14,AWAY
20170913HHSS02017,13,5,HOME
20170913HTSK02017,15,10,HOME
20170913KTWO02017,8,0,HOME
20170913LTLG02017,3,1,HOME
20170913OBNC02017,3,13,AWAY
20170914HTLT02017,2,11,AWAY
20170914LGKT02017,12,11,HOME
20170914SKOB02017,6,8,AWAY
20170914SSNC02017,11,11,DRAW
20170914WOHH02017,10,2,HOME
20170915HTLT02017,4,3,HOME
20170915LGKT02017,5,4,HOME
20170915SKOB02017,0,5,AWAY
20170915SSNC02017,3,11,AWAY
20170915WOHH02017,6,4,HOME
20170916HHLG02017,1,3,AWAY
20170916KTHT02017,17,3,HOME
20170916OBSS02017,5,9,AWAY
20170916SKLT02017,6,1,HOME
20170916WONC02017,15,14,HOME
20170917HHLG02017,8,1,HOME
20170917KTHT02017,4,3,HOME
20170917OBSS02017,8,21,AWAY
20170917SKLT02017,9,5,HOME
20170917WONC02017,6,14,AWAY
20170919KTLG02017,7,15,AWAY
20170919OBLT02017,3,8,AWAY
20170919SKHT02017,4,7,AWAY
20170920HHLG02017,1,2,AWAY
20170920OBNC02017,2,3,AWAY
20170920SKHT02017,3,4,AWAY
20170921LGSS02017,8,4,HOME
20170921WOKT02017,3,5,AWAY
20170922LGSS02017,4,8,AWAY
20170922LTHH02017,0,2,AWAY
20170922OBHT02017,0,6,AWAY
20170923KTHT02017,8,3,HOME
20170923LGNC02017,9,11,AWAY
20170923SSHH02017,8,7,DRAW
20170923WOLT02017,7,2,HOME
20170924HHHT02017,0,5,AWAY
20170924KTOB02017,6,4,HOME
20170924LGNC02017,4,3,HOME
20170926HHLT02017,11,8,HOME
20170926LGHT02017,6,0,HOME
20170927NCSS02017,1,11,AWAY
20170927OBKT02017,3,2,HOME
20170928HTHH02017,4,7,AWAY
20170928LGKT02017,6,15,AWAY
20170929HTHH02017,2,7,AWAY
20170929LTSK02017,2,7,AWAY
20170929OBLG02017,3,5,AWAY
20170929WONC02017,8,4,HOME
20170930SKHH02017,1,4,AWAY
20170930SSLG02017,4,3,HOME
20170930WONC02017,11,4,HOME
20171001HTKT02017,20,2,HOME
20171001OBHH02017,4,6,AWAY
20171001SSLG02017,3,10,AWAY
20171002HTKT02017,3,5,AWAY
20171003HTKT02017,2,10,AWAY
20171003LGLT02017,4,2,HOME
20171003NCHH02017,8,8,DRAW
20171003SKOB02017,2,3,AWAY
20171003WOSS02017,10,9,HOME
20180313LGLT02018,3,4,AWAY
20180313OBHT02018,5,4,HOME
20180313SKNC02018,4,8,AWAY
20180313SSKT02018,3,2,HOME
20180313WOHH02018,4,5,AWAY
20180314LGLT02018,2,4,AWAY
20180314OBHT02018,2,5,AWAY
20180314SKNC02018,1,6,AWAY
20180314SSKT02018,9,4,HOME
20180314WOHH02018,13,5,HOME
20180316KTHH02018,4,6,AWAY
20180316LGNC02018,2,1,HOME
20180316OBLT02018,9,5,HOME
20180316SKSS02018,1,7,AWAY
20180316WOHT02018,4,3,HOME
20180317HTSS02018,4,11,AWAY
20180317LGOB02018,9,5,HOME
20180317LTKT02018,10,17,AWAY
20180317NCHH02018,4,3,HOME
20180317WOSK02018,8,4,HOME
20180318HTSS02018,5,8,AWAY
20180318LTKT02018,4,3,HOME
20180318NCHH02018,2,1,HOME
20180318OBLG02018,4,1,HOME
20180318WOSK02018,3,3,DRAW
20180320HHOB02018,14,2,HOME
20180320KTSK02018,1,5,AWAY
20180320LGWO02018,3,5,AWAY
20180320NCSS02018,7,4,HOME
20180321LGWO02018,10,1,HOME
20180324HHWO02018,6,3,HOME
20180324KTHT02018,4,5,AWAY
20180324LGNC02018,4,2,HOME
20180324LTSK02018,6,5,HOME
20180324SSOB02018,3,6,AWAY
20180325HHWO02018,1,4,AWAY
20180325KTHT02018,14,1,HOME
20180325LGNC02018,7,1,HOME
20180325LTSK02018,5,0,HOME
20180325SSOB02018,5,4,HOME
20180327HHNC02018,9,6,HOME
20180327KTSK02018,8,5,HOME
20180327LGWO02018,5,4,HOME
20180327LTOB02018,5,0,HOME
20180327SSHT02018,17,0,HOME
20180328HHNC02018,2,6,AWAY
20180328KTSK02018,5,8,AWAY
20180328LGWO02018,3,9,AWAY
20180328LTOB02018,6,5,HOME
20180328SSHT02018,0,6,AWAY
20180329HHNC02018,4,1,HOME
20180329KTSK02018,1,7,AWAY
20180329LGWO02018,9,4,HOME
20180329LTOB02018,4,1,HOME
20180329SSHT02018,7,0,HOME
20180330HTLG02018,3,4,AWAY
20180330NCLT02018,5,7,AWAY
20180330OBKT02018,2,6,AWAY
20180330SKHH02018,4,8,AWAY
20180330WOSS02018,8,10,AWAY
20180331HTLG02018,6,4,HOME
20180331NCLT02018,5,10,AWAY
20180331OBKT02018,20,8,HOME
20180331SKHH02018,1,12,AWAY
20180331WOSS02018,2,4,AWAY
20180401HTLG02018,6,5,HOME
20180401NCLT02018,3,2,HOME
20180401OBKT02018,9,4,HOME
20180401SKHH02018,1,13,AWAY
20180401WOSS02018,6,5,HOME
20180403HTSK02018,13,3,HOME
20180403KTWO02018,1,7,AWAY
20180403LGOB02018,5,4,HOME
20180403LTHH02018,17,11,HOME
20180403SSNC02018,4,3,HOME
20180404HTSK02018,6,9,AWAY
20180404KTWO02018,10,2,HOME
20180404LGOB02018,6,3,HOME
20180404LTHH02018,7,6,HOME
20180404SSNC02018,4,1,HOME
20180405KTWO02018,4,3,HOME
20180405SSNC02018,1,4,AWAY
20180406LGLT02018,6,14,AWAY
20180406WOHT02018,11,5,HOME
20180407HHKT02018,10,2,HOME
20180407LGLT02018,7,2,HOME
20180407NCOB02018,6,3,HOME
20180407SSSK02018,4,3,HOME
20180407WOHT02018,5,1,HOME
20180408HHKT02018,8,12,AWAY
20180408LGLT02018,2,4,AWAY
20180408NCOB02018,11,10,HOME
20180408SSSK02018,4,12,AWAY
20180408WOHT02018,4,3,HOME
20180410HTHH02018,4,3,HOME
20180410KTNC02018,4,5,AWAY
20180410OBSS02018,1,8,AWAY
20180410SKLG02018,1,4,AWAY
20180410WOLT02018,4,3,HOME
20180411HTHH02018,6,4,HOME
20180411KTNC02018,4,12,AWAY
20180411OBSS02018,6,7,AWAY
20180411SKLG02018,3,0,HOME
20180411WOLT02018,12,0,HOME
20180412HTHH02018,15,4,HOME
20180412KTNC02018,2,7,AWAY
20180412OBSS02018,3,9,AWAY
20180412SKLG02018,5,4,HOME
20180412WOLT02018,3,5,AWAY
20180413KTLG02018,3,1,HOME
20180413LTHT02018,4,8,AWAY
20180413NCSK02018,4,2,HOME
20180413OBWO02018,0,12,AWAY
20180413SSHH02018,2,4,AWAY
20180414KTLG02018,8,0,HOME
20180414NCSK02018,7,0,HOME
20180414OBWO02018,7,6,HOME
20180414SSHH02018,14,2,HOME
20180415KTLG02018,11,8,HOME
20180415NCSK02018,3,2,HOME
20180415OBWO02018,2,3,AWAY
20180415SSHH02018,7,4,HOME
20180417HHOB02018,2,5,AWAY
20180417LGHT02018,5,4,HOME
20180417NCWO02018,2,3,AWAY
20180417SKKT02018,5,9,AWAY
20180417SSLT02018,6,11,AWAY
20180418HHOB02018,5,4,HOME
20180418LGHT02018,4,3,HOME
20180418NCWO02018,0,1,AWAY
20180418SKKT02018,3,8,AWAY
20180418SSLT02018,9,7,HOME
20180419HHOB02018,5,2,HOME
20180419LGHT02018,8,4,HOME
20180419NCWO02018,6,3,HOME
20180419SKKT02018,5,6,AWAY
20180419SSLT02018,0,6,AWAY
20180420HTOB02018,6,4,HOME
20180420KTSS02018,4,5,AWAY
20180420LGNC02018,4,9,AWAY
20180420SKLT02018,10,5,HOME
20180420WOHH02018,1,6,AWAY
20180421HTOB02018,10,5,HOME
20180421KTSS02018,4,1,HOME
20180421LGNC02018,3,6,AWAY
20180421SKLT02018,4,3,HOME
20180421WOHH02018,3,4,AWAY
20180422HTOB02018,4,14,AWAY
20180422KTSS02018,4,6,AWAY
20180422LGNC02018,4,5,AWAY
20180422SKLT02018,4,10,AWAY
20180422WOHH02018,1,10,AWAY
20180424LTKT02018,8,14,AWAY
20180424NCSS02018,7,2,HOME
20180424OBSK02018,9,10,AWAY
20180424WOLG02018,8,2,HOME
20180425HHHT02018,2,3,AWAY
20180425LTKT02018,4,5,AWAY
20180425NCSS02018,2,9,AWAY
20180425OBSK02018,7,6,HOME
20180425WOLG02018,2,1,HOME
20180426HHHT02018,1,3,AWAY
20180426LTKT02018,5,2,HOME
20180426NCSS02018,2,5,AWAY
20180426OBSK02018,5,4,HOME
20180426WOLG02018,11,1,HOME
20180427HHLT02018,5,3,HOME
20180427HTKT02018,3,8,AWAY
20180427OBNC02018,2,6,AWAY
20180427SKWO02018,3,8,AWAY
20180427SSLG02018,9,2,HOME
20180428HHLT02018,2,4,AWAY
20180428HTKT02018,9,2,HOME
20180428OBNC02018,5,1,HOME
20180428SKWO02018,4,6,AWAY
20180428SSLG02018,6,4,HOME
20180429HHLT02018,4,3,HOME
20180429HTKT02018,5,3,HOME
20180429OBNC02018,1,7,AWAY
20180429SKWO02018,8,5,HOME
20180429SSLG02018,7,8,AWAY
20180501HTLT02018,4,0,HOME
20180501KTOB02018,4,2,HOME
20180501LGHH02018,6,5,HOME
20180501SKSS02018,3,12,AWAY
20180501WONC02018,4,13,AWAY
20180502HTLT02018,6,12,AWAY
20180502LGHH02018,4,3,HOME
20180502SKSS02018,4,7,AWAY
20180502WONC02018,13,8,HOME
20180503HTLT02018,5,4,HOME
20180503KTOB02018,2,3,AWAY
20180503LGHH02018,7,3,HOME
20180503SKSS02018,8,4,HOME
20180503WONC02018,9,13,AWAY
20180504HHSS02018,6,9,AWAY
20180504LTSK02018,5,4,HOME
20180504NCHT02018,5,6,AWAY
20180504OBLG02018,8,11,AWAY
20180504WOKT02018,1,11,AWAY
20180505HHSS02018,8,3,HOME
20180505LTSK02018,1,8,AWAY
20180505NCHT02018,12,4,HOME
20180505OBLG02018,0,3,AWAY
20180505WOKT02018,1,10,AWAY
20180506NCHT02018,11,3,HOME
20180506OBLG02018,5,13,AWAY
20180508HHWO02018,9,10,AWAY
20180508LTLG02018,2,4,AWAY
20180508OBHT02018,10,0,HOME
20180508SKNC02018,9,0,HOME
20180508SSKT02018,4,9,AWAY
20180509HHWO02018,1,4,AWAY
20180509LTLG02018,3,2,HOME
20180509OBHT02018,7,13,AWAY
20180509SKNC02018,5,6,AWAY
20180509SSKT02018,4,5,AWAY
20180510HHWO02018,1,3,AWAY
20180510LTLG02018,2,7,AWAY
20180510OBHT02018,6,5,HOME
20180510SKNC02018,2,6,AWAY
20180510SSKT02018,5,4,HOME
20180511HTSS02018,8,3,HOME
20180511KTLT02018,6,2,HOME
20180511LGSK02018,9,14,AWAY
20180511NCHH02018,2,4,AWAY
20180511WOOB02018,5,10,AWAY
20180513HTSS02018,7,8,AWAY
20180513KTLT02018,3,1,HOME
20180513LGSK02018,10,0,HOME
20180513NCHH02018,4,0,HOME
20180513WOOB02018,1,2,AWAY
20180515HTWO02018,1,2,AWAY
20180515KTHH02018,0,3,AWAY
20180515LGSS02018,4,2,HOME
20180515LTNC02018,3,5,AWAY
20180515SKOB02018,6,4,HOME
20180516HTWO02018,8,7,HOME
20180516KTHH02018,5,4,HOME
20180516LGSS02018,7,8,AWAY
20180516SKOB02018,5,3,HOME
20180517HTWO02018,8,2,HOME
20180517KTHH02018,5,3,HOME
20180517LGSS02018,5,8,AWAY
20180517LTNC02018,0,7,AWAY
20180518HHLG02018,3,4,AWAY
20180518NCKT02018,1,6,AWAY
20180518OBLT02018,1,7,AWAY
20180518SKHT02018,5,1,HOME
20180518SSWO02018,0,5,AWAY
20180519HHLG02018,1,2,AWAY
20180519NCKT02018,3,2,HOME
20180519OBLT02018,15,2,HOME
20180519SKHT02018,2,1,HOME
20180519SSWO02018,6,3,HOME
20180520HHLG02018,6,2,HOME
20180520NCKT02018,18,3,HOME
20180520OBLT02018,6,7,AWAY
20180520SKHT02018,8,3,HOME
20180520SSWO02018,3,4,AWAY
20180522KTHT02018,8,5,HOME
20180522LTSS02018,10,4,HOME
20180522NCLG02018,6,1,HOME
20180522OBHH02018,8,7,HOME
20180522WOSK02018,4,10,AWAY
20180523KTHT02018,8,9,AWAY
20180523LTSS02018,6,4,HOME
20180523NCLG02018,12,2,HOME
20180523OBHH02018,5,3,HOME
20180523WOSK02018,13,2,HOME
20180524KTHT02018,1,13,AWAY
20180524LTSS02018,9,2,HOME
20180524NCLG02018,4,0,HOME
20180524OBHH02018,1,7,AWAY
20180524WOSK02018,3,1,HOME
20180525HHSK02018,5,1,HOME
20180525HTNC02018,2,14,AWAY
20180525LGKT02018,13,7,HOME
20180525LTWO02018,13,2,HOME
20180525SSOB02018,1,6,AWAY
20180526HHSK02018,7,2,HOME
20180526HTNC02018,5,0,HOME
20180526LGKT02018,0,5,AWAY
20180526LTWO02018,3,2,HOME
20180526SSOB02018,6,1,HOME
20180527HHSK02018,5,7,AWAY
20180527HTNC02018,1,12,AWAY
20180527LGKT02018,8,7,HOME
20180527LTWO02018,4,6,AWAY
20180527SSOB02018,8,2,HOME
20180529KTSS02018,4,14,AWAY
20180529LGLT02018,3,5,AWAY
20180529NCHH02018,7,2,HOME
20180529WOHT02018,8,12,AWAY
20180530KTSS02018,4,3,HOME
20180530LGLT02018,5,15,AWAY
20180530NCHH02018,10,4,HOME
20180530SKOB02018,11,3,HOME
20180530WOHT02018,1,6,AWAY
20180531KTSS02018,6,0,HOME
20180531LGLT02018,10,11,AWAY
20180531NCHH02018,4,5,AWAY
20180531SKOB02018,6,4,HOME
20180531WOHT02018,5,0,HOME
20180601HHLT02018,6,13,AWAY
20180601KTSK02018,8,1,HOME
20180601OBHT02018,3,5,AWAY
20180601SSNC02018,3,5,AWAY
20180601WOLG02018,3,1,HOME
20180602HHLT02018,2,3,AWAY
20180602KTSK02018,6,1,HOME
20180602OBHT02018,0,10,AWAY
20180602SSNC02018,4,6,AWAY
20180602WOLG02018,10,6,HOME
20180603HHLT02018,6,0,HOME
20180603KTSK02018,3,6,AWAY
20180603OBHT02018,12,11,HOME
20180603SSNC02018,7,8,AWAY
20180603WOLG02018,8,0,HOME
20180605HHLG02018,7,3,HOME
20180605HTKT02018,2,11,AWAY
20180605LTNC02018,6,12,AWAY
20180605OBWO02018,13,6,HOME
20180605SSSK02018,6,2,HOME
20180606HHLG02018,1,5,AWAY
20180606HTKT02018,2,5,AWAY
20180606LTNC02018,5,10,AWAY
20180606OBWO02018,3,7,AWAY
20180606SSSK02018,7,2,HOME
20180607HHLG02018,6,5,HOME
20180607HTKT02018,1,2,AWAY
20180607LTNC02018,5,4,HOME
20180607OBWO02018,0,3,AWAY
20180607SSSK02018,2,6,AWAY
20180608HTLT02018,9,6,HOME
20180608LGSS02018,5,9,AWAY
20180608NCOB02018,6,1,HOME
20180608SKHH02018,7,5,HOME
20180608WOKT02018,5,11,AWAY
20180609HTLT02018,5,7,AWAY
20180609LGSS02018,0,6,AWAY
20180609NCOB02018,3,0,HOME
20180609SKHH02018,2,4,AWAY
20180609WOKT02018,5,2,HOME
20180610LGSS02018,12,3,HOME
20180610NCOB02018,6,3,HOME
20180610SKHH02018,4,3,HOME
20180610WOKT02018,1,6,AWAY
20180612HHWO02018,2,6,AWAY
20180612KTOB02018,3,2,HOME
20180612LGNC02018,8,4,HOME
20180612SKHT02018,4,0,HOME
20180612SSLT02018,2,4,AWAY
20180613HHWO02018,4,2,HOME
20180613KTOB02018,6,4,HOME
20180613LGNC02018,6,3,HOME
20180613SKHT02018,4,5,AWAY
20180613SSLT02018,10,9,HOME
20180614HHWO02018,8,9,AWAY
20180614KTOB02018,9,8,HOME
20180614LGNC02018,11,7,HOME
20180614SKHT02018,2,9,AWAY
20180614SSLT02018,9,11,AWAY
20180615HTLG02018,4,3,HOME
20180615KTNC02018,5,4,HOME
20180615LTSK02018,6,14,AWAY
20180615OBHH02018,4,13,AWAY
20180615SSWO02018,9,2,HOME
20180616HTLG02018,4,3,HOME
20180616KTNC02018,5,1,HOME
20180616LTSK02018,3,9,AWAY
20180616OBHH02018,3,8,AWAY
20180616SSWO02018,9,1,HOME
20180617HTLG02018,9,6,HOME
20180617KTNC02018,4,5,AWAY
20180617LTSK02018,7,13,AWAY
20180617OBHH02018,11,6,HOME
20180617SSWO02018,12,8,HOME
20180619LGHH02018,0,4,AWAY
20180619LTKT02018,7,9,AWAY
20180619SKSS02018,6,6,DRAW
20180619WOOB02018,5,6,AWAY
20180620LGHH02018,11,7,HOME
20180620LTKT02018,4,11,AWAY
20180620NCHT02018,6,5,HOME
20180620SKSS02018,6,4,HOME
20180620WOOB02018,5,8,AWAY
20180621LGHH02018,9,6,HOME
20180621LTKT02018,5,5,DRAW
20180621NCHT02018,4,7,AWAY
20180621SKSS02018,1,5,AWAY
20180621WOOB02018,9,3,HOME
20180622HHNC02018,0,5,AWAY
20180622HTWO02018,5,8,AWAY
20180622LTLG02018,2,1,HOME
20180622OBSS02018,16,14,HOME
20180622SKKT02018,9,13,AWAY
20180623HHNC02018,1,8,AWAY
20180623HTWO02018,9,4,HOME
20180623LTLG02018,18,8,HOME
20180623OBSS02018,4,11,AWAY
20180623SKKT02018,4,7,AWAY
20180624HHNC02018,3,5,AWAY
20180624HTWO02018,10,14,AWAY
20180624LTLG02018,2,2,DRAW
20180624OBSS02018,7,12,AWAY
20180624SKKT02018,4,0,HOME
20180626OBNC02018,5,4,HOME
20180626SSHH02018,2,13,AWAY
20180626WOLT02018,3,9,AWAY
20180627HTSK02018,3,2,HOME
20180627KTLG02018,7,2,HOME
20180627OBNC02018,3,6,AWAY
20180627SSHH02018,4,0,HOME
20180627WOLT02018,9,8,HOME
20180628OBNC02018,0,9,AWAY
20180628SSHH02018,8,3,HOME
20180628WOLT02018,8,6,HOME
20180629HTOB02018,4,7,AWAY
20180629LGSK02018,10,1,HOME
20180629LTHH02018,5,2,HOME
20180629NCKT02018,7,3,HOME
20180629WOSS02018,7,8,AWAY
20180630HTOB02018,12,2,HOME
20180630LGSK02018,6,3,HOME
20180630LTHH02018,6,5,HOME
20180630NCKT02018,1,0,HOME
20180701WOSS02018,1,3,AWAY
20180703HHHT02018,9,2,HOME
20180703NCLG02018,6,13,AWAY
20180703SKWO02018,3,9,AWAY
20180704HHHT02018,6,4,HOME
20180704NCLG02018,13,3,HOME
20180704OBLT02018,4,7,AWAY
20180704SKWO02018,7,6,HOME
20180704SSKT02018,6,5,HOME
20180705HHHT02018,2,8,AWAY
20180705NCLG02018,3,5,AWAY
20180705OBLT02018,2,9,AWAY
20180705SKWO02018,3,2,HOME
20180705SSKT02018,2,2,DRAW
20180706HHSK02018,6,0,HOME
20180706KTLT02018,11,9,HOME
20180706LGHT02018,13,4,HOME
20180706NCWO02018,6,2,HOME
20180706SSOB02018,13,6,HOME
20180707HHSK02018,5,4,HOME
20180707KTLT02018,1,9,AWAY
20180707LGHT02018,10,13,AWAY
20180707NCWO02018,6,4,HOME
20180707SSOB02018,8,3,HOME
20180708HHSK02018,2,5,AWAY
20180708KTLT02018,10,5,HOME
20180708LGHT02018,1,8,AWAY
20180708NCWO02018,1,2,AWAY
20180708SSOB02018,1,11,AWAY
20180710HTNC02018,8,6,HOME
20180710LTSS02018,6,3,HOME
20180710OBKT02018,9,1,HOME
20180710SKLG02018,3,10,AWAY
20180710WOHH02018,4,1,HOME
20180711HTNC02018,5,1,HOME
20180711LTSS02018,4,2,HOME
20180711OBKT02018,0,6,AWAY
20180711SKLG02018,3,1,HOME
20180711WOHH02018,8,22,AWAY
20180712HTNC02018,4,3,HOME
20180712LTSS02018,8,4,HOME
20180712OBKT02018,11,4,HOME
20180712SKLG02018,4,7,AWAY
20180712WOHH02018,4,1,HOME
20180717HHKT02018,1,8,AWAY
20180717LGWO02018,3,9,AWAY
20180717LTOB02018,6,12,AWAY
20180717NCSK02018,10,4,HOME
20180717SSHT02018,6,3,HOME
20180718HHKT02018,4,2,HOME
20180718LGWO02018,7,8,AWAY
20180718LTOB02018,5,4,HOME
20180718NCSK02018,3,4,AWAY
20180718SSHT02018,1,7,AWAY
20180719HHKT02018,8,7,HOME
20180719LGWO02018,3,8,AWAY
20180719LTOB02018,7,1,HOME
20180719NCSK02018,3,0,HOME
20180719SSHT02018,2,6,AWAY
20180720HHSS02018,0,1,AWAY
20180720KTHT02018,6,4,HOME
20180720OBLG02018,4,5,AWAY
20180720SKLT02018,2,6,AWAY
20180720WONC02018,10,8,HOME
20180721HHSS02018,4,3,HOME
20180721KTHT02018,8,2,HOME
20180721OBLG02018,10,17,AWAY
20180721SKLT02018,3,4,AWAY
20180721WONC02018,3,6,AWAY
20180722HHSS02018,5,4,HOME
20180722KTHT02018,5,6,AWAY
20180722OBLG02018,1,6,AWAY
20180722SKLT02018,12,4,HOME
20180722WONC02018,3,6,AWAY
20180724HTHH02018,5,0,HOME
20180724KTWO02018,6,9,AWAY
20180724NCLT02018,2,3,AWAY
20180724OBSK02018,3,1,HOME
20180724SSLG02018,1,11,AWAY
20180725HTHH02018,3,11,AWAY
20180725KTWO02018,7,3,HOME
20180725NCLT02018,6,9,AWAY
20180725OBSK02018,11,5,HOME
20180725SSLG02018,0,1,AWAY
20180726HTHH02018,6,3,HOME
20180726KTWO02018,4,7,AWAY
20180726NCLT02018,13,1,HOME
20180726OBSK02018,8,3,HOME
20180726SSLG02018,7,5,HOME
20180727HHOB02018,7,16,AWAY
20180727HTSS02018,11,10,HOME
20180727LGKT02018,9,7,HOME
20180727LTWO02018,2,9,AWAY
20180727SKNC02018,1,0,HOME
20180728HHOB02018,13,6,HOME
20180728HTSS02018,3,2,HOME
20180728LGKT02018,11,10,HOME
20180728LTWO02018,7,11,AWAY
20180728SKNC02018,3,7,AWAY
20180729HHOB02018,3,1,HOME
20180729HTSS02018,13,1,HOME
20180729LGKT02018,4,7,AWAY
20180729LTWO02018,3,4,AWAY
20180729SKNC02018,4,3,HOME
20180731KTHH02018,4,5,AWAY
20180731LGOB02018,6,2,HOME
20180731LTHT02018,4,1,HOME
20180731NCSS02018,4,4,DRAW
20180731WOSK02018,1,3,AWAY
20180801KTHH02018,4,3,HOME
20180801LGOB02018,14,8,HOME
20180801LTHT02018,8,1,HOME
20180801NCSS02018,5,9,AWAY
20180801WOSK02018,14,8,HOME
20180802KTHH02018,5,3,HOME
20180802LGOB02018,6,5,HOME
20180802LTHT02018,6,9,AWAY
20180802NCSS02018,3,2,HOME
20180802WOSK02018,3,4,AWAY
20180804NCHH02018,5,7,AWAY
20180804OBHT02018,13,5,HOME
20180804SKLG02018,2,9,AWAY
20180804SSLT02018,5,4,HOME
20180804WOKT02018,1,3,AWAY
20180805NCHH02018,8,10,AWAY
20180805OBHT02018,6,3,HOME
20180805SKLG02018,3,12,AWAY
20180805SSLT02018,2,8,AWAY
20180805WOKT02018,2,20,AWAY
20180807HHOB02018,6,4,HOME
20180807HTWO02018,9,1,HOME
20180807KTNC02018,10,12,AWAY
20180807LGLT02018,4,3,HOME
20180807SSSK02018,8,10,AWAY
20180808HHOB02018,2,8,AWAY
20180808HTWO02018,7,6,HOME
20180808KTNC02018,7,3,HOME
20180808LGLT02018,2,1,HOME
20180808SSSK02018,12,0,HOME
20180809LTHT02018,4,11,AWAY
20180809OBKT02018,2,4,AWAY
20180809SKNC02018,6,3,HOME
20180809SSLG02018,6,9,AWAY
20180809WOHH02018,5,16,AWAY
20180810OBKT02018,7,1,HOME
20180810SKNC02018,8,12,AWAY
20180810SSLG02018,12,10,HOME
20180810WOHH02018,4,9,AWAY
20180811HTSK02018,4,18,AWAY
20180811KTHH02018,5,3,HOME
20180811LGWO02018,13,8,HOME
20180811LTOB02018,5,2,HOME
20180811NCSS02018,1,7,AWAY
20180812HTSK02018,8,21,AWAY
20180812KTHH02018,5,4,HOME
20180812LGWO02018,11,3,HOME
20180812LTOB02018,11,12,AWAY
20180812NCSS02018,9,2,HOME
20180814HHLT02018,9,4,HOME
20180814LGHT02018,14,8,HOME
20180814NCKT02018,10,0,HOME
20180814SKOB02018,6,3,HOME
20180814WOSS02018,10,11,AWAY
20180815LGHT02018,4,13,AWAY
20180815NCKT02018,9,13,AWAY
20180815SKOB02018,2,12,AWAY
20180815WOSS02018,2,3,AWAY
20180816HHSS02018,5,2,HOME
20180816HTLT02018,8,6,HOME
20180816LGSK02018,3,14,AWAY
20180816NCKT02018,5,3,HOME
20180816WOOB02018,8,2,HOME
20180904HTOB02018,5,10,AWAY
20180904LGKT02018,4,3,HOME
20180904LTHH02018,6,4,HOME
20180904SSNC02018,3,5,AWAY
20180904WOSK02018,3,7,AWAY
20180905HTOB02018,14,1,HOME
20180905LGKT02018,3,4,AWAY
20180905LTHH02018,11,5,HOME
20180905SSNC02018,3,5,AWAY
20180905WOSK02018,12,11,HOME
20180906HHKT02018,2,9,AWAY
20180906NCLG02018,6,3,HOME
20180906OBSS02018,2,6,AWAY
20180906SKLT02018,10,0,HOME
20180906WOHT02018,7,2,HOME
20180907HHKT02018,12,4,HOME
20180907NCLG02018,1,11,AWAY
20180907OBSS02018,2,7,AWAY
20180907SKLT02018,0,3,AWAY
20180907WOHT02018,7,5,HOME
20180908HHLG02018,5,1,HOME
20180908KTWO02018,6,12,AWAY
20180908LTNC02018,7,1,HOME
20180908OBSK02018,0,3,AWAY
20180908SSHT02018,12,4,HOME
20180909HHLG02018,8,5,HOME
20180909KTWO02018,6,4,HOME
20180909LTNC02018,11,3,HOME
20180909OBSK02018,14,2,HOME
20180909SSHT02018,5,6,AWAY
20180911HHSS02018,7,8,AWAY
20180911HTNC02018,10,7,HOME
20180911KTSK02018,4,3,HOME
20180911OBLT02018,4,17,AWAY
20180911WOLG02018,1,3,AWAY
20180912HHSS02018,3,7,AWAY
20180912HTNC02018,5,4,HOME
20180912KTSK02018,8,3,HOME
20180912OBLT02018,9,13,AWAY
20180912WOLG02018,5,4,HOME
20180913KTOB02018,10,3,HOME
20180913LGSS02018,5,6,AWAY
20180913SKHH02018,1,2,AWAY
20180914HTLT02018,5,9,AWAY
20180914KTOB02018,7,2,HOME
20180914LGSS02018,6,1,HOME
20180914SKHH02018,5,7,AWAY
20180914WONC02018,7,3,HOME
20180915LGHH02018,4,12,AWAY
20180915NCOB02018,7,13,AWAY
20180915SKHT02018,4,2,HOME
20180915SSKT02018,5,7,AWAY
20180915WOLT02018,5,6,AWAY
20180916LGHH02018,5,1,HOME
20180916NCOB02018,5,1,HOME
20180916SKHT02018,7,6,HOME
20180916SSKT02018,4,2,HOME
20180916WOLT02018,0,2,AWAY
20180918HHNC02018,10,3,HOME
20180918HTSS02018,3,18,AWAY
20180918LTLG02018,1,4,AWAY
20180918OBWO02018,10,7,HOME
20180918SKKT02018,9,5,HOME
20180919HHNC02018,4,7,AWAY
20180919HTSS02018,9,8,HOME
20180919LTLG02018,11,15,AWAY
20180919OBWO02018,5,4,HOME
20180919SKKT02018,8,18,AWAY
20180920HHSK02018,2,8,AWAY
20180920KTLT02018,11,10,HOME
20180920NCHT02018,7,6,HOME
20180920OBLG02018,3,9,AWAY
20180920SSWO02018,3,2,HOME
20180921HHSK02018,5,4,HOME
20180921NCHT02018,6,4,HOME
20180921OBLG02018,3,10,AWAY
20180921SSWO02018,3,10,AWAY
20180922HTHH02018,5,11,AWAY
20180922KTLG02018,1,6,AWAY
20180922LTSS02018,2,5,AWAY
20180922OBNC02018,10,13,AWAY
20180922SKWO02018,8,2,HOME
20180923HTHH02018,8,6,HOME
20180923KTLG02018,5,4,HOME
20180923LTSS02018,5,2,HOME
20180923OBNC02018,4,3,HOME
20180923SKWO02018,4,0,HOME
20180925HTKT02018,7,9,AWAY
20180925LGSK02018,16,7,HOME
20180925NCLT02018,8,7,HOME
20180925SSHH02018,1,8,AWAY
20180925WOOB02018,13,2,HOME
20180926HTKT02018,9,2,HOME
20180926LGSK02018,5,2,HOME
20180926NCLT02018,10,7,HOME
20180926SSHH02018,8,4,HOME
20180926WOOB02018,9,8,HOME
20180927HTLG02018,9,1,HOME
20180927KTSS02018,7,6,HOME
20180927LTWO02018,6,8,AWAY
20180927NCSK02018,11,4,HOME
20180927OBHH02018,9,6,HOME
20180928HTLG02018,2,6,AWAY
20180928KTSS02018,5,5,DRAW
20180928LTWO02018,9,8,HOME
20180928NCSK02018,6,2,HOME
20180928OBHH02018,5,4,HOME
20180929HHHT02018,4,3,HOME
20180929LGOB02018,9,8,HOME
20180929LTKT02018,3,8,AWAY
20180929NCWO02018,6,5,HOME
20180929SKSS02018,9,3,HOME
20180930HHHT02018,6,4,HOME
20180930LGOB02018,7,1,HOME
20180930LTKT02018,7,8,AWAY
20180930NCWO02018,8,2,HOME
20180930SKSS02018,4,8,AWAY
20181002KTLG02018,10,6,HOME
20181002LTSK02018,6,8,AWAY
20181002NCHT02018,5,6,AWAY
20181003HTSS02018,20,5,HOME
20181003KTLG02018,3,4,AWAY
20181003LTHH02018,7,6,HOME
20181004HTSK02018,3,7,AWAY
20181004LTHH02018,2,7,AWAY
20181006HHLT02018,8,5,HOME
20181006HTSK12018,4,8,AWAY
20181006HTSK22018,7,5,HOME
20181006LGOB02018,1,3,AWAY
20181006SSKT02018,6,1,HOME
20181006WONC02018,6,5,HOME
20181007HTOB02018,7,4,HOME
20181007LTNC02018,2,8,AWAY
20181009HHKT02018,6,10,AWAY
20181009HTLT02018,11,10,HOME
20181009SSSK02018,4,8,AWAY
20181010HHHT02018,6,1,HOME
20181010KTLT12018,1,10,AWAY
20181010KTLT22018,0,7,AWAY
20181010SKOB02018,5,12,AWAY
20181011LTHT02018,0,4,AWAY
20181011SKOB02018,8,3,HOME
20181012LTHT02018,6,4,HOME
20181012NCOB02018,13,2,HOME
20181012WOKT02018,5,10,AWAY
20181013KTOB02018,3,4,AWAY
20181013LGSK02018,2,3,AWAY
20181013LTHT02018,1,5,AWAY
20181013NCHH02018,10,8,HOME
20181013WOSS02018,12,5,HOME
20181014OBLT02018,1,5,AWAY
20190312KTSS02019,13,12,HOME
20190312LGWO02019,4,1,HOME
20190312NCLT02019,6,4,HOME
20190312OBHH02019,3,2,HOME
20190312SKHT02019,4,1,HOME
20190313KTSS02019,6,1,HOME
20190313LGWO02019,4,8,AWAY
20190313NCLT02019,0,5,AWAY
20190313OBHH02019,9,2,HOME
20190313SKHT02019,3,3,DRAW
20190314KTHT02019,9,5,HOME
20190314LTWO02019,8,3,HOME
20190314NCSS02019,4,6,AWAY
20190314OBLG02019,2,13,AWAY
20190314SKHH02019,5,3,HOME
20190315LTWO02019,4,3,HOME
20190315NCSS02019,1,3,AWAY
20190315SKHH02019,2,8,AWAY
20190316LGSS02019,4,7,AWAY
20190316LTHH02019,6,1,HOME
20190316NCHT02019,2,2,DRAW
20190316OBWO02019,2,3,AWAY
20190316SKKT02019,2,6,AWAY
20190317LGSS02019,5,7,AWAY
20190317LTHH02019,6,8,AWAY
20190317NCHT02019,6,5,HOME
20190317OBWO02019,1,3,AWAY
20190317SKKT02019,1,3,AWAY
20190319HHNC02019,2,5,AWAY
20190319HTWO02019,4,3,HOME
20190319LGKT02019,3,3,DRAW
20190319OBSK02019,3,2,HOME
20190319SSLT02019,6,0,HOME
20190320HHNC02019,3,2,HOME
20190320HTWO02019,2,0,HOME
20190320OBSK02019,1,0,HOME
20190320SSLT02019,4,3,HOME
20190323HHOB02019,5,4,HOME
20190323KTSK02019,7,4,HOME
20190323LGHT02019,0,2,AWAY
20190323SSNC02019,7,0,HOME
20190323WOLT02019,4,7,AWAY
20190324HHOB02019,1,11,AWAY
20190324KTSK02019,6,3,HOME
20190324LGHT02019,3,9,AWAY
20190324SSNC02019,3,4,AWAY
20190324WOLT02019,6,2,HOME
20190326HHHT02019,7,13,AWAY
20190326KTNC02019,9,8,HOME
20190326LGSK02019,3,6,AWAY
20190326SSLT02019,7,2,HOME
20190326WOOB02019,7,2,HOME
20190327HHHT02019,9,4,HOME
20190327KTNC02019,4,1,HOME
20190327LGSK02019,2,1,HOME
20190327SSLT02019,4,23,AWAY
20190327WOOB02019,3,2,HOME
20190328HHHT02019,6,4,HOME
20190328KTNC02019,6,2,HOME
20190328LGSK02019,3,1,HOME
20190328SSLT02019,7,12,AWAY
20190328WOOB02019,4,5,AWAY
20190329HTKT02019,6,3,HOME
20190329LTLG02019,2,1,HOME
20190329NCHH02019,9,0,HOME
20190329OBSS02019,2,3,AWAY
20190329SKWO02019,2,5,AWAY
20190330HTKT02019,6,2,HOME
20190330LTLG02019,1,7,AWAY
20190330NCHH02019,13,5,HOME
20190330OBSS02019,2,4,AWAY
20190330SKWO02019,3,1,HOME
20190331HTKT02019,2,4,AWAY
20190331LTLG02019,6,5,HOME
20190331NCHH02019,3,6,AWAY
20190331OBSS02019,4,9,AWAY
20190331SKWO02019,7,8,AWAY
20190402HTSS02019,1,4,AWAY
20190402KTOB02019,9,0,HOME
20190402LGHH02019,6,2,HOME
20190402LTSK02019,0,5,AWAY
20190402WONC02019,6,8,AWAY
20190403HTSS02019,6,3,HOME
20190403KTOB02019,5,1,HOME
20190403LGHH02019,0,7,AWAY
20190403LTSK02019,1,3,AWAY
20190403WONC02019,9,1,HOME
20190404HTSS02019,12,7,HOME
20190404KTOB02019,5,4,HOME
20190404LGHH02019,2,1,HOME
20190404LTSK02019,7,6,HOME
20190404WONC02019,5,6,AWAY
20190405HHLT02019,5,2,HOME
20190405LGKT02019,0,13,AWAY
20190405NCOB02019,3,7,AWAY
20190405SSSK02019,3,0,HOME
20190405WOHT02019,6,4,HOME
20190406HHLT02019,9,7,HOME
20190406LGKT02019,2,1,HOME
20190406NCOB02019,5,6,AWAY
20190406SSSK02019,2,1,HOME
20190406WOHT02019,4,14,AWAY
20190407HHLT02019,1,16,AWAY
20190407LGKT02019,4,3,HOME
20190407NCOB02019,3,5,AWAY
20190407SSSK02019,3,2,HOME
20190409KTWO02019,7,3,HOME
20190410KTWO02019,4,2,HOME
20190410NCHT02019,2,1,HOME
20190410OBLT02019,1,3,AWAY
20190410SKHH02019,3,8,AWAY
20190410SSLG02019,5,6,AWAY
20190411KTWO02019,1,8,AWAY
20190411NCHT02019,2,4,AWAY
20190411OBLT02019,1,5,AWAY
20190411SKHH02019,0,1,AWAY
20190411SSLG02019,5,2,HOME
20190412HHWO02019,5,3,HOME
20190412HTSK02019,4,4,DRAW
20190412KTSS02019,5,0,HOME
20190412LTNC02019,2,1,HOME
20190412OBLG02019,3,0,HOME
20190413HHWO02019,5,3,HOME
20190413HTSK02019,4,6,AWAY
20190413KTSS02019,3,5,AWAY
20190413LTNC02019,7,5,HOME
20190413OBLG02019,5,2,HOME
20190414HHWO02019,2,3,AWAY
20190414HTSK02019,2,4,AWAY
20190414KTSS02019,14,12,HOME
20190414LTNC02019,8,1,HOME
20190414OBLG02019,0,8,AWAY
20190416HHKT02019,4,2,HOME
20190416HTLT02019,10,9,HOME
20190416LGNC02019,2,7,AWAY
20190416SKOB02019,8,3,HOME
20190416WOSS02019,0,4,AWAY
20190417HHKT02019,5,8,AWAY
20190417HTLT02019,8,6,HOME
20190417LGNC02019,2,4,AWAY
20190417SKOB02019,12,3,HOME
20190417WOSS02019,3,5,AWAY
20190418HHKT02019,6,5,HOME
20190418HTLT02019,10,9,HOME
20190418LGNC02019,1,6,AWAY
20190418SKOB02019,3,4,AWAY
20190418WOSS02019,5,4,HOME
20190419KTLT02019,5,6,AWAY
20190419NCSK02019,11,14,AWAY
20190419OBHT02019,6,8,AWAY
20190419SSHH02019,4,3,HOME
20190419WOLG02019,3,13,AWAY
20190420KTLT02019,5,4,HOME
20190420NCSK02019,10,4,HOME
20190420OBHT02019,1,10,AWAY
20190420SSHH02019,12,5,HOME
20190420WOLG02019,3,7,AWAY
20190421KTLT02019,3,6,AWAY
20190421NCSK02019,4,1,HOME
20190421OBHT02019,2,9,AWAY
20190421SSHH02019,0,16,AWAY
20190421WOLG02019,5,3,HOME
20190423HTLG02019,9,2,HOME
20190423NCKT02019,3,4,AWAY
20190423OBWO02019,3,9,AWAY
20190424HTLG02019,10,3,HOME
20190424LTHH02019,5,4,HOME
20190424NCKT02019,2,10,AWAY
20190424OBWO02019,8,3,HOME
20190424SKSS02019,8,9,AWAY
20190425OBWO02019,9,6,HOME
20190425SKSS02019,3,4,AWAY
20190426HTWO02019,8,4,HOME
20190426LTOB02019,11,8,HOME
20190426SKKT02019,0,2,AWAY
20190427HHNC02019,15,1,HOME
20190427HTWO02019,4,6,AWAY
20190427LGSS02019,0,8,AWAY
20190427LTOB02019,7,0,HOME
20190427SKKT02019,1,2,AWAY
20190428HHNC02019,10,4,HOME
20190428HTWO02019,13,5,HOME
20190428LGSS02019,1,2,AWAY
20190428LTOB02019,9,2,HOME
20190428SKKT02019,0,3,AWAY
20190430KTLG02019,10,9,HOME
20190430NCLT02019,6,1,HOME
20190430OBHH02019,2,1,HOME
20190430SSHT02019,8,0,HOME
20190430WOSK02019,5,15,AWAY
20190501KTLG02019,3,2,HOME
20190501NCLT02019,5,9,AWAY
20190501OBHH02019,4,1,HOME
20190501SSHT02019,2,10,AWAY
20190501WOSK02019,2,0,HOME
20190502KTLG02019,5,4,HOME
20190502NCLT02019,6,7,AWAY
20190502OBHH02019,4,5,AWAY
20190502SSHT02019,8,1,HOME
20190502WOSK02019,8,10,AWAY
20190503HTNC02019,4,8,AWAY
20190503KTHH02019,4,5,AWAY
20190503LGOB02019,7,2,HOME
20190503SKLT02019,7,11,AWAY
20190503SSWO02019,8,3,HOME
20190504HTNC02019,4,1,HOME
20190504KTHH02019,10,9,HOME
20190504LGOB02019,3,2,HOME
20190504SKLT02019,4,10,AWAY
20190504SSWO02019,1,3,AWAY
20190505HTNC02019,10,3,HOME
20190505KTHH02019,6,4,HOME
20190505LGOB02019,11,2,HOME
20190505SKLT02019,3,4,AWAY
20190505SSWO02019,12,2,HOME
20190507HHSK02019,11,2,HOME
20190507HTOB02019,4,3,HOME
20190507LGWO02019,10,12,AWAY
20190507LTKT02019,7,2,HOME
20190507NCSS02019,6,3,HOME
20190508HHSK02019,17,2,HOME
20190508HTOB02019,1,0,HOME
20190508LGWO02019,6,0,HOME
20190508LTKT02019,5,4,HOME
20190508NCSS02019,2,0,HOME
20190509HHSK02019,1,6,AWAY
20190509HTOB02019,3,5,AWAY
20190509LGWO02019,2,1,HOME
20190509LTKT02019,6,13,AWAY
20190509NCSS02019,6,4,HOME
20190510HHLG02019,2,5,AWAY
20190510LTSS02019,5,12,AWAY
20190510OBNC02019,12,11,HOME
20190510SKHT02019,1,4,AWAY
20190510WOKT02019,7,6,HOME
20190511HHLG02019,6,4,HOME
20190511LTSS02019,9,2,HOME
20190511OBNC02019,0,12,AWAY
20190511SKHT02019,3,10,AWAY
20190511WOKT02019,2,6,AWAY
20190512HHLG02019,2,0,HOME
20190512LTSS02019,9,10,AWAY
20190512OBNC02019,2,3,AWAY
20190512SKHT02019,3,4,AWAY
20190512WOKT02019,9,3,HOME
20190514KTHT02019,1,6,AWAY
20190514LGLT02019,4,0,HOME
20190514SKNC02019,8,2,HOME
20190514SSOB02019,3,4,AWAY
20190514WOHH02019,7,3,HOME
20190515KTHT02019,4,7,AWAY
20190515LGLT02019,8,4,HOME
20190515SKNC02019,3,7,AWAY
20190515SSOB02019,3,1,HOME
20190515WOHH02019,5,4,HOME
20190516KTHT02019,3,6,AWAY
20190516LGLT02019,2,3,AWAY
20190516SKNC02019,5,2,HOME
20190516SSOB02019,4,1,HOME
20190516WOHH02019,15,6,HOME
20190517HTHH02019,2,5,AWAY
20190517LTWO02019,7,0,HOME
20190517NCLG02019,2,13,AWAY
20190517OBSK02019,1,3,AWAY
20190517SSKT02019,3,14,AWAY
20190518HTHH02019,5,2,HOME
20190518LTWO02019,13,1,HOME
20190518NCLG02019,3,9,AWAY
20190518OBSK02019,5,10,AWAY
20190518SSKT02019,2,0,HOME
20190519HTHH02019,0,5,AWAY
20190519LTWO02019,9,3,HOME
20190521HHSS02019,9,3,HOME
20190521LTHT02019,10,6,HOME
20190521NCWO02019,1,3,AWAY
20190521OBKT02019,12,7,HOME
20190521SKLG02019,2,4,AWAY
20190522HHSS02019,6,5,HOME
20190522LTHT02019,6,5,HOME
20190522NCWO02019,4,2,HOME
20190522OBKT02019,3,1,HOME
20190522SKLG02019,0,2,AWAY
20190523HHSS02019,2,1,HOME
20190523LTHT02019,3,1,HOME
20190523NCWO02019,2,4,AWAY
20190523OBKT02019,3,2,HOME
20190523SKLG02019,2,1,HOME
20190524HHOB02019,3,4,AWAY
20190524KTHT02019,7,5,HOME
20190524LGLT02019,8,5,HOME
20190524SKNC02019,2,4,AWAY
20190524WOSS02019,5,10,AWAY
20190525HHOB02019,7,4,HOME
20190525KTHT02019,10,3,HOME
20190525LGLT02019,5,6,AWAY
20190525SKNC02019,10,7,HOME
20190525WOSS02019,10,9,HOME
20190526HHOB02019,2,1,HOME
20190526KTHT02019,17,5,HOME
20190526LGLT02019,2,11,AWAY
20190526SKNC02019,1,2,AWAY
20190526WOSS02019,4,3,HOME
20190528HTHH02019,2,0,HOME
20190528KTSK02019,1,0,HOME
20190528LGWO02019,5,0,HOME
20190528LTNC02019,4,9,AWAY
20190528SSOB02019,4,1,HOME
20190529HTHH02019,1,3,AWAY
20190529KTSK02019,6,8,AWAY
20190529LGWO02019,2,4,AWAY
20190529LTNC02019,8,6,HOME
20190529SSOB02019,3,2,HOME
20190530HTHH02019,2,3,AWAY
20190530KTSK02019,3,2,HOME
20190530LGWO02019,3,6,AWAY
20190530LTNC02019,2,10,AWAY
20190530SSOB02019,1,2,AWAY
20190531HHSK02019,2,1,HOME
20190531NCLG02019,3,2,HOME
20190531OBKT02019,3,2,HOME
20190531SSLT02019,6,1,HOME
20190531WOHT02019,3,2,HOME
20190601HHSK02019,0,6,AWAY
20190601NCLG02019,5,1,HOME
20190601OBKT02019,13,3,HOME
20190601SSLT02019,5,2,DRAW
20190601WOHT02019,0,4,AWAY
20190602HHSK02019,5,2,HOME
20190602NCLG02019,1,4,AWAY
20190602OBKT02019,4,7,AWAY
20190602SSLT02019,3,8,AWAY
20190602WOHT02019,5,6,AWAY
20190604HHLT02019,3,2,HOME
20190604KTLG02019,8,4,HOME
20190604NCSS02019,3,1,HOME
20190604OBHT02019,2,7,AWAY
20190604SKWO02019,1,2,AWAY
20190605HHLT02019,3,6,AWAY
20190605KTLG02019,9,2,DRAW
20190605NCSS02019,4,3,HOME
20190605OBHT02019,4,5,AWAY
20190605SKWO02019,2,6,AWAY
20190606HHLT02019,3,4,AWAY
20190606KTLG02019,8,7,HOME
20190606NCSS02019,6,0,HOME
20190606OBHT02019,12,3,HOME
20190606SKWO02019,6,2,HOME
20190607HTNC02019,2,1,HOME
20190607LGHH02019,3,2,HOME
20190607LTKT02019,2,1,HOME
20190607SSSK02019,4,2,HOME
20190607WOOB02019,7,1,HOME
20190608HTNC02019,5,4,HOME
20190608LGHH02019,2,3,AWAY
20190608LTKT02019,6,2,HOME
20190608SSSK02019,8,0,HOME
20190608WOOB02019,4,5,AWAY
20190609HTNC02019,4,3,HOME
20190609LGHH02019,1,3,AWAY
20190609LTKT02019,2,0,HOME
20190609SSSK02019,0,9,AWAY
20190609WOOB02019,0,4,AWAY
20190611LTLG02019,1,1,DRAW
20190611OBHH02019,4,1,HOME
20190611SKKT02019,1,13,AWAY
20190611SSHT02019,7,1,HOME
20190611WONC02019,8,9,AWAY
20190612LTLG02019,4,3,HOME
20190612OBHH02019,6,9,AWAY
20190612SKKT02019,3,6,AWAY
20190612SSHT02019,7,3,HOME
20190612WONC02019,4,5,AWAY
20190613LTLG02019,4,3,HOME
20190613OBHH02019,2,7,AWAY
20190613SKKT02019,5,1,HOME
20190613SSHT02019,3,2,HOME
20190613WONC02019,3,1,HOME
20190614HHWO02019,8,7,HOME
20190614KTSS02019,7,4,HOME
20190614LGOB02019,7,4,HOME
20190614NCSK02019,7,3,HOME
20190615HHWO02019,8,3,HOME
20190615HTLT02019,7,0,HOME
20190615KTSS02019,7,10,AWAY
20190615LGOB02019,3,4,AWAY
20190615NCSK02019,4,0,HOME
20190616HHWO02019,9,6,HOME
20190616HTLT02019,10,5,HOME
20190616KTSS02019,1,3,AWAY
20190616LGOB02019,5,3,HOME
20190616NCSK02019,9,2,HOME
20190618KTWO02019,3,2,HOME
20190618LGSS02019,12,5,HOME
20190618LTHH02019,3,11,AWAY
20190618NCOB02019,10,7,HOME
20190618SKHT02019,4,2,HOME
20190619KTWO02019,8,2,HOME
20190619LGSS02019,6,9,AWAY
20190619LTHH02019,5,7,AWAY
20190619NCOB02019,1,0,HOME
20190619SKHT02019,1,7,AWAY
20190620KTWO02019,3,1,HOME
20190620LGSS02019,3,11,AWAY
20190620LTHH02019,10,7,HOME
20190620NCOB02019,14,2,HOME
20190620SKHT02019,8,5,HOME
20190621HTLG02019,9,8,HOME
20190621NCKT02019,5,0,HOME
20190621OBSK02019,14,1,HOME
20190621SSHH02019,2,5,AWAY
20190621WOLT02019,4,7,AWAY
20190622HTLG02019,2,3,AWAY
20190622NCKT02019,6,7,AWAY
20190622OBSK02019,3,0,HOME
20190622SSHH02019,5,0,HOME
20190622WOLT02019,4,1,HOME
20190623HTLG02019,0,7,AWAY
20190623NCKT02019,4,2,HOME
20190623OBSK02019,3,2,HOME
20190623SSHH02019,5,10,AWAY
20190623WOLT02019,2,1,HOME
20190625HHNC02019,3,14,AWAY
20190625HTWO02019,7,3,HOME
20190625KTLT02019,8,8,DRAW
20190625OBSS02019,11,2,HOME
20190625SKLG02019,3,8,AWAY
20190626HTWO02019,6,13,AWAY
20190626SKLG02019,4,7,AWAY
20190627HHNC02019,10,5,HOME
20190627HTWO02019,8,2,HOME
20190627KTLT02019,2,10,AWAY
20190627OBSS02019,1,9,AWAY
20190627SKLG02019,6,4,HOME
20190628HTKT02019,9,1,HOME
20190628LGNC02019,2,6,AWAY
20190628LTOB02019,3,2,HOME
20190628SKSS02019,9,3,HOME
20190628WOHH02019,5,6,AWAY
20190629HTKT02019,5,3,HOME
20190629LTOB02019,0,4,AWAY
20190630HTKT02019,4,3,HOME
20190630LGNC02019,9,1,HOME
20190630LTOB02019,0,4,AWAY
20190630SKSS02019,7,14,AWAY
20190630WOHH02019,4,6,AWAY
20190702HHLG02019,9,2,HOME
20190702LTSK02019,10,1,HOME
20190702NCHT02019,5,3,HOME
20190702OBWO02019,6,3,HOME
20190702SSKT02019,5,3,HOME
20190703HHLG02019,6,1,HOME
20190703LTSK02019,8,5,HOME
20190703NCHT02019,4,8,AWAY
20190703OBWO02019,1,3,AWAY
20190703SSKT02019,3,0,HOME
20190704HHLG02019,4,3,HOME
20190704LTSK02019,9,7,HOME
20190704NCHT02019,3,9,AWAY
20190704OBWO02019,1,4,AWAY
20190704SSKT02019,5,3,HOME
20190705KTHH02019,3,10,AWAY
20190705LGHT02019,6,1,HOME
20190705LTWO02019,14,1,HOME
20190705SKOB02019,6,8,AWAY
20190705SSNC02019,7,3,HOME
20190706KTHH02019,9,8,HOME
20190706LGHT02019,7,0,HOME
20190706LTWO02019,6,4,HOME
20190706SKOB02019,2,4,AWAY
20190706SSNC02019,2,2,DRAW
20190707KTHH02019,3,4,AWAY
20190707LGHT02019,9,10,AWAY
20190707LTWO02019,5,2,HOME
20190707SKOB02019,5,4,HOME
20190707SSNC02019,2,4,AWAY
20190709HTSS02019,3,2,HOME
20190709NCLT02019,4,1,HOME
20190709OBLG02019,4,11,AWAY
20190709SKHH02019,1,0,HOME
20190709WOKT02019,3,12,AWAY
20190711HTSS02019,4,2,HOME
20190711NCLT02019,0,4,AWAY
20190711OBLG02019,4,8,AWAY
20190711SKHH02019,1,5,AWAY
20190711WOKT02019,2,4,AWAY
20190712HHHT02019,5,0,HOME
20190712KTNC02019,9,8,HOME
20190712OBLT02019,2,1,HOME
20190712SSLG02019,3,6,AWAY
20190712WOSK02019,2,6,AWAY
20190713HHHT02019,5,10,AWAY
20190713KTNC02019,3,13,AWAY
20190713OBLT02019,3,4,AWAY
20190713SSLG02019,5,3,HOME
20190713WOSK02019,4,2,HOME
20190714HHHT02019,10,7,HOME
20190714KTNC02019,1,4,AWAY
20190714OBLT02019,2,8,AWAY
20190714SSLG02019,2,0,HOME
20190714WOSK02019,4,3,HOME
20190716KTOB02019,2,7,AWAY
20190716LGSK02019,10,4,HOME
20190716NCHH02019,2,3,AWAY
20190716SSWO02019,6,0,HOME
20190717KTOB02019,4,6,AWAY
20190717LGSK02019,8,2,HOME
20190717LTHT02019,3,1,HOME
20190717NCHH02019,1,14,AWAY
20190717SSWO02019,10,6,HOME
20190718KTOB02019,4,7,AWAY
20190718LGSK02019,5,12,AWAY
20190718LTHT02019,3,6,AWAY
20190718NCHH02019,4,7,AWAY
20190718SSWO02019,5,1,HOME
20190726HHSS02019,9,8,HOME
20190726NCWO02019,5,4,HOME
20190726SKLT02019,6,8,AWAY
20190727HHSS02019,7,6,HOME
20190727HTOB02019,12,1,HOME
20190727LGKT02019,2,5,AWAY
20190727NCWO02019,4,1,HOME
20190727SKLT02019,0,4,AWAY
20190728HHSS02019,13,6,HOME
20190728LGKT02019,1,10,AWAY
20190728NCWO02019,0,11,AWAY
20190728SKLT02019,0,3,AWAY
20190730HHKT02019,3,2,HOME
20190730HTSK02019,0,2,AWAY
20190730LTSS02019,5,2,HOME
20190730OBNC02019,1,9,AWAY
20190730WOLG02019,2,4,AWAY
20190731HHKT02019,2,5,AWAY
20190731HTSK02019,2,6,AWAY
20190731LTSS02019,4,8,AWAY
20190731OBNC02019,8,4,HOME
20190731WOLG02019,0,8,AWAY
20190801HHKT02019,1,3,AWAY
20190801HTSK02019,10,1,HOME
20190801LTSS02019,4,9,AWAY
20190801OBNC02019,2,3,AWAY
20190801WOLG02019,11,5,HOME
20190803KTWO02019,1,7,AWAY
20190803NCHT02019,5,1,HOME
20190803OBLT02019,2,1,HOME
20190803SKHH02019,0,3,AWAY
20190803SSLG02019,13,10,HOME
20190804KTWO02019,3,5,AWAY
20190804NCHT02019,1,0,HOME
20190804OBLT02019,9,4,HOME
20190804SKHH02019,8,2,HOME
20190804SSLG02019,1,2,AWAY
20190806HHOB02019,8,3,HOME
20190806KTSK02019,0,3,AWAY
20190806LGHT02019,4,17,AWAY
20190807HHOB02019,5,7,AWAY
20190807KTSK02019,5,2,HOME
20190807LGHT02019,10,5,HOME
20190807SSNC02019,2,1,HOME
20190807WOLT02019,4,16,AWAY
20190808HHHT02019,5,2,HOME
20190808KTOB02019,7,2,HOME
20190808LGNC02019,13,2,HOME
20190808LTSS02019,0,8,AWAY
20190808SKWO02019,1,6,AWAY
20190809HHHT02019,10,4,HOME
20190809KTOB02019,3,1,HOME
20190809LGNC02019,2,5,AWAY
20190809LTSS02019,3,6,AWAY
20190809SKWO02019,5,4,HOME
20190810HHKT02019,5,4,HOME
20190810HTSS02019,2,7,AWAY
20190810LTNC02019,7,4,HOME
20190810OBWO02019,10,2,HOME
20190810SKLG02019,0,2,AWAY
20190811HHKT02019,4,6,AWAY
20190811HTSS02019,5,4,HOME
20190811LTNC02019,9,1,HOME
20190811OBWO02019,7,12,AWAY
20190811SKLG02019,4,3,HOME
20190813KTLT02019,6,5,HOME
20190813NCHH02019,2,10,AWAY
20190813OBHT02019,2,5,AWAY
20190813SSSK02019,4,1,HOME
20190813WOLG02019,8,7,HOME
20190814KTLT02019,0,6,AWAY
20190814NCHH02019,9,3,HOME
20190814OBHT02019,4,1,HOME
20190814WOLG02019,0,14,AWAY
20190815HHLT02019,11,5,HOME
20190815NCWO02019,4,3,HOME
20190815SKHT02019,6,7,AWAY
20190816HHLT02019,1,2,AWAY
20190816LGOB02019,7,4,HOME
20190816NCWO02019,6,4,HOME
20190816SKHT02019,1,0,HOME
20190816SSKT02019,9,1,HOME
20190817HHWO02019,4,8,AWAY
20190817KTHT02019,3,4,AWAY
20190817LGSS02019,7,2,HOME
20190817LTOB02019,9,2,HOME
20190817SKNC02019,9,0,HOME
20190818HHWO02019,4,5,AWAY
20190818KTHT02019,1,2,AWAY
20190818LGSS02019,1,8,AWAY
20190818LTOB02019,11,3,HOME
20190818SKNC02019,7,4,HOME
20190820HTLG02019,15,3,HOME
20190820LTSK02019,5,0,HOME
20190820OBNC02019,3,2,HOME
20190820SSHH02019,0,5,AWAY
20190820WOKT02019,6,0,HOME
20190821HTLG02019,6,4,HOME
20190821LTSK02019,5,4,HOME
20190821WOKT02019,1,8,AWAY
20190822HHSK02019,8,6,HOME
20190822HTWO02019,5,5,DRAW
20190822LTKT02019,4,2,HOME
20190822NCLG02019,2,5,AWAY
20190822OBSS02019,1,13,AWAY
20190823HHSK02019,6,2,HOME
20190823HTWO02019,6,0,HOME
20190823LTKT02019,3,3,DRAW
20190823NCLG02019,8,2,HOME
20190823OBSS02019,4,8,AWAY
20190824HTSK02019,4,3,HOME
20190824KTLG02019,12,8,HOME
20190824NCLT02019,3,8,AWAY
20190824OBHH02019,3,13,AWAY
20190824WOSS02019,2,1,HOME
20190825HTSK02019,2,4,AWAY
20190825KTLG02019,3,7,AWAY
20190825NCLT02019,5,4,HOME
20190825OBHH02019,2,3,AWAY
20190825WOSS02019,8,21,AWAY
20190827KTNC02019,4,3,HOME
20190827LGLT02019,1,2,AWAY
20190827SKOB02019,4,2,HOME
20190827SSHT02019,1,10,AWAY
20190827WOHH02019,0,15,AWAY
20190828KTNC02019,2,8,AWAY
20190828LGLT02019,4,3,HOME
20190828SKOB02019,4,2,HOME
20190828SSHT02019,5,1,HOME
20190828WOHH02019,2,1,HOME
20190829HTNC02019,4,3,HOME
20190829LTWO02019,4,0,HOME
20190829OBKT02019,11,8,HOME
20190829SKSS02019,5,4,HOME
20190830HHLG02019,0,1,AWAY
20190830HTNC02019,2,8,AWAY
20190830LTWO02019,5,2,HOME
20190830OBKT02019,1,3,AWAY
20190830SKSS02019,0,2,AWAY
20190831KTHH02019,1,6,AWAY
20190831LGSK02019,4,6,AWAY
20190831LTHT02019,4,2,HOME
20190831SSOB02019,5,3,HOME
20190831WONC02019,3,9,AWAY
20190901KTHH02019,6,1,HOME
20190901LGSK02019,9,6,HOME
20190901LTHT02019,4,2,HOME
20190901SSOB02019,4,1,HOME
20190901WONC02019,4,2,HOME
20190903HTHH02019,5,6,AWAY
20190903LGKT02019,0,5,AWAY
20190903NCSK02019,8,1,HOME
20190903SSLT02019,4,5,AWAY
20190903WOOB02019,2,5,AWAY
20190904HTHH02019,0,1,AWAY
20190904SSLT02019,0,8,AWAY
20190905HHNC02019,0,3,AWAY
20190905SSWO02019,0,4,AWAY
20190906HHNC02019,4,0,HOME
20190906HTKT02019,5,2,HOME
20190906LTLG02019,5,2,HOME
20190906SSWO02019,6,1,HOME
20190907LTHH02019,5,1,HOME
20190907NCSS02019,2,8,AWAY
20190907WOHT02019,3,7,AWAY
20190908LTHH02019,0,12,AWAY
20190908NCSS02019,9,4,HOME
20190908OBLG02019,2,1,HOME
20190908SKKT02019,5,0,HOME
20190908WOHT02019,3,13,AWAY
20190910HTLT02019,8,4,HOME
20190910KTSS02019,3,2,HOME
20190910LGHH02019,2,5,AWAY
20190911HTLT02019,0,4,AWAY
20190911KTSS02019,11,8,HOME
20190911LGHH02019,9,5,HOME
20190911NCOB02019,0,4,AWAY
20190911WOSK02019,2,4,AWAY
20190912HTOB02019,5,0,HOME
20190912LGWO02019,3,2,HOME
20190912NCKT02019,4,7,AWAY
20190912SKLT02019,1,2,AWAY
20190913HHSS02019,4,5,AWAY
20190913HTOB02019,6,2,HOME
20190913LGWO02019,1,4,AWAY
20190913NCKT02019,2,5,AWAY
20190913SKLT02019,1,0,HOME
20190914HTLG02019,7,2,HOME
20190914LTHH02019,5,2,HOME
20190914OBSK02019,7,6,HOME
20190914SSNC02019,7,1,HOME
20190914WOKT02019,3,2,HOME
20190915KTSK02019,6,8,AWAY
20190915LTHH02019,1,7,AWAY
20190915OBLG02019,10,4,HOME
20190915SSNC02019,6,1,HOME
20190916HHSS02019,1,11,AWAY
20190916LGKT02019,2,4,AWAY
20190916WOOB02019,3,6,AWAY
20190917NCHT02019,3,2,HOME
20190917WOHH02019,1,0,HOME
20190918LGSS02019,3,4,AWAY
20190918LTHT02019,6,5,HOME
20190918NCSK02019,0,6,AWAY
20190919HTSS02019,12,2,HOME
20190919LGNC02019,5,3,HOME
20190919OBSK12019,4,6,AWAY
20190919OBSK22019,3,7,AWAY
20190920HTOB02019,6,2,HOME
20190920KTLT02019,0,7,AWAY
20190920SSHH02019,5,3,HOME
20190920WOSK02019,1,5,AWAY
20190921HTOB02019,5,3,HOME
20190921SSKT02019,3,6,AWAY
20190922LGOB02019,3,6,AWAY
20190923HHLG02019,1,9,AWAY
20190923HTKT02019,2,1,HOME
20190923NCLT02019,1,6,AWAY
20190924OBNC02019,7,7,DRAW
20190924SKKT02019,7,3,HOME
20190924SSLG02019,2,4,AWAY
20190924WOHT02019,5,0,HOME
20190925HHNC02019,2,3,AWAY
20190925OBLT02019,0,7,AWAY
20190925SSSK02019,1,0,HOME
20190926HHNC02019,2,4,AWAY
20190926HTLT02019,1,3,AWAY
20190926LGKT02019,3,4,AWAY
20190926OBSS02019,0,11,AWAY
20190927NCLG02019,0,3,AWAY
20190927SKSS02019,0,4,AWAY
20190928HHOB02019,7,6,HOME
20190928LGHT02019,7,1,HOME
20190928NCKT02019,5,2,HOME
20190928SKSS02019,9,7,HOME
20190929OBLG02019,0,3,AWAY
20190929SKHH02019,0,2,AWAY
20190929SSKT02019,7,0,HOME
20190929WOLT02019,1,4,AWAY
20190930LTLG02019,2,0,HOME
20190930SKHH02019,2,6,AWAY
20191001NCOB02019,6,5,HOME
20191001WOLT02019,1,3,AWAY
20200505HHSK02020,0,3,AWAY
20200505LTKT02020,2,7,AWAY
20200505NCSS02020,0,4,AWAY
20200505OBLG02020,8,2,HOME
20200505WOHT02020,2,11,AWAY
20200506HHSK02020,5,2,HOME
20200506LTKT02020,4,9,AWAY
20200506NCSS02020,3,4,AWAY
20200506OBLG02020,2,5,AWAY
20200506WOHT02020,2,3,AWAY
20200507HHSK02020,4,8,AWAY
20200507LTKT02020,3,7,AWAY
20200507NCSS02020,2,8,AWAY
20200507OBLG02020,3,9,AWAY
20200507WOHT02020,8,5,HOME
20200508HHWO02020,5,3,HOME
20200508HTSS02020,5,0,HOME
20200508KTOB02020,3,12,AWAY
20200508LGNC02020,13,5,HOME
20200508SKLT02020,9,8,HOME
20200509HHWO02020,5,3,HOME
20200509HTSS02020,14,2,HOME
20200510HHWO02020,6,3,HOME
20200510HTSS02020,3,12,AWAY
20200510KTOB02020,13,12,HOME
20200510LGNC02020,8,10,AWAY
20200510SKLT02020,4,0,HOME
20200512HTHH02020,1,2,AWAY
20200512KTNC02020,7,6,HOME
20200512OBLT02020,6,11,AWAY
20200512SKLG02020,9,5,HOME
20200512SSWO02020,3,2,HOME
20200513HTHH02020,3,4,AWAY
20200513KTNC02020,5,4,HOME
20200513OBLT02020,10,9,HOME
20200513SKLG02020,14,2,HOME
20200513SSWO02020,0,5,AWAY
20200514HTHH02020,4,1,HOME
20200514KTNC02020,1,0,HOME
20200514OBLT02020,4,7,AWAY
20200514SKLG02020,3,2,HOME
20200514SSWO02020,5,8,AWAY
20200515LTHH02020,2,1,HOME
20200515NCSK02020,2,6,AWAY
20200515OBHT02020,4,13,AWAY
20200515SSKT02020,14,6,HOME
20200516LTHH02020,1,5,AWAY
20200516NCSK02020,1,2,AWAY
20200516OBHT02020,13,4,HOME
20200516SSKT02020,10,4,HOME
20200516WOLG12020,3,1,HOME
20200516WOLG22020,5,3,HOME
20200517LTHH02020,5,4,HOME
20200517NCSK02020,5,11,AWAY
20200517OBHT02020,4,6,AWAY
20200517SSKT02020,9,2,HOME
20200517WOLG02020,4,9,AWAY
20200519HHKT02020,13,11,HOME
20200519LGSS02020,6,10,AWAY
20200519LTHT02020,9,2,HOME
20200519NCOB02020,4,5,AWAY
20200519SKWO02020,11,6,HOME
20200520HHKT02020,8,1,HOME
20200520LGSS02020,3,1,HOME
20200520LTHT02020,6,0,HOME
20200520NCOB02020,2,1,HOME
20200520SKWO02020,3,5,AWAY
20200521HHKT02020,4,9,AWAY
20200521LGSS02020,0,2,AWAY
20200521LTHT02020,6,1,HOME
20200521NCOB02020,6,12,AWAY
20200521SKWO02020,9,8,HOME
20200522HHNC02020,3,5,AWAY
20200522HTSK02020,1,2,AWAY
20200522KTLG02020,6,5,HOME
20200522OBSS02020,7,12,AWAY
20200522WOLT02020,9,7,HOME
20200523HHNC02020,3,0,HOME
20200523HTSK02020,3,8,AWAY
20200523KTLG02020,2,6,AWAY
20200523OBSS02020,6,10,AWAY
20200523WOLT02020,4,12,AWAY
20200524HHNC02020,10,5,HOME
20200524HTSK02020,4,3,HOME
20200524KTLG02020,9,7,HOME
20200524OBSS02020,13,0,HOME
20200524WOLT02020,2,0,HOME
20200526HTKT02020,1,4,AWAY
20200526LGHH02020,0,3,AWAY
20200526SKOB02020,6,4,HOME
20200526SSLT02020,1,0,HOME
20200526WONC02020,7,2,HOME
20200527HTKT02020,5,0,HOME
20200527LGHH02020,4,15,AWAY
20200527SKOB02020,4,2,HOME
20200527SSLT02020,1,11,AWAY
20200527WONC02020,10,3,HOME
20200528HTKT02020,6,5,HOME
20200528LGHH02020,0,3,AWAY
20200528SKOB02020,1,6,AWAY
20200528SSLT02020,1,3,AWAY
20200528WONC02020,9,6,HOME
20200529HHSK02020,8,6,HOME
20200529KTWO02020,5,1,HOME
20200529LGHT02020,2,6,AWAY
20200529LTOB02020,4,2,HOME
20200529NCSS02020,5,4,HOME
20200530HHSK02020,9,3,HOME
20200530KTWO02020,14,3,HOME
20200530LGHT02020,10,6,HOME
20200530LTOB02020,5,4,HOME
20200530NCSS02020,9,1,HOME
20200531HHSK02020,6,4,HOME
20200531KTWO02020,8,12,AWAY
20200531LGHT02020,5,13,AWAY
20200531LTOB02020,3,8,AWAY
20200531NCSS02020,7,18,AWAY
20200602LTHT02020,7,2,HOME
20200602OBKT02020,8,11,AWAY
20200602SKNC02020,2,8,AWAY
20200602SSLG02020,0,2,AWAY
20200602WOHH02020,3,15,AWAY
20200603LTHT02020,11,2,HOME
20200603OBKT02020,7,2,HOME
20200603SKNC02020,8,6,HOME
20200603SSLG02020,6,12,AWAY
20200603WOHH02020,2,6,AWAY
20200604LTHT02020,7,3,HOME
20200604OBKT02020,8,14,AWAY
20200604SKNC02020,10,0,HOME
20200604SSLG02020,11,0,HOME
20200604WOHH02020,3,7,AWAY
20200605HTOB02020,5,1,HOME
20200605KTLT02020,6,4,HOME
20200605LGWO02020,6,3,HOME
20200605NCHH02020,2,13,AWAY
20200605SSSK02020,4,1,HOME
20200606HTOB02020,4,3,HOME
20200606KTLT02020,1,0,HOME
20200606LGWO02020,5,4,HOME
20200606NCHH02020,2,14,AWAY
20200606SSSK02020,6,4,HOME
20200607HTOB02020,3,2,HOME
20200607KTLT02020,5,2,HOME
20200607LGWO02020,1,8,AWAY
20200607NCHH02020,2,8,AWAY
20200607SSSK02020,0,3,AWAY
20200609HHLT02020,9,3,HOME
20200609HTKT02020,2,3,AWAY
20200609OBNC02020,12,8,HOME
20200609SKLG02020,3,5,AWAY
20200609WOSS02020,3,5,AWAY
20200610HHLT02020,12,2,HOME
20200610HTKT02020,0,10,AWAY
20200610OBNC02020,1,9,AWAY
20200610WOSS02020,4,1,HOME
20200611HHLT02020,5,0,HOME
20200611HTKT02020,13,8,HOME
20200611OBNC02020,7,5,HOME
20200611SKLG12020,3,1,HOME
20200611SKLG22020,4,3,HOME
20200611WOSS02020,6,3,HOME
20200612HTSK02020,3,6,AWAY
20200612LTLG02020,3,2,HOME
20200612OBHH02020,2,5,AWAY
20200612WONC02020,2,3,AWAY
20200613HTSK02020,1,2,AWAY
20200613KTSS12020,5,3,HOME
20200613KTSS22020,4,7,AWAY
20200613LTLG02020,6,7,AWAY
20200613OBHH02020,7,6,HOME
20200613WONC02020,5,18,AWAY
20200614HTSK02020,4,3,HOME
20200614KTSS02020,12,0,HOME
20200614LTLG02020,10,6,HOME
20200614OBHH02020,3,2,HOME
20200614WONC02020,9,5,HOME
20200616KTSK02020,5,6,AWAY
20200616LGHH02020,5,9,AWAY
20200616LTWO02020,5,7,AWAY
20200616NCHT02020,7,4,HOME
20200616SSOB02020,3,4,AWAY
20200617KTSK02020,4,6,AWAY
20200617LGHH02020,1,7,AWAY
20200617LTWO02020,4,3,HOME
20200617NCHT02020,7,6,HOME
20200617SSOB02020,3,6,AWAY
20200618KTSK02020,3,5,AWAY
20200618LGHH02020,7,9,AWAY
20200618LTWO02020,3,2,HOME
20200618SSOB02020,7,3,HOME
20200619HHNC02020,3,1,HOME
20200619LTKT02020,9,8,HOME
20200619OBLG02020,10,18,AWAY
20200619SKWO02020,2,1,HOME
20200619SSHT02020,5,4,HOME
20200620HHNC02020,3,4,AWAY
20200620LTKT02020,0,8,AWAY
20200620OBLG02020,2,8,AWAY
20200620SKWO02020,9,3,HOME
20200620SSHT02020,6,3,HOME
20200621HHNC02020,9,7,HOME
20200621LTKT02020,3,2,HOME
20200621OBLG02020,1,3,AWAY
20200621SKWO02020,7,2,HOME
20200621SSHT02020,5,12,AWAY
20200623HHSS02020,11,4,HOME
20200623HTLT02020,4,3,HOME
20200623NCKT02020,3,4,AWAY
20200623OBSK02020,2,9,AWAY
20200623WOLG02020,3,8,AWAY
20200624HHSS02020,3,2,HOME
20200625HHSS02020,2,9,AWAY
20200625NCKT12020,1,3,AWAY
20200625NCKT22020,19,6,HOME
20200625OBSK12020,6,14,AWAY
20200625OBSK22020,7,0,HOME
20200625WOLG12020,2,5,AWAY
20200625WOLG22020,5,8,AWAY
20200626HTWO02020,6,8,AWAY
20200626KTHH02020,7,4,HOME
20200626LGSK02020,7,0,HOME
20200626NCOB02020,3,9,AWAY
20200626SSLT02020,4,6,AWAY
20200627HTWO02020,2,0,HOME
20200627KTHH02020,2,7,AWAY
20200627LGSK02020,0,3,AWAY
20200627NCOB02020,12,3,HOME
20200627SSLT02020,1,6,AWAY
20200628HTWO02020,1,0,HOME
20200628KTHH02020,4,8,AWAY
20200628LGSK02020,0,4,AWAY
20200628NCOB02020,0,5,AWAY
20200628SSLT02020,7,3,HOME
20200630KTLG02020,4,3,HOME
20200630LTNC02020,8,10,AWAY
20200630OBWO02020,11,2,HOME
20200630SKSS02020,4,1,HOME
20200701HHHT02020,4,3,HOME
20200701KTLG02020,5,11,AWAY
20200701LTNC02020,6,2,HOME
20200701OBWO02020,5,14,AWAY
20200701SKSS02020,7,1,HOME
20200702HHHT02020,7,1,HOME
20200702KTLG02020,3,4,AWAY
20200702LTNC02020,9,7,HOME
20200702OBWO02020,10,7,HOME
20200702SKSS02020,6,2,HOME
20200703HHOB02020,2,1,HOME
20200703HTNC02020,2,8,AWAY
20200703LGSS02020,9,7,HOME
20200703SKLT02020,4,7,AWAY
20200703WOKT02020,3,2,HOME
20200704HHOB02020,2,6,AWAY
20200704HTNC02020,9,2,HOME
20200704LGSS02020,7,6,HOME
20200704SKLT02020,10,4,HOME
20200704WOKT02020,6,10,AWAY
20200705HHOB02020,7,4,HOME
20200705HTNC02020,7,6,HOME
20200705LGSS02020,3,7,AWAY
20200705SKLT02020,3,6,AWAY
20200705WOKT02020,10,5,HOME
20200707KTHT02020,2,8,AWAY
20200707LGOB02020,9,6,HOME
20200707LTHH02020,7,6,HOME
20200707NCSK02020,4,5,AWAY
20200707SSWO02020,2,13,AWAY
20200708KTHT02020,4,7,AWAY
20200708LGOB02020,5,8,AWAY
20200708LTHH02020,2,6,AWAY
20200708NCSK02020,3,2,HOME
20200708SSWO02020,7,6,HOME
20200709KTHT02020,10,4,HOME
20200709LGOB02020,6,0,HOME
20200709LTHH02020,3,5,AWAY
20200709NCSK02020,2,8,AWAY
20200709SSWO02020,4,2,HOME
20200710NCLG02020,2,12,AWAY
20200710OBLT02020,5,10,AWAY
20200710SKHH02020,6,5,HOME
20200710SSKT02020,8,3,HOME
20200710WOHT02020,9,8,HOME
20200711NCLG02020,6,6,DRAW
20200711OBLT02020,5,4,HOME
20200711SKHH02020,3,5,AWAY
20200711SSKT02020,10,7,HOME
20200711WOHT02020,8,3,HOME
20200713SKHH02020,4,2,HOME
20200713WOHT02020,13,3,HOME
20200714HHKT02020,7,2,HOME
20200714HTSS02020,5,0,HOME
20200714LGLT02020,5,0,HOME
20200714NCWO02020,5,1,HOME
20200714SKOB02020,7,12,AWAY
20200715HHKT02020,3,7,AWAY
20200715HTSS02020,2,5,AWAY
20200715LGLT02020,3,9,AWAY
20200715NCWO02020,7,4,HOME
20200715SKOB02020,7,2,HOME
20200716HHKT02020,4,1,HOME
20200716HTSS02020,8,7,HOME
20200716LGLT02020,15,10,HOME
20200716NCWO02020,1,9,AWAY
20200716SKOB02020,4,2,HOME
20200717HHLG02020,8,0,HOME
20200717KTNC02020,3,3,DRAW
20200717LTSS02020,15,10,HOME
20200717OBHT02020,4,2,HOME
20200717WOSK02020,12,9,HOME
20200718HHLG02020,3,1,HOME
20200718KTNC02020,6,1,HOME
20200718LTSS02020,5,2,HOME
20200718OBHT02020,0,6,AWAY
20200718WOSK02020,1,4,AWAY
20200719HHLG02020,6,2,HOME
20200719KTNC02020,8,2,HOME
20200719LTSS02020,1,2,AWAY
20200719OBHT02020,4,8,AWAY
20200719WOSK02020,4,3,HOME
20200721HTHH02020,2,10,AWAY
20200721LGKT02020,10,9,HOME
20200721LTSK02020,8,7,HOME
20200721SSNC02020,6,5,HOME
20200721WOOB02020,6,1,HOME
20200722HTHH02020,1,2,AWAY
20200724LGOB02020,1,8,AWAY
20200724LTWO02020,2,4,AWAY
20200724NCKT02020,2,3,AWAY
20200724SKHH02020,4,7,AWAY
20200725LGOB02020,7,3,HOME
20200725LTWO02020,3,6,AWAY
20200725NCKT02020,6,2,HOME
20200725SSHT02020,8,2,HOME
20200726LGOB02020,3,4,AWAY
20200726LTWO02020,8,1,HOME
20200726NCKT02020,5,4,HOME
20200726SKHH02020,4,7,AWAY
20200726SSHT02020,8,5,HOME
20200727SKHH02020,5,5,DRAW
20200728LGSK02020,7,24,AWAY
20200728NCLT02020,11,9,HOME
20200728WOOB02020,2,6,AWAY
20200729HHSS02020,7,12,AWAY
20200729LGSK02020,6,11,AWAY
20200730HHSS02020,2,1,HOME
20200730KTHT02020,1,4,AWAY
20200730LGSK02020,1,9,AWAY
20200730WOOB02020,5,8,AWAY
20200731HHLG02020,1,2,AWAY
20200731HTLT02020,2,3,AWAY
20200731OBNC02020,10,7,HOME
20200731SKKT02020,11,1,HOME
20200731WOSS02020,3,10,AWAY
20200801HHLG02020,9,6,HOME
20200801HTLT02020,7,3,HOME
20200801OBNC02020,10,12,AWAY
20200801SKKT02020,11,0,HOME
20200801WOSS02020,7,22,AWAY
20200802HTLT02020,8,0,HOME
20200802OBNC02020,4,7,AWAY
20200802WOSS02020,2,4,AWAY
20200804KTWO02020,2,4,AWAY
20200804LGHT02020,5,15,AWAY
20200804LTSK02020,0,8,AWAY
20200804SSOB02020,3,6,AWAY
20200805KTWO02020,12,3,HOME
20200805LGHT02020,4,6,AWAY
20200805NCHH02020,8,5,HOME
20200805SSOB02020,2,2,DRAW
20200806KTWO02020,3,2,HOME
20200806LGHT02020,13,1,HOME
20200806LTSK02020,2,8,AWAY
20200806NCHH02020,1,4,AWAY
20200806SSOB02020,5,2,HOME
20200807LGWO02020,2,5,AWAY
20200807LTOB02020,4,8,AWAY
20200807SSSK02020,0,2,AWAY
20200808LGWO02020,5,1,HOME
20200808LTOB02020,1,1,DRAW
20200808NCHT02020,3,2,HOME
20200808SSSK02020,4,2,HOME
20200809KTHH02020,3,6,AWAY
20200809LGWO02020,2,1,HOME
20200809NCHT02020,1,8,AWAY
20200811HHWO02020,5,7,AWAY
20200811HTLG02020,4,8,AWAY
20200811OBSS02020,1,6,AWAY
20200811SKKT02020,6,1,HOME
20200812HHWO02020,3,2,HOME
20200812HTLG02020,8,0,HOME
20200812NCLT02020,8,4,HOME
20200812OBSS02020,8,15,AWAY
20200812SKKT02020,2,11,AWAY
20200813HHWO02020,6,3,HOME
20200813HTLG02020,4,2,HOME
20200813NCLT02020,2,9,AWAY
20200813OBSS02020,3,2,HOME
20200813SKKT02020,6,10,AWAY
20200814KTOB02020,3,5,AWAY
20200814LGNC02020,4,10,AWAY
20200814SKHT02020,7,6,HOME
20200814SSHH02020,1,10,AWAY
20200814WOLT02020,5,1,HOME
20200815KTOB02020,7,5,HOME
20200815LGNC02020,4,13,AWAY
20200815SKHT02020,10,3,HOME
20200815SSHH02020,0,2,AWAY
20200815WOLT02020,1,3,AWAY
20200816KTOB02020,1,4,AWAY
20200816LGNC02020,5,6,AWAY
20200816SKHT02020,8,5,HOME
20200816SSHH02020,3,2,HOME
20200816WOLT02020,3,6,AWAY
20200818HHSK02020,9,3,HOME
20200818HTLG02020,6,5,HOME
20200818KTSS02020,3,6,AWAY
20200818OBLT02020,2,9,AWAY
20200818WONC02020,5,1,HOME
20200819HHSK02020,26,6,HOME
20200819HTLG02020,10,1,HOME
20200819KTSS02020,4,6,AWAY
20200819OBLT02020,7,3,HOME
20200819WONC02020,4,6,AWAY
20200820KTHH02020,0,3,AWAY
20200820LGWO02020,6,5,HOME
20200820LTOB02020,5,6,AWAY
20200820NCHT02020,2,14,AWAY
20200820SSSK02020,3,8,AWAY
20200821KTHH02020,5,1,HOME
20200821LGWO02020,3,7,AWAY
20200821LTOB02020,1,0,HOME
20200821NCHT02020,4,10,AWAY
20200821SSSK02020,8,6,HOME
20200822HTWO02020,4,3,HOME
20200822LTSS02020,3,5,AWAY
20200822OBSK02020,1,8,AWAY
20200823HHLG02020,3,4,AWAY
20200823HTWO02020,7,8,AWAY
20200823LTSS02020,0,11,AWAY
20200823NCKT02020,10,1,HOME
20200823OBSK02020,1,8,AWAY
20200824HHLG02020,3,6,AWAY
20200824NCKT02020,8,1,HOME
20200825HHNC02020,11,3,HOME
20200825HTOB02020,10,8,HOME
20200825LGSS02020,4,3,HOME
20200825SKLT02020,8,10,AWAY
20200825WOKT02020,1,4,AWAY
20200826HHNC02020,9,5,HOME
20200826HTOB02020,5,7,AWAY
20200826LGSS02020,5,8,AWAY
20200826SKLT02020,3,1,HOME
20200826WOKT02020,6,5,HOME
20200827HTSK02020,10,4,HOME
20200827KTLG02020,2,0,HOME
20200827OBNC02020,8,2,HOME
20200827SSHH02020,7,0,HOME
20200827WOLT02020,6,11,AWAY
20200828HTSK02020,8,11,AWAY
20200828KTLG02020,6,5,HOME
20200828OBNC02020,4,11,AWAY
20200828WOLT02020,4,8,AWAY
20200829HHLT02020,9,7,HOME
20200829OBLG02020,5,5,DRAW
20200829SKNC02020,9,5,HOME
20200829SSWO02020,4,5,AWAY
20200830HHLT02020,6,2,HOME
20200830KTHT12020,5,8,AWAY
20200830KTHT22020,7,5,HOME
20200830OBLG02020,4,1,HOME
20200830SKNC02020,7,4,HOME
20200830SSWO02020,3,2,HOME
20200901HHOB02020,4,0,HOME
20200901LGSK02020,5,13,AWAY
20200901LTKT02020,11,2,HOME
20200901NCWO02020,2,5,AWAY
20200901SSHT02020,6,0,HOME
20200902NCWO02020,6,4,HOME
20200903HTLT02020,3,4,AWAY
20200903NCLG02020,6,5,HOME
20200903OBSS02020,11,10,HOME
20200903SKKT02020,6,2,HOME
20200903WOHH02020,5,6,AWAY
20200904HTLT12020,3,6,AWAY
20200904HTLT22020,9,7,HOME
20200904NCLG02020,5,5,DRAW
20200904OBSS02020,12,5,HOME
20200904SKKT12020,10,2,HOME
20200904SKKT22020,7,5,HOME
20200904WOHH02020,7,1,HOME
20200905HTHH02020,4,5,AWAY
20200905KTWO02020,1,8,AWAY
20200905SKOB02020,5,1,HOME
20200906HTHH02020,4,8,AWAY
20200906KTWO02020,7,8,AWAY
20200906LGLT02020,1,7,AWAY
20200906NCSS12020,5,3,HOME
20200906SKOB02020,10,0,HOME
20200907LGLT02020,12,6,HOME
20200908HHSS02020,2,4,AWAY
20200908KTOB02020,8,0,HOME
20200908LGHT02020,3,2,HOME
20200908LTNC02020,14,2,HOME
20200908WOSK02020,15,16,AWAY
20200909HHSS12020,4,4,DRAW
20200909HHSS22020,0,7,AWAY
20200909KTOB02020,2,4,AWAY
20200909LTNC02020,5,7,AWAY
20200909WOSK02020,4,13,AWAY
20200910KTNC02020,13,8,HOME
20200910OBHT02020,4,5,AWAY
20200910SKHH02020,1,5,AWAY
20200910SSLT02020,13,8,HOME
20200910WOLG02020,6,1,HOME
20200911KTNC02020,9,1,HOME
20200911SKHH02020,3,4,AWAY
20200911SSLT02020,12,4,HOME
20200911WOLG02020,2,8,AWAY
20200912HHKT02020,5,2,HOME
20200912HTNC02020,3,11,AWAY
20200912LTSK02020,2,1,HOME
20200912OBWO02020,2,0,HOME
20200912SSLG02020,1,5,AWAY
20200913HHKT02020,5,4,HOME
20200913HTNC02020,3,4,AWAY
20200913LTSK02020,3,1,HOME
20200913OBWO02020,6,6,DRAW
20200913SSLG02020,0,11,AWAY
20200915LGHH02020,6,5,HOME
20200915LTWO02020,5,8,AWAY
20200915NCOB02020,7,3,HOME
20200915SKHT02020,1,16,AWAY
20200915SSKT02020,0,7,AWAY
20200916LGHH02020,5,11,AWAY
20200916LTWO02020,2,8,AWAY
20200916NCOB02020,3,5,AWAY
20200916SKHT02020,6,7,AWAY
20200916SSKT02020,11,6,HOME
20200917HHWO02020,5,2,HOME
20200917HTSS02020,2,12,AWAY
20200917LTLG02020,9,1,HOME
20200917NCSK02020,0,3,AWAY
20200917OBKT02020,3,0,HOME
20200918HHWO02020,0,2,AWAY
20200918HTSS02020,5,13,AWAY
20200918LTLG02020,3,5,AWAY
20200918NCSK02020,5,9,AWAY
20200918OBKT02020,5,4,HOME
20200919HHHT02020,8,0,HOME
20200919KTSK02020,0,5,AWAY
20200919LGOB02020,6,9,AWAY
20200919NCLT02020,5,1,HOME
20200919WOSS02020,7,8,AWAY
20200920HHHT02020,3,11,AWAY
20200920KTSK02020,2,10,AWAY
20200920LGOB02020,6,5,HOME
20200920NCLT12020,2,7,AWAY
20200920NCLT22020,2,6,AWAY
20200920WOSS02020,14,6,HOME
20200922KTLT02020,8,0,HOME
20200922OBHH02020,5,1,HOME
20200922SKLG02020,7,2,HOME
20200922SSNC02020,3,2,HOME
20200922WOHT02020,0,2,AWAY
20200923KTLT02020,5,10,AWAY
20200923OBHH02020,6,5,HOME
20200923SKLG02020,6,2,HOME
20200923SSNC02020,8,7,HOME
20200923WOHT02020,1,13,AWAY
20200924HTKT02020,3,5,AWAY
20200924LGNC02020,12,8,HOME
20200924LTHH02020,7,4,HOME
20200924SKWO02020,6,1,HOME
20200924SSOB02020,1,0,HOME
20200925HTKT02020,7,3,HOME
20200925LGNC02020,7,1,HOME
20200925LTHH02020,6,5,HOME
20200925SKWO02020,6,8,AWAY
20200925SSOB02020,3,4,AWAY
20200926LGKT02020,1,3,AWAY
20200926LTHT02020,3,16,AWAY
20200926NCHH02020,1,13,AWAY
20200926SKSS02020,8,2,HOME
20200926WOOB02020,4,0,HOME
20200927LGKT02020,5,4,HOME
20200927LTHT02020,2,1,HOME
20200927NCHH02020,4,5,AWAY
20200927SKSS02020,1,12,AWAY
20200927WOOB12020,3,7,AWAY
20200927WOOB22020,6,1,HOME
20200929HTWO02020,6,10,AWAY
20200929KTSS02020,1,4,AWAY
20200929LTLG02020,5,8,AWAY
20200929OBHH02020,3,7,AWAY
20200929SKNC02020,3,0,HOME
20200930HTWO02020,2,3,AWAY
20200930KTSS02020,3,5,AWAY
20200930LTLG02020,5,3,HOME
20200930OBHH02020,10,0,HOME
20200930SKNC02020,12,3,HOME
20201001HTWO02020,1,3,AWAY
20201001KTSS02020,7,6,HOME
20201001LTLG02020,2,3,AWAY
20201001OBHH02020,12,4,HOME
20201001SKNC02020,10,2,HOME
20201002HHLT02020,4,1,HOME
20201002HTOB02020,14,3,HOME
20201002LGKT02020,5,2,HOME
20201002SSNC02020,2,8,AWAY
20201002WOSK02020,5,12,AWAY
20201003HHLT02020,10,0,HOME
20201003HTOB02020,7,2,HOME
20201003LGKT12020,2,7,AWAY
20201003LGKT22020,12,2,HOME
20201003SSNC12020,6,6,DRAW
20201003SSNC22020,12,2,HOME
20201003WOSK02020,9,3,HOME
20201004HHLT02020,14,5,HOME
20201004HTOB02020,7,1,HOME
20201004LGKT02020,8,13,AWAY
20201004SSNC02020,4,1,HOME
20201004WOSK02020,6,0,HOME
20201006HHHT02020,2,3,AWAY
20201006KTLT02020,10,9,HOME
20201006NCWO02020,2,1,HOME
20201006OBSK02020,4,9,AWAY
20201006SSLG02020,2,3,AWAY
20201007HHHT12020,6,4,HOME
20201007HHHT22020,0,5,AWAY
20201007KTLT02020,6,9,AWAY
20201007NCWO02020,3,4,AWAY
20201007OBSK02020,5,4,HOME
20201007SSLG02020,3,1,HOME
20201008HHHT02020,6,13,AWAY
20201008KTLT02020,5,6,AWAY
20201008NCWO02020,10,7,HOME
20201008OBSK02020,0,10,AWAY
20201008SSLG02020,1,0,HOME
20201009LTSS02020,7,3,HOME
20201009NCLG02020,4,0,HOME
20201009OBKT02020,0,4,AWAY
20201009SKHT02020,5,3,HOME
20201009WOHH02020,7,6,HOME
20201010LTSS02020,0,1,AWAY
20201010NCLG12020,5,0,HOME
20201010NCLG22020,9,5,HOME
20201010OBKT02020,8,13,AWAY
20201010SKHT02020,1,2,AWAY
20201010WOHH02020,0,3,AWAY
20201011LTSS02020,8,4,HOME
20201011NCLG02020,7,3,HOME
20201011OBKT02020,5,4,HOME
20201011SKHT02020,5,9,AWAY
20201011WOHH02020,9,3,HOME
20201013HHOB02020,5,0,HOME
20201013HTNC02020,9,11,AWAY
20201013LGLT02020,17,2,HOME
20201013SKSS02020,3,7,AWAY
20201013WOKT02020,7,3,HOME
20201014HHOB02020,2,1,HOME
20201014HTNC02020,8,3,HOME
20201014LGLT02020,3,0,HOME
20201014SKSS02020,2,1,HOME
20201014WOKT02020,3,5,AWAY
20201015HHOB02020,16,3,HOME
20201015HTNC02020,11,12,AWAY
20201015LGLT02020,2,6,AWAY
20201015SKSS02020,3,10,AWAY
20201015WOKT02020,0,4,AWAY
20201016HTLG02020,9,0,HOME
20201016KTSK02020,7,1,HOME
20201016LTNC02020,6,5,HOME
20201016OBWO02020,7,4,HOME
20201016SSHH02020,2,6,AWAY
20201017HTLG02020,11,8,HOME
20201017KTSK02020,4,6,AWAY
20201017LTNC02020,4,3,HOME
20201017OBWO02020,5,3,HOME
20201017SSHH12020,4,4,DRAW
20201017SSHH22020,2,4,AWAY
20201018HTLG02020,0,4,AWAY
20201018KTSK02020,5,7,AWAY
20201018LTNC02020,2,9,AWAY
20201018OBWO02020,2,8,AWAY
20201018SSHH02020,4,5,AWAY
20201020LGKT02020,6,7,AWAY
20201020NCHT02020,3,13,AWAY
20201020OBLT02020,1,6,AWAY
20201020SSSK02020,2,12,AWAY
20201021LTSK02020,11,3,HOME
20201021SSKT02020,2,1,HOME
20201022HTHH02020,4,10,AWAY
20201022KTOB02020,5,17,AWAY
20201022LTSK02020,9,8,HOME
20201023LGHT02020,4,8,AWAY
20201023LTSK02020,0,3,AWAY
20201023NCHH02020,11,6,HOME
20201023WOOB02020,2,6,AWAY
20201024LGNC02020,3,3,DRAW
20201024LTOB02020,2,1,HOME
20201024SSHT02020,7,11,AWAY
20201025LTKT02020,10,5,HOME
20201025SSHT02020,10,1,HOME
20201027HHOB02020,3,0,HOME
20201027KTHT02020,6,7,AWAY
20201027SKLT02020,1,0,HOME
20201027SSNC02020,2,12,AWAY
20201028HHLG02020,6,7,AWAY
20201028KTHT02020,4,3,HOME
20201028NCLT02020,1,7,AWAY
20201029KTHH02020,1,12,AWAY
20201029NCLT02020,4,11,AWAY
20201029OBHT02020,2,9,AWAY
20201030HTLT02020,13,2,HOME
20201030KTHH02020,4,3,HOME
20201030LGSK02020,3,2,HOME
20201030NCSS02020,4,4,DRAW
20201030WOOB02020,2,0,HOME
20201031NCHT02020,4,3,HOME
20210321HTSS02021,10,7,HOME
20210321KTOB02021,2,4,AWAY
20210321LGHH02021,3,2,HOME
20210321SKNC02021,11,3,HOME
20210321WOLT02021,6,1,HOME
20210322HHOB02021,5,12,AWAY
20210322HTNC02021,0,7,AWAY
20210322LGKT02021,9,3,HOME
20210322SKLT02021,10,3,HOME
20210322WOSS02021,5,5,DRAW
20210323HHOB02021,3,4,AWAY
20210323HTNC02021,1,11,AWAY
20210323LGKT02021,4,4,DRAW
20210323SKLT02021,3,2,HOME
20210323WOSS02021,3,3,DRAW
20210325HHKT02021,12,5,HOME
20210325LGOB02021,3,6,AWAY
20210325LTHT02021,1,3,AWAY
20210325SSSK02021,3,6,AWAY
20210325WONC02021,4,9,AWAY
20210326HHKT02021,5,6,AWAY
20210326LTHT02021,9,4,HOME
20210326OBLG02021,3,7,AWAY
20210326SSSK02021,10,10,DRAW
20210326WONC02021,7,7,DRAW
20210328LTHH02021,2,0,HOME
20210328NCKT02021,14,3,HOME
20210328SSLG02021,6,5,HOME
20210328WOHT02021,1,3,AWAY
20210329SKLG02021,2,1,HOME
20210330KTHT02021,3,6,AWAY
20210330NCLT02021,3,3,DRAW
20210330OBSS02021,5,6,AWAY
20210330SKLG02021,2,3,AWAY
20210330WOHH02021,9,2,HOME
20210403SSWO02021,6,1,HOME
20210404HHKT02021,3,2,HOME
20210404HTOB02021,4,1,HOME
20210404LGNC02021,1,2,AWAY
20210404LTSK02021,5,3,HOME
20210404SSWO02021,7,4,HOME
20210406HHSK02021,2,1,HOME
20210406HTWO02021,4,5,AWAY
20210406LGKT02021,2,3,AWAY
20210406LTNC02021,5,10,AWAY
20210406SSOB02021,6,3,HOME
20210407HHSK02021,0,17,AWAY
20210407HTWO02021,7,8,AWAY
20210407LGKT02021,7,3,HOME
20210407LTNC02021,10,6,HOME
20210407SSOB02021,1,0,HOME
20210408HHSK02021,6,4,HOME
20210408HTWO02021,3,5,AWAY
20210408LGKT02021,3,7,AWAY
20210408LTNC02021,4,8,AWAY
20210408SSOB02021,1,6,AWAY
20210409KTSS02021,7,5,HOME
20210409NCHT02021,6,10,AWAY
20210409OBHH02021,7,0,HOME
20210409SKLG02021,9,5,HOME
20210409WOLT02021,2,7,AWAY
20210410KTSS02021,7,6,HOME
20210410NCHT02021,2,9,AWAY
20210410OBHH02021,1,18,AWAY
20210410SKLG02021,3,4,AWAY
20210410WOLT02021,13,0,HOME
20210411KTSS02021,4,2,HOME
20210411NCHT02021,3,7,AWAY
20210411OBHH02021,3,2,HOME
20210411SKLG02021,1,0,HOME
20210411WOLT02021,2,3,AWAY
20210413HHSS02021,4,3,HOME
20210413KTOB02021,7,8,AWAY
20210413LGWO02021,8,2,HOME
20210413LTHT02021,0,8,AWAY
20210413NCSK02021,2,4,AWAY
20210414HHSS02021,2,6,AWAY
20210414KTOB02021,3,1,HOME
20210414LGWO02021,2,13,AWAY
20210414LTHT02021,3,2,HOME
20210414NCSK02021,0,3,AWAY
20210415HHSS02021,4,0,HOME
20210415KTOB02021,3,8,AWAY
20210415LGWO02021,4,6,AWAY
20210415LTHT02021,10,5,HOME
20210415NCSK02021,9,3,HOME
20210416HHNC02021,9,1,HOME
20210416HTSK02021,6,11,AWAY
20210416OBLG02021,1,0,HOME
20210416SSLT02021,9,3,HOME
20210416WOKT02021,8,4,HOME
20210417HHNC02021,14,4,HOME
20210417HTSK02021,4,3,HOME
20210417OBLG02021,1,3,AWAY
20210417SSLT02021,0,12,AWAY
20210417WOKT02021,8,5,HOME
20210418HHNC02021,3,11,AWAY
20210418HTSK02021,4,2,HOME
20210418OBLG02021,1,9,AWAY
20210418SSLT02021,0,7,AWAY
20210418WOKT02021,10,2,HOME
20210420HTLG02021,3,6,AWAY
20210420KTNC02021,2,5,AWAY
20210420OBLT02021,10,5,HOME
20210420SKSS02021,7,10,AWAY
20210420WOHH02021,7,3,HOME
20210421HTLG02021,7,3,HOME
20210421KTNC02021,4,3,HOME
20210421OBLT02021,10,9,HOME
20210421SKSS02021,14,4,HOME
20210421WOHH02021,4,3,HOME
20210422HTLG02021,2,3,AWAY
20210422KTNC02021,5,11,AWAY
20210422OBLT02021,1,13,AWAY
20210422SKSS02021,6,11,AWAY
20210422WOHH02021,3,8,AWAY
20210423LGHH02021,1,2,AWAY
20210423LTKT02021,5,10,AWAY
20210423NCOB02021,5,1,HOME
20210423SKWO02021,5,9,AWAY
20210423SSHT02021,4,1,HOME
20210424LGHH02021,19,5,HOME
20210424LTKT02021,2,4,AWAY
20210424NCOB02021,9,6,HOME
20210424SKWO02021,4,5,AWAY
20210424SSHT02021,4,8,AWAY
20210425LGHH02021,0,8,AWAY
20210425LTKT02021,6,5,HOME
20210425NCOB02021,0,10,AWAY
20210425SKWO02021,4,3,HOME
20210425SSHT02021,2,3,AWAY
20210427HHHT02021,4,3,HOME
20210427KTSK02021,5,14,AWAY
20210427LTLG02021,4,0,HOME
20210427NCSS02021,9,0,HOME
20210427OBWO02021,5,4,HOME
20210428HHHT02021,4,0,HOME
20210428KTSK02021,4,2,HOME
20210428LTLG02021,0,3,AWAY
20210428NCSS02021,4,3,HOME
20210428OBWO02021,5,4,HOME
20210429HHHT02021,3,2,HOME
20210429KTSK02021,1,6,AWAY
20210429LTLG02021,3,2,HOME
20210429NCSS02021,0,9,AWAY
20210429OBWO02021,4,15,AWAY
20210430HHLT02021,7,11,AWAY
20210430HTKT02021,15,3,HOME
20210430LGSS02021,4,0,HOME
20210430SKOB02021,9,4,HOME
20210430WONC02021,3,4,AWAY
20210501HHLT02021,3,11,AWAY
20210501HTKT02021,3,0,HOME
20210501LGSS02021,8,2,HOME
20210501SKOB02021,2,5,AWAY
20210501WONC02021,9,13,AWAY
20210502HHLT02021,4,5,AWAY
20210502HTKT02021,9,2,HOME
20210502LGSS02021,6,4,HOME
20210502SKOB02021,8,5,HOME
20210502WONC02021,5,0,HOME
20210505HTLT02021,5,8,AWAY
20210505KTWO02021,14,0,HOME
20210505LGOB02021,4,7,AWAY
20210505SKNC02021,12,13,AWAY
20210505SSHH02021,1,4,AWAY
20210506HTLT02021,17,9,HOME
20210506KTWO02021,6,4,HOME
20210506LGOB02021,2,7,AWAY
20210506SKNC02021,7,1,HOME
20210506SSHH02021,6,5,HOME
20210507LTSS02021,4,1,HOME
20210508HHLG02021,11,2,HOME
20210508LTSS02021,8,9,AWAY
20210508NCKT02021,4,5,AWAY
20210508OBHT02021,5,11,AWAY
20210508WOSK02021,2,9,AWAY
20210509HHLG12021,11,1,HOME
20210509HHLG22021,4,5,AWAY
20210509LTSS02021,8,6,HOME
20210509NCKT12021,11,16,AWAY
20210509NCKT22021,9,5,HOME
20210509OBHT12021,3,5,AWAY
20210509OBHT22021,0,9,AWAY
20210509WOSK12021,4,1,HOME
20210509WOSK22021,4,3,HOME
20210511LGHT02021,7,1,HOME
20210511NCHH02021,2,7,AWAY
20210511SKLT02021,6,7,AWAY
20210511SSKT02021,9,6,HOME
20210511WOOB02021,3,2,HOME
20210512LGHT02021,5,3,HOME
20210512NCHH02021,3,6,AWAY
20210512SKLT02021,2,9,AWAY
20210512SSKT02021,5,7,AWAY
20210512WOOB02021,0,3,AWAY
20210513LGHT02021,3,8,AWAY
20210513NCHH02021,2,4,AWAY
20210513SKLT02021,5,4,HOME
20210513SSKT02021,0,4,AWAY
20210513WOOB02021,13,14,AWAY
20210514HHWO02021,1,6,AWAY
20210514HTNC02021,5,2,HOME
20210514KTLT02021,1,9,AWAY
20210514OBSK02021,3,6,AWAY
20210514SSLG02021,4,3,HOME
20210515HHWO02021,15,1,HOME
20210515HTNC02021,7,3,HOME
20210515KTLT02021,4,5,AWAY
20210515SSLG02021,14,4,HOME
20210516HHWO02021,5,1,HOME
20210517OBSK02021,3,8,AWAY
20210517SSLG02021,1,3,AWAY
20210518LTHH02021,3,4,AWAY
20210518NCLG02021,1,0,HOME
20210518OBKT02021,1,0,HOME
20210518SKHT02021,5,7,AWAY
20210518WOSS02021,3,15,AWAY
20210519LTHH02021,12,2,HOME
20210519NCLG02021,6,5,HOME
20210519OBKT02021,6,5,HOME
20210519SKHT02021,5,11,AWAY
20210519WOSS02021,2,9,AWAY
20210520NCLG02021,1,11,AWAY
20210521HTSS02021,5,3,HOME
20210521KTHH02021,4,0,HOME
20210521LGSK02021,6,5,HOME
20210521LTOB02021,1,9,AWAY
20210521NCWO02021,2,0,HOME
20210522HTSS02021,4,9,AWAY
20210522KTHH02021,5,0,HOME
20210522LGSK02021,8,3,HOME
20210522LTOB02021,4,3,HOME
20210522NCWO02021,13,6,HOME
20210523HTSS02021,7,5,HOME
20210523KTHH02021,1,8,AWAY
20210523LGSK02021,8,0,HOME
20210523LTOB02021,4,0,HOME
20210523NCWO02021,7,4,HOME
20210526HHOB02021,9,3,HOME
20210526LGLT02021,3,5,AWAY
20210526SKKT02021,5,9,AWAY
20210526SSNC02021,1,7,AWAY
20210526WOHT02021,3,2,HOME
20210527HHOB02021,0,3,AWAY
20210527LGLT02021,1,8,AWAY
20210527SKKT02021,6,5,HOME
20210527SSNC02021,6,3,HOME
20210527WOHT02021,5,4,HOME
20210528KTHT02021,7,6,HOME
20210528OBSS02021,4,9,AWAY
20210528SKHH02021,3,12,AWAY
20210528WOLG02021,3,1,HOME
20210529KTHT02021,5,7,AWAY
20210529NCLT12021,10,10,DRAW
20210529NCLT22021,2,6,AWAY
20210529OBSS02021,16,4,HOME
20210529SKHH02021,2,6,AWAY
20210529WOLG02021,2,7,AWAY
20210530KTHT02021,3,4,AWAY
20210530NCLT02021,4,5,AWAY
20210530OBSS02021,2,4,AWAY
20210530SKHH02021,1,5,AWAY
20210530WOLG02021,8,2,HOME
20210601HTHH02021,9,1,HOME
20210601KTLG02021,1,8,AWAY
20210601LTWO02021,0,3,AWAY
20210601OBNC02021,3,4,AWAY
20210601SSSK02021,1,0,HOME
20210602HTHH02021,3,5,AWAY
20210602KTLG02021,6,5,HOME
20210602LTWO02021,2,4,AWAY
20210602OBNC02021,9,5,HOME
20210602SSSK02021,7,8,AWAY
20210603LTWO02021,9,4,HOME
20210604HHNC02021,6,3,HOME
20210604LGHT02021,4,3,HOME
20210604LTKT02021,0,15,AWAY
20210604SKOB02021,3,2,HOME
20210604SSWO02021,3,6,AWAY
20210605HHNC02021,6,1,HOME
20210605LGHT02021,2,8,AWAY
20210605LTKT02021,8,1,HOME
20210605SKOB02021,8,5,HOME
20210605SSWO02021,6,2,HOME
20210606HHNC02021,10,13,AWAY
20210606LGHT02021,0,10,AWAY
20210606LTKT02021,7,8,AWAY
20210606SKOB02021,1,4,AWAY
20210606SSWO02021,1,3,AWAY
20210608HTSS02021,7,0,HOME
20210608KTSK02021,2,4,AWAY
20210608NCLG02021,2,1,HOME
20210608OBLT02021,18,9,HOME
20210608WOHH02021,4,2,HOME
20210609HTSS02021,5,7,AWAY
20210609KTSK02021,3,7,AWAY
20210609NCLG02021,6,3,HOME
20210609OBLT02021,8,14,AWAY
20210609WOHH02021,2,6,AWAY
20210610HTSS02021,4,2,HOME
20210610NCLG02021,0,6,AWAY
20210610OBLT02021,5,4,HOME
20210610WOHH02021,1,0,HOME
20210611HHKT02021,6,5,HOME
20210611NCSS02021,4,5,AWAY
20210611OBLG02021,3,1,HOME
20210611WOSK02021,8,6,HOME
20210612HHKT02021,7,2,HOME
20210612NCSS02021,4,1,HOME
20210612OBLG02021,3,8,AWAY
20210612WOSK02021,5,4,HOME
20210613HHKT02021,6,3,HOME
20210613HTLT12021,8,6,HOME
20210613HTLT22021,3,6,AWAY
20210613NCSS02021,5,3,HOME
20210613OBLG02021,2,0,HOME
20210613WOSK02021,3,7,AWAY
20210615LGWO02021,2,4,AWAY
20210615LTHH02021,3,2,HOME
20210615SSOB02021,6,8,AWAY
20210616KTNC02021,3,7,AWAY
20210616LGWO02021,6,3,HOME
20210616LTHH12021,9,4,HOME
20210616LTHH22021,4,3,HOME
20210616SKHT12021,1,10,AWAY
20210616SKHT22021,2,0,HOME
20210616SSOB02021,3,5,AWAY
20210617KTNC02021,9,1,HOME
20210617LGWO02021,5,6,AWAY
20210617LTHH02021,2,9,AWAY
20210617SKHT02021,3,6,AWAY
20210617SSOB02021,6,2,HOME
20210618HTLG02021,5,0,HOME
20210618OBKT02021,3,11,AWAY
20210618SKHH02021,4,3,HOME
20210618SSLT02021,7,4,HOME
20210618WONC02021,5,0,HOME
20210619HTLG02021,7,2,HOME
20210619OBKT12021,3,9,AWAY
20210619OBKT22021,4,3,HOME
20210619SKHH02021,5,7,AWAY
20210619SSLT02021,1,9,AWAY
20210619WONC02021,7,12,AWAY
20210620HTLG02021,6,0,HOME
20210620OBKT02021,4,1,HOME
20210620SKHH02021,3,4,AWAY
20210620SSLT02021,8,7,HOME
20210620WONC02021,4,8,AWAY
20210622HHSS02021,9,0,HOME
20210622HTKT02021,6,3,HOME
20210622LGSK02021,1,14,AWAY
20210622NCLT02021,2,5,AWAY
20210622WOOB02021,10,3,HOME
20210623HHSS02021,3,0,HOME
20210623HTKT02021,1,2,AWAY
20210623LGSK02021,7,4,HOME
20210623NCLT02021,13,7,HOME
20210623WOOB02021,3,4,AWAY
20210624HHSS02021,3,2,HOME
20210624HTKT02021,6,3,HOME
20210624LGSK02021,8,5,HOME
20210624NCLT02021,4,6,AWAY
20210624WOOB02021,1,2,AWAY
20210625HTWO02021,14,5,HOME
20210625KTHH02021,0,2,AWAY
20210625LTOB02021,1,9,AWAY
20210625SKNC02021,11,10,HOME
20210626HTWO02021,6,1,HOME
20210626KTHH02021,2,11,AWAY
20210626LGSS12021,5,10,AWAY
20210626LGSS22021,10,7,HOME
20210626LTOB02021,3,4,AWAY
20210626SKNC02021,10,10,DRAW
20210627HTWO02021,5,4,HOME
20210627KTHH02021,1,11,AWAY
20210627LGSS02021,5,9,AWAY
20210627LTOB02021,6,7,AWAY
20210627SKNC02021,4,3,HOME
20210629LTWO02021,5,13,AWAY
20210629NCHT02021,3,7,AWAY
20210629SSSK02021,10,3,HOME
20210630KTLG02021,3,4,AWAY
20210630LTWO02021,6,5,HOME
20210630OBHH02021,6,8,AWAY
20210630SSSK12021,3,3,DRAW
20210630SSSK22021,8,4,HOME
20210701KTLG02021,1,6,AWAY
20210701LTWO02021,13,1,HOME
20210701NCHT02021,6,3,HOME
20210701OBHH02021,3,10,AWAY
20210701SSSK02021,7,8,AWAY
20210702HHLG02021,3,5,AWAY
20210702LTSK02021,5,6,AWAY
20210702OBHT02021,8,3,HOME
20210702SSNC02021,2,5,AWAY
20210702WOKT02021,4,1,HOME
20210704HHLG02021,5,0,HOME
20210704LTSK02021,4,6,AWAY
20210704OBHT02021,7,3,HOME
20210704SSNC02021,0,5,AWAY
20210704WOKT02021,12,3,HOME
20210705HHLG02021,7,6,HOME
20210705LTSK02021,10,4,HOME
20210705WOKT02021,5,15,AWAY
20210706NCOB02021,3,7,AWAY
20210706SKWO02021,4,0,HOME
20210707HTHH02021,1,4,AWAY
20210707NCOB02021,4,2,HOME
20210707SKWO02021,8,2,HOME
20210708KTSS02021,2,3,AWAY
20210708SKWO02021,3,9,AWAY
20210709HHSK02021,3,9,AWAY
20210709KTHT02021,10,4,HOME
20210709LTSS02021,5,9,AWAY
20210710HHSK02021,1,3,AWAY
20210710LTSS02021,3,2,HOME
20210711HHSK02021,8,2,HOME
20210711KTHT02021,2,0,HOME
20210711LTSS02021,11,0,HOME
20210810HHHT02021,4,1,HOME
20210810KTWO02021,3,1,HOME
20210810LTNC02021,2,5,AWAY
20210810SKLG02021,4,0,HOME
20210811HHHT02021,7,7,DRAW
20210811KTWO02021,4,1,HOME
20210811LTNC02021,4,5,AWAY
20210811OBSS02021,6,8,AWAY
20210811SKLG02021,12,5,HOME
20210812KTWO02021,6,4,HOME
20210812LTNC02021,5,4,HOME
20210812OBSS02021,9,2,HOME
20210813HTSK02021,1,8,AWAY
20210813LTLG02021,0,2,AWAY
20210813NCHH02021,1,5,AWAY
20210813OBWO02021,9,16,AWAY
20210813SSKT02021,7,6,HOME
20210814HTSK02021,2,2,DRAW
20210814LTLG02021,3,4,AWAY
20210814NCHH02021,9,9,DRAW
20210814OBWO02021,5,1,HOME
20210814SSKT02021,8,4,HOME
20210815HTSK02021,10,5,HOME
20210815LTLG02021,7,1,HOME
20210815NCHH02021,3,3,DRAW
20210815OBWO02021,8,1,HOME
20210815SSKT02021,6,4,HOME
20210817LGKT02021,5,5,DRAW
20210817SSHH02021,4,2,HOME
20210817WOLT02021,1,0,HOME
20210818HTOB02021,3,7,AWAY
20210818LGKT02021,8,1,HOME
20210818NCSK02021,6,1,HOME
20210818SSHH02021,2,6,AWAY
20210818WOLT02021,3,0,HOME
20210819HTOB02021,5,5,DRAW
20210819LGKT02021,0,1,AWAY
20210819NCSK02021,5,8,AWAY
20210819SSHH02021,3,11,AWAY
20210820HHOB02021,9,1,HOME
20210820KTLT02021,4,5,AWAY
20210820LGNC02021,8,3,HOME
20210820SKSS02021,3,2,HOME
20210820WOHT02021,3,2,HOME
20210821HHOB02021,1,3,AWAY
20210822HHOB02021,3,11,AWAY
20210822KTLT02021,1,3,AWAY
20210822LGNC02021,4,3,HOME
20210822SKSS02021,4,4,DRAW
20210822WOHT02021,1,6,AWAY
20210823KTLT02021,6,2,HOME
20210824HHOB02021,11,8,HOME
20210824SKSS02021,9,8,HOME
20210824WOHT02021,2,8,AWAY
20210825HHWO02021,2,7,AWAY
20210825LTHT02021,11,6,HOME
20210825SKKT02021,7,1,HOME
20210825SSLG02021,3,3,DRAW
20210826HHWO02021,4,4,DRAW
20210826LTHT02021,3,3,DRAW
20210826OBNC12021,0,7,AWAY
20210826OBNC22021,3,5,AWAY
20210826SKKT02021,10,5,HOME
20210826SSLG02021,4,3,HOME
20210827HHWO02021,4,3,HOME
20210827OBNC02021,4,2,HOME
20210827SKKT02021,6,4,HOME
20210827SSLG02021,3,1,HOME
20210828HTSK02021,12,4,HOME
20210828NCHH02021,9,1,HOME
20210828OBLT02021,10,10,DRAW
20210828SSKT02021,5,6,AWAY
20210828WOLG02021,3,2,HOME
20210829HTSK02021,9,0,HOME
20210829NCHH02021,3,2,HOME
20210829OBLT02021,4,2,HOME
20210829SSKT02021,8,3,HOME
20210829WOLG02021,11,2,HOME
20210831KTHH02021,5,2,HOME
20210831LGLT02021,4,9,AWAY
20210831WOSS02021,3,2,HOME
20210901HTOB12021,5,0,HOME
20210901HTOB22021,2,3,AWAY
20210901KTHH02021,3,8,AWAY
20210901NCSK12021,2,9,AWAY
20210901NCSK22021,9,4,HOME
20210901WOSS12021,7,1,HOME
20210902KTWO02021,1,0,HOME
20210902NCLG02021,5,0,HOME
20210902OBSK02021,10,1,HOME
20210902SSHT02021,1,5,AWAY
20210903HHLT12021,6,3,HOME
20210903HHLT22021,2,0,HOME
20210903KTWO02021,1,11,AWAY
20210903NCLG02021,2,5,AWAY
20210903OBSK02021,3,1,HOME
20210903SSHT02021,3,9,AWAY
20210904HTHH02021,6,2,HOME
20210904KTLG02021,1,11,AWAY
20210904LTNC02021,2,8,AWAY
20210904OBSS02021,11,4,HOME
20210904SKWO02021,9,2,HOME
20210905HTHH02021,5,5,DRAW
20210905KTLG02021,0,11,AWAY
20210905LTNC02021,9,3,HOME
20210905OBSS02021,5,6,AWAY
20210905SKWO02021,10,8,HOME
20210907HHNC02021,16,4,HOME
20210907LTSS02021,2,4,AWAY
20210908HHNC02021,1,3,AWAY
20210908HTKT02021,5,5,DRAW
20210908LGSK02021,5,3,HOME
20210908LTSS02021,4,5,AWAY
20210908WOOB02021,7,1,HOME
20210909HHLG02021,8,1,HOME
20210909HTWO02021,5,3,HOME
20210909KTSS02021,8,7,HOME
20210909OBNC02021,2,6,AWAY
20210909SKLT02021,2,9,AWAY
20210910HHLG02021,2,0,HOME
20210910HTWO02021,4,3,HOME
20210910KTSS02021,2,2,DRAW
20210910OBNC02021,1,8,AWAY
20210910SKLT02021,4,3,HOME
20210911LGOB02021,5,5,DRAW
20210911NCHT02021,5,3,HOME
20210911SKKT02021,2,2,DRAW
20210911SSHH02021,4,5,AWAY
20210911WOLT02021,7,13,AWAY
20210912LGOB12021,8,5,HOME
20210912LGOB22021,8,5,HOME
20210912NCHT12021,2,8,AWAY
20210912NCHT22021,0,3,AWAY
20210912SKKT12021,10,0,HOME
20210912SKKT22021,3,2,HOME
20210912SSHH12021,3,3,DRAW
20210912SSHH22021,6,6,DRAW
20210912WOLT12021,3,8,AWAY
20210912WOLT22021,3,2,HOME
20210914HHSK02021,5,11,AWAY
20210914KTOB02021,3,4,AWAY
20210914LGSS02021,3,3,DRAW
20210914LTHT02021,7,8,AWAY
20210914WONC02021,10,8,HOME
20210915HHSK02021,9,6,HOME
20210915KTOB02021,6,2,HOME
20210915LGSS02021,2,5,AWAY
20210915LTHT12021,3,6,AWAY
20210915LTHT22021,5,3,HOME
20210915WONC02021,13,2,HOME
20210916HHWO02021,8,8,DRAW
20210916HTSS02021,5,6,AWAY
20210916LGNC02021,2,0,HOME
20210916LTKT02021,7,4,HOME
20210916SKOB02021,3,3,DRAW
20210917HHWO02021,5,15,AWAY
20210917HTSS02021,6,3,HOME
20210917LGNC02021,6,4,HOME
20210917LTKT02021,0,2,AWAY
20210917SKOB02021,7,2,HOME
20210918HTLG02021,6,9,AWAY
20210918KTNC02021,1,8,AWAY
20210918LTHH02021,13,2,HOME
20210918OBWO02021,3,3,DRAW
20210918SSSK02021,4,9,AWAY
20210919HTLG02021,4,3,HOME
20210919KTNC02021,2,8,AWAY
20210919LTHH02021,1,3,AWAY
20210919OBWO02021,0,6,AWAY
20210919SSSK02021,4,4,DRAW
20210921KTHT02021,5,11,AWAY
20210921LGHH02021,15,6,HOME
20210921NCOB02021,12,2,HOME
20210921SSLT02021,9,11,AWAY
20210921WOSK02021,13,10,HOME
20210922KTHT02021,7,2,HOME
20210922LGHH02021,3,12,AWAY
20210922NCOB02021,8,0,HOME
20210922SSLT02021,17,8,HOME
20210922WOSK02021,7,7,DRAW
20210923HHKT02021,3,1,HOME
20210923LTSK02021,9,8,HOME
20210923NCWO02021,4,1,HOME
20210923OBHT02021,1,3,AWAY
20210923SSLG02021,4,7,AWAY
20210924HHKT02021,1,4,AWAY
20210924LTSK12021,9,4,HOME
20210924LTSK22021,6,6,DRAW
20210924NCWO02021,3,2,HOME
20210924OBHT02021,2,8,AWAY
20210924SSLG02021,11,3,HOME
20210925HHOB02021,1,5,AWAY
20210925LGKT02021,0,0,DRAW
20210925LTWO02021,6,12,AWAY
20210925NCSS02021,1,0,HOME
20210925SKHT02021,7,1,HOME
20210926HHOB02021,5,3,HOME
20210926LGKT02021,0,4,AWAY
20210926LTWO02021,11,2,HOME
20210926NCSS02021,1,0,HOME
20210926SKHT02021,6,5,HOME
20210928HTNC02021,10,9,HOME
20210928LTLG02021,5,2,HOME
20210928OBKT02021,5,1,HOME
20210928SKSS02021,2,7,AWAY
20210928WOHH02021,1,1,DRAW
20210929HTNC12021,4,1,HOME
20210929OBKT02021,3,8,AWAY
20210930HHSS02021,6,2,HOME
20210930KTLT02021,8,4,HOME
20210930OBLG02021,12,4,HOME
20210930SKNC02021,6,2,HOME
20210930WOHT02021,0,2,AWAY
20211001HHSS02021,2,8,AWAY
20211001KTLT12021,4,3,HOME
20211001KTLT22021,3,2,HOME
20211001OBLG02021,0,2,AWAY
20211001SKNC02021,3,3,DRAW
20211001WOHT02021,6,0,HOME
20211002HHHT02021,4,4,DRAW
20211002KTSK02021,2,2,DRAW
20211002LGWO02021,3,10,AWAY
20211002NCLT02021,4,4,DRAW
20211002SSOB02021,6,0,HOME
20211003HHHT02021,9,6,HOME
20211003KTSK02021,6,8,AWAY
20211003LGWO02021,3,3,DRAW
20211003NCLT02021,11,7,HOME
20211003SSOB02021,9,13,AWAY
20211005HTLT02021,13,3,HOME
20211005NCKT02021,4,4,DRAW
20211005OBHH02021,4,3,HOME
20211005SKLG02021,0,8,AWAY
20211005SSWO02021,8,2,HOME
20211006HTLT02021,2,4,AWAY
20211006NCKT02021,2,4,AWAY
20211006OBHH02021,3,4,AWAY
20211006SKLG12021,4,1,HOME
20211006SKLG22021,3,11,AWAY
20211006SSWO02021,3,9,AWAY
20211007LGHT02021,1,8,AWAY
20211007LTOB02021,2,7,AWAY
20211007SKHH02021,4,3,HOME
20211007SSNC02021,4,5,AWAY
20211007WOKT02021,9,2,HOME
20211008LGHT02021,2,2,DRAW
20211008LTOB02021,14,5,HOME
20211008SKHH02021,3,7,AWAY
20211008SSNC02021,6,0,HOME
20211009HTHH02021,4,6,AWAY
20211009KTLG02021,6,1,HOME
20211009LTSK02021,2,0,HOME
20211010HTHH12021,1,3,AWAY
20211010HTHH22021,0,5,AWAY
20211010OBNC02021,5,1,HOME
20211011KTLG02021,2,4,AWAY
20211012KTOB02021,4,1,HOME
20211012LGSK02021,4,4,DRAW
20211012NCWO02021,13,2,HOME
20211012SSHT02021,1,2,AWAY
20211013KTOB02021,5,3,HOME
20211013LGLT02021,4,4,DRAW
20211013NCWO02021,8,2,HOME
20211013SSHT02021,3,5,AWAY
20211014KTOB02021,2,6,AWAY
20211014LGLT02021,3,13,AWAY
20211014NCWO02021,4,8,AWAY
20211014SSHT02021,5,2,HOME
20211015HTKT02021,7,7,DRAW
20211015LGLT02021,4,2,HOME
20211015NCOB02021,0,5,AWAY
20211015WOSS02021,0,2,AWAY
20211016HHKT02021,11,2,HOME
20211016HTOB02021,4,6,AWAY
20211016LGNC02021,2,1,HOME
20211016SKLT02021,4,8,AWAY
20211016WOSS12021,7,5,HOME
20211016WOSS22021,5,4,HOME
20211017HHKT02021,1,2,AWAY
20211017HTOB12021,3,3,DRAW
20211017HTOB22021,5,2,HOME
20211017LGNC12021,1,11,AWAY
20211017LGNC22021,0,1,AWAY
20211017SKLT12021,4,14,AWAY
20211017SKLT22021,3,0,HOME
20211017WOSS02021,6,3,HOME
20211019KTNC02021,4,2,HOME
20211019OBSS02021,0,5,AWAY
20211019SKHT02021,5,4,HOME
20211019WOLG02021,4,5,AWAY
20211020KTHT02021,3,0,HOME
20211020NCSK02021,7,7,DRAW
20211020WOLG02021,5,6,AWAY
20211021HHHT02021,2,13,AWAY
20211021OBSK02021,7,1,HOME
20211021WOLG02021,5,5,DRAW
20211022HHLT02021,1,0,HOME
20211022HTNC02021,3,5,AWAY
20211022KTSS02021,4,2,HOME
20211022OBSK02021,12,6,HOME
20211023HHLT02021,15,15,DRAW
20211023HTNC12021,4,7,AWAY
20211023HTNC22021,5,2,HOME
20211023KTSS02021,4,0,HOME
20211023LGOB02021,3,3,DRAW
20211024HHLT02021,3,2,HOME
20211024HTNC02021,4,1,HOME
20211024LGOB12021,5,4,HOME
20211024LGOB22021,3,3,DRAW
20211024SKSS02021,3,3,DRAW
20211024WOKT02021,7,1,HOME
20211025LTLG02021,4,4,DRAW
20211025WOHH02021,4,9,AWAY
20211026LGHH02021,0,4,AWAY
20211026SKNC02021,5,7,AWAY
20211026WOOB02021,7,2,HOME
20211027HTLT02021,2,3,AWAY
20211027LGHH02021,1,9,AWAY
20211027NCKT02021,6,9,AWAY
20211027OBSK02021,5,8,AWAY
20211027SSWO02021,8,3,HOME
20211028HTLT02021,3,5,AWAY
20211028LGHH02021,1,1,DRAW
20211028NCKT12021,1,1,DRAW
20211028NCKT22021,5,2,HOME
20211028OBSK02021,4,3,HOME
20211029KTWO02021,4,2,HOME
20211029LGLT02021,1,4,AWAY
20211029OBHT02021,5,11,AWAY
20211029SSNC02021,3,1,HOME
20211030KTSK02021,3,8,AWAY
20211030LGLT02021,4,2,HOME
20211030OBHH02021,3,5,AWAY
20211030SSNC02021,5,11,AWAY
20211030WOHT02021,1,6,AWAY
20220312HHSS02022,7,9,AWAY
20220312HTNC02022,0,7,AWAY
20220312LGKT02022,0,5,AWAY
20220312OBWO02022,5,2,HOME
20220312SKLT02022,5,8,AWAY
20220313OBWO02022,5,1,HOME
20220314HHLT02022,13,2,HOME
20220314HTSS02022,1,1,DRAW
20220314LGWO02022,0,3,AWAY
20220314SKNC02022,6,7,AWAY
20220315HHLT02022,13,12,HOME
20220315HTSS02022,4,7,AWAY
20220315LGWO02022,3,3,DRAW
20220315OBKT02022,7,3,HOME
20220315SKNC02022,3,2,HOME
20220317HHNC02022,7,6,HOME
20220317HTKT02022,2,4,AWAY
20220317OBLT02022,3,2,HOME
20220317SKWO02022,4,1,HOME
20220318HHNC02022,1,3,AWAY
20220318HTKT02022,2,1,HOME
20220318LGSS02022,3,16,AWAY
20220318SKWO02022,3,4,AWAY
20220319HHWO02022,1,8,AWAY
20220320HHWO02022,2,6,AWAY
20220320HTLT02022,4,2,HOME
20220320LGNC02022,2,5,AWAY
20220320OBSS02022,6,3,HOME
20220320SKKT02022,5,5,DRAW
20220321HHKT02022,6,6,DRAW
20220321LGSK02022,5,0,HOME
20220321NCLT02022,5,3,HOME
20220321OBHT02022,4,6,AWAY
20220321WOSS02022,4,3,HOME
20220322HHKT02022,6,4,HOME
20220322LGSK02022,2,4,AWAY
20220322NCLT02022,4,5,AWAY
20220322OBHT02022,4,4,DRAW
20220322WOSS02022,7,1,HOME
20220324HHSK02022,3,3,DRAW
20220324KTLT02022,5,6,AWAY
20220324LGOB02022,2,2,DRAW
20220324SSNC02022,3,4,AWAY
20220324WOHT02022,10,6,HOME
20220325HHSK02022,0,3,AWAY
20220325KTLT02022,2,2,DRAW
20220325OBLG02022,5,2,HOME
20220325SSNC02022,1,6,AWAY
20220325WOHT02022,7,1,HOME
20220326LTLG02022,1,6,AWAY
20220326NCWO02022,1,1,DRAW
20220327HTHH02022,5,8,AWAY
20220327LTLG02022,2,7,AWAY
20220327NCWO02022,4,5,AWAY
20220327OBSK02022,8,7,HOME
20220327SSKT02022,8,6,HOME
20220328KTWO02022,0,0,DRAW
20220328LGHH02022,1,15,AWAY
20220328LTSS02022,2,2,DRAW
20220328NCOB02022,4,4,DRAW
20220328SKHT02022,4,3,HOME
20220329KTWO02022,6,5,HOME
20220329LGHH02022,3,7,AWAY
20220329LTSS02022,1,6,AWAY
20220329NCOB02022,3,5,AWAY
20220329SKHT02022,4,3,HOME
20220402HHOB02022,6,4,HOME
20220402LGHT02022,0,9,AWAY
20220402LTWO02022,2,7,AWAY
20220402SKNC02022,0,4,AWAY
20220402SSKT02022,4,1,HOME
20220403HHOB02022,1,0,HOME
20220403LGHT02022,2,3,AWAY
20220403LTWO02022,4,3,HOME
20220403SKNC02022,1,4,AWAY
20220403SSKT02022,5,6,AWAY
20220405HHHT02022,4,3,HOME
20220405LGWO02022,4,8,AWAY
20220405LTNC02022,1,5,AWAY
20220405SKKT02022,5,8,AWAY
20220405SSOB02022,5,6,AWAY
20220406HHHT02022,7,4,HOME
20220406LGWO02022,1,2,AWAY
20220406LTNC02022,5,0,HOME
20220406SKKT02022,0,3,AWAY
20220406SSOB02022,1,7,AWAY
20220407HHHT02022,6,2,HOME
20220407LGWO02022,0,6,AWAY
20220407LTNC02022,1,2,AWAY
20220407SKKT02022,3,4,AWAY
20220407SSOB02022,6,5,HOME
20220408HTSK02022,3,0,HOME
20220408KTHH02022,2,4,AWAY
20220408NCLG02022,1,4,AWAY
20220408OBLT02022,1,6,AWAY
20220408WOSS02022,0,1,AWAY
20220409HTSK02022,9,5,HOME
20220409KTHH02022,7,1,HOME
20220409NCLG02022,7,6,HOME
20220409OBLT02022,5,4,HOME
20220409WOSS02022,0,3,AWAY
20220410HTSK02022,11,2,HOME
20220410KTHH02022,6,4,HOME
20220410NCLG02022,5,3,HOME
20220410OBLT02022,3,4,AWAY
20220410WOSS02022,5,6,AWAY
20220412HHSS02022,2,0,HOME
20220412LTHT02022,6,5,HOME
20220412NCWO02022,10,0,HOME
20220412OBKT02022,1,3,AWAY
20220412SKLG02022,1,4,AWAY
20220413HHSS02022,12,1,HOME
20220413NCWO02022,5,4,HOME
20220413SKLG02022,2,4,AWAY
20220414HHSS02022,8,3,HOME
20220414LTHT02022,2,3,AWAY
20220414NCWO02022,1,0,HOME
20220414OBKT02022,4,5,AWAY
20220414SKLG02022,5,1,HOME
20220415HTNC02022,5,0,HOME
20220415KTLT02022,9,7,HOME
20220415LGHH02022,7,3,HOME
20220415SSSK02022,5,0,HOME
20220415WOOB02022,2,4,AWAY
20220416HTNC02022,0,14,AWAY
20220416KTLT02022,0,8,AWAY
20220416LGHH02022,2,6,AWAY
20220416SSSK02022,6,2,HOME
20220416WOOB02022,4,1,HOME
20220417HTNC02022,3,4,AWAY
20220417KTLT02022,3,0,HOME
20220417LGHH02022,7,8,AWAY
20220417SSSK02022,7,5,HOME
20220417WOOB02022,2,6,AWAY
20220419HHLT02022,2,6,AWAY
20220419KTLG02022,0,5,AWAY
20220419OBHT02022,6,3,HOME
20220419SSNC02022,11,8,HOME
20220419WOSK02022,5,8,AWAY
20220420HHLT02022,7,0,HOME
20220420KTLG02022,3,5,AWAY
20220420OBHT02022,3,4,AWAY
20220420SSNC02022,3,0,HOME
20220420WOSK02022,6,1,HOME
20220421HHLT02022,6,7,AWAY
20220421KTLG02022,2,6,AWAY
20220421OBHT02022,1,2,AWAY
20220421SSNC02022,3,10,AWAY
20220421WOSK02022,4,2,HOME
20220422HTWO02022,4,5,AWAY
20220422LGOB02022,1,5,AWAY
20220422LTSS02022,2,8,AWAY
20220422NCKT02022,4,3,HOME
20220422SKHH02022,2,0,HOME
20220423HTWO02022,3,1,HOME
20220423LGOB02022,4,2,HOME
20220423LTSS02022,2,4,AWAY
20220423NCKT02022,4,3,HOME
20220423SKHH02022,9,2,HOME
20220424HTWO02022,2,14,AWAY
20220424LGOB02022,0,5,AWAY
20220424LTSS02022,4,7,AWAY
20220424NCKT02022,1,2,AWAY
20220424SKHH02022,1,3,AWAY
20220426HTKT02022,5,10,AWAY
20220426LGSS02022,7,4,HOME
20220426NCOB02022,8,4,HOME
20220426SKLT02022,1,8,AWAY
20220426WOHH02022,5,2,HOME
20220427HTKT02022,3,1,HOME
20220427LGSS02022,0,7,AWAY
20220427NCOB02022,6,5,HOME
20220427SKLT02022,1,1,DRAW
20220427WOHH02022,0,7,AWAY
20220428HTKT02022,5,3,HOME
20220428LGSS02022,4,6,AWAY
20220428NCOB02022,5,9,AWAY
20220428SKLT02022,4,1,HOME
20220428WOHH02022,1,3,AWAY
20220429HHNC02022,9,4,HOME
20220429KTWO02022,4,6,AWAY
20220429LTLG02022,4,9,AWAY
20220429OBSK02022,8,7,HOME
20220429SSHT02022,3,4,AWAY
20220430HHNC02022,0,2,AWAY
20220430KTWO02022,4,1,HOME
20220430LTLG02022,1,3,AWAY
20220430OBSK02022,2,1,HOME
20220430SSHT02022,4,5,AWAY
20220501HHNC02022,1,2,AWAY
20220501KTWO02022,9,3,HOME
20220501LTLG02022,0,4,AWAY
20220501OBSK02022,0,9,AWAY
20220501SSHT02022,3,6,AWAY
20220503HHSK02022,4,2,HOME
20220503LTKT02022,10,5,HOME
20220503NCSS02022,6,10,AWAY
20220503OBLG02022,4,3,HOME
20220503WOHT02022,1,7,AWAY
20220504HHSK02022,5,8,AWAY
20220504LTKT02022,0,5,AWAY
20220504NCSS02022,11,5,HOME
20220504OBLG02022,2,5,AWAY
20220504WOHT02022,4,3,HOME
20220505HHSK02022,14,4,HOME
20220505LTKT02022,8,2,HOME
20220505NCSS02022,5,2,HOME
20220505OBLG02022,4,9,AWAY
20220505WOHT02022,10,1,HOME
20220506HTHH02022,2,13,AWAY
20220506KTOB02022,0,6,AWAY
20220506LGNC02022,8,15,AWAY
20220506SKWO02022,9,2,HOME
20220506SSLT02022,0,5,AWAY
20220507HTHH02022,4,5,AWAY
20220507KTOB02022,11,8,HOME
20220507LGNC02022,3,6,AWAY
20220507SKWO02022,0,3,AWAY
20220507SSLT02022,1,4,AWAY
20220508HTHH02022,6,7,AWAY
20220508KTOB02022,0,5,AWAY
20220508LGNC02022,2,3,AWAY
20220508SKWO02022,2,6,AWAY
20220508SSLT02022,2,4,AWAY
20220510HHLG02022,9,1,HOME
20220510KTHT02022,1,0,HOME
20220510NCLT02022,7,0,HOME
20220510OBWO02022,0,9,AWAY
20220510SKSS02022,1,3,AWAY
20220511HHLG02022,5,2,HOME
20220511KTHT02022,5,10,AWAY
20220511NCLT02022,6,5,HOME
20220511OBWO02022,1,5,AWAY
20220511SKSS02022,6,5,HOME
20220512HHLG02022,11,7,HOME
20220512KTHT02022,5,4,HOME
20220512NCLT02022,2,4,AWAY
20220512OBWO02022,2,3,AWAY
20220512SKSS02022,4,2,HOME
20220513HTLG02022,1,10,AWAY
20220513LTHH02022,1,8,AWAY
20220513NCSK02022,2,6,AWAY
20220513WOKT02022,5,7,AWAY
20220514HTLG02022,5,3,HOME
20220514LTHH02022,5,8,AWAY
20220514NCSK02022,2,1,HOME
20220514OBSS02022,4,0,HOME
20220514WOKT02022,0,3,AWAY
20220515HTLG02022,6,3,HOME
20220515LTHH02022,8,4,HOME
20220515NCSK02022,7,8,AWAY
20220515OBSS02022,4,3,HOME
20220515WOKT02022,1,5,AWAY
20220517HTLT02022,3,4,AWAY
20220517LGKT02022,3,2,HOME
20220517SKOB02022,9,9,DRAW
20220517SSHH02022,4,3,HOME
20220517WONC02022,4,11,AWAY
20220518HTLT02022,7,15,AWAY
20220518LGKT02022,1,9,AWAY
20220518SKOB02022,2,5,AWAY
20220518SSHH02022,3,5,AWAY
20220518WONC02022,15,3,HOME
20220519HTLT02022,2,4,AWAY
20220519LGKT02022,3,7,AWAY
20220519SKOB02022,3,9,AWAY
20220519SSHH02022,1,2,AWAY
20220519WONC02022,1,3,AWAY
20220520HHWO02022,4,3,HOME
20220520KTSS02022,1,5,AWAY
20220520LGSK02022,5,4,HOME
20220520LTOB02022,0,4,AWAY
20220520NCHT02022,5,3,HOME
20220521HHWO02022,11,2,HOME
20220521KTSS02022,2,5,AWAY
20220521LGSK02022,3,4,AWAY
20220521LTOB02022,12,4,HOME
20220521NCHT02022,4,7,AWAY
20220522HHWO02022,5,6,AWAY
20220522KTSS02022,4,3,HOME
20220522LGSK02022,3,1,HOME
20220522LTOB02022,4,5,AWAY
20220522NCHT02022,8,6,HOME
20220524HTSS02022,3,4,AWAY
20220524KTNC02022,3,2,HOME
20220524LTSK02022,3,2,HOME
20220524OBHH02022,6,3,HOME
20220524WOLG02022,4,6,AWAY
20220525HTSS02022,5,11,AWAY
20220525KTNC02022,2,3,AWAY
20220525LTSK02022,9,1,HOME
20220525OBHH02022,14,1,HOME
20220525WOLG02022,5,10,AWAY
20220526HTSS02022,7,9,AWAY
20220526KTNC02022,1,2,AWAY
20220526LTSK02022,6,5,HOME
20220526OBHH02022,3,24,AWAY
20220526WOLG02022,5,12,AWAY
20220527HHKT02022,0,4,AWAY
20220527OBNC02022,1,6,AWAY
20220527SKHT02022,1,8,AWAY
20220527SSLG02022,5,0,HOME
20220527WOLT02022,0,8,AWAY
20220528HHKT02022,8,9,AWAY
20220528OBNC02022,5,0,HOME
20220528SKHT02022,9,3,HOME
20220528SSLG02022,9,4,HOME
20220528WOLT02022,3,6,AWAY
20220529HHKT02022,4,12,AWAY
20220529OBNC02022,0,1,AWAY
20220529SKHT02022,7,9,AWAY
20220529SSLG02022,4,8,AWAY
20220529WOLT02022,0,4,AWAY
20220531HTOB02022,10,13,AWAY
20220531KTSK02022,1,2,AWAY
20220531LGLT02022,7,5,HOME
20220531NCHH02022,5,10,AWAY
20220531SSWO02022,3,2,HOME
20220601HTOB02022,3,7,AWAY
20220601KTSK02022,2,1,HOME
20220601LGLT02022,5,14,AWAY
20220601NCHH02022,3,0,HOME
20220601SSWO02022,2,4,AWAY
20220602HTOB02022,3,4,AWAY
20220602KTSK02022,1,14,AWAY
20220602LGLT02022,2,2,DRAW
20220602NCHH02022,3,4,AWAY
20220602SSWO02022,6,5,HOME
20220603HTKT02022,5,2,HOME
20220603LTNC02022,5,1,HOME
20220603OBSS02022,8,5,HOME
20220603SKLG02022,7,1,HOME
20220603WOHH02022,14,2,HOME
20220604HTKT02022,4,3,HOME
20220604LTNC02022,2,3,AWAY
20220604OBSS02022,8,16,AWAY
20220604SKLG02022,6,2,HOME
20220604WOHH02022,3,4,AWAY
20220605HTKT02022,2,2,DRAW
20220605SKLG02022,0,2,AWAY
20220607HHOB02022,3,1,HOME
20220607KTWO02022,3,0,HOME
20220607SKNC02022,6,2,HOME
20220607SSLT02022,4,7,AWAY
20220608HHOB02022,1,5,AWAY
20220608KTWO02022,5,5,DRAW
20220608LGHT02022,7,11,AWAY
20220608SKNC02022,2,2,DRAW
20220608SSLT02022,2,4,AWAY
20220609HHOB02022,16,7,HOME
20220609KTWO02022,1,7,AWAY
20220609LGHT02022,5,1,HOME
20220609SKNC02022,5,4,HOME
20220609SSLT02022,7,6,HOME
20220610HHSK02022,9,2,HOME
20220610KTLT02022,4,9,AWAY
20220610NCSS02022,1,9,AWAY
20220610OBLG02022,10,7,HOME
20220610WOHT02022,6,10,AWAY
20220611HHSK02022,4,2,HOME
20220611KTLT02022,0,4,AWAY
20220611NCSS02022,1,4,AWAY
20220611OBLG02022,4,5,AWAY
20220611WOHT02022,5,2,HOME
20220612HHSK02022,13,11,HOME
20220612KTLT02022,13,0,HOME
20220612NCSS02022,4,2,HOME
20220612OBLG02022,9,6,HOME
20220612WOHT02022,8,10,AWAY
20220614OBWO02022,2,0,HOME
20220614SKKT02022,5,4,HOME
20220614SSLG02022,7,0,HOME
20220615HTNC02022,7,2,HOME
20220615LTHH02022,5,11,AWAY
20220615OBWO02022,3,4,AWAY
20220615SKKT02022,6,3,HOME
20220615SSLG02022,3,6,AWAY
20220616HTNC02022,2,4,AWAY
20220616LTHH02022,0,3,AWAY
20220616OBWO02022,6,2,HOME
20220616SKKT02022,0,6,AWAY
20220616SSLG02022,2,1,HOME
20220617HHNC02022,1,1,DRAW
20220617KTOB02022,2,4,AWAY
20220617LGWO02022,2,4,AWAY
20220617SKLT02022,2,6,AWAY
20220617SSHT02022,5,3,HOME
20220618HHNC02022,3,2,HOME
20220618KTOB02022,5,0,HOME
20220618LGWO02022,2,0,HOME
20220618SKLT02022,5,10,AWAY
20220618SSHT02022,2,6,AWAY
20220619HHNC02022,6,3,HOME
20220619KTOB02022,1,7,AWAY
20220619LGWO02022,2,4,AWAY
20220619SKLT02022,7,4,HOME
20220619SSHT02022,3,7,AWAY
20220621HHLG02022,10,4,HOME
20220621LTHT02022,6,5,HOME
20220621NCKT02022,8,1,HOME
20220621OBSK02022,2,16,AWAY
20220621WOSS02022,3,4,AWAY
20220622HHLG02022,6,5,HOME
20220622LTHT02022,5,7,AWAY
20220622NCKT02022,0,11,AWAY
20220622OBSK02022,6,5,HOME
20220622WOSS02022,0,6,AWAY
20220623LTHT02022,7,4,HOME
20220623WOSS02022,1,6,AWAY
20220624HTOB02022,3,4,AWAY
20220624LGKT02022,9,6,HOME
20220624NCSK02022,14,2,HOME
20220624SSHH02022,3,0,HOME
20220624WOLT02022,5,1,HOME
20220625HTOB02022,6,8,AWAY
20220625LGKT02022,2,7,AWAY
20220625NCSK02022,8,1,HOME
20220625SSHH02022,2,5,AWAY
20220625WOLT02022,5,13,AWAY
20220626HTOB02022,8,4,HOME
20220626LGKT02022,1,3,AWAY
20220626NCSK02022,7,3,HOME
20220626SSHH02022,2,6,AWAY
20220626WOLT02022,4,9,AWAY
20220628HTWO02022,5,2,HOME
20220628KTSS02022,4,14,AWAY
20220628NCLG02022,5,0,HOME
20220628OBLT02022,3,3,DRAW
20220628SKHH02022,6,3,HOME
20220629HTWO02022,1,0,HOME
20220629KTSS02022,8,2,HOME
20220629SKHH02022,3,8,AWAY
20220630HTWO02022,5,4,HOME
20220630KTSS02022,2,13,AWAY
20220630OBLT02022,5,1,HOME
20220701HHWO02022,7,5,HOME
20220701HTSK02022,7,6,HOME
20220701LTLG02022,2,1,HOME
20220701OBKT02022,11,7,HOME
20220702HHWO02022,3,0,HOME
20220702HTSK02022,2,1,HOME
20220702LTLG02022,1,8,AWAY
20220702OBKT02022,8,3,HOME
20220702SSNC02022,17,1,HOME
20220703HHWO02022,2,1,HOME
20220703HTSK02022,3,2,HOME
20220703LTLG02022,4,1,HOME
20220703OBKT02022,6,0,HOME
20220703SSNC02022,11,6,HOME
20220705LGSS02022,1,4,AWAY
20220705LTSK02022,4,3,HOME
20220705NCHH02022,0,1,AWAY
20220705WOOB02022,3,4,AWAY
20220706KTHT02022,1,8,AWAY
20220706LGSS02022,9,10,AWAY
20220706LTSK02022,5,12,AWAY
20220706NCHH02022,3,4,AWAY
20220706WOOB02022,5,2,HOME
20220707LGSS02022,9,11,AWAY
20220707LTSK02022,8,1,HOME
20220707NCHH02022,12,11,HOME
20220707WOOB02022,4,2,HOME
20220708HHHT02022,5,3,HOME
20220708LGOB02022,4,11,AWAY
20220708LTKT02022,6,3,HOME
20220708NCWO02022,3,2,HOME
20220708SKSS02022,8,9,AWAY
20220709HHHT02022,6,5,HOME
20220709LGOB02022,6,8,AWAY
20220709LTKT02022,3,1,HOME
20220709NCWO02022,10,1,HOME
20220709SKSS02022,10,13,AWAY
20220710HHHT02022,6,3,HOME
20220710LGOB02022,0,9,AWAY
20220710LTKT02022,1,9,AWAY
20220710NCWO02022,2,0,HOME
20220710SKSS02022,2,7,AWAY
20220712HHLT02022,3,2,HOME
20220712HTLG02022,1,7,AWAY
20220712OBNC02022,7,11,AWAY
20220712SSKT02022,4,3,HOME
20220712WOSK02022,7,3,HOME
20220713HHLT02022,2,0,HOME
20220713OBNC02022,4,1,HOME
20220714HHLT02022,10,7,HOME
20220714HTLG02022,6,2,HOME
20220714OBNC02022,3,11,AWAY
20220714SSKT02022,1,0,HOME
20220714WOSK02022,4,1,HOME
20220722HTLT02022,2,5,AWAY
20220722KTHH02022,8,0,HOME
20220722LGNC02022,5,4,HOME
20220722SKOB02022,0,1,AWAY
20220722SSWO02022,3,2,HOME
20220723HTLT02022,3,9,AWAY
20220723KTHH02022,3,5,AWAY
20220723LGNC02022,5,11,AWAY
20220723SSWO02022,6,0,HOME
20220724HTLT02022,0,23,AWAY
20220724KTHH02022,1,3,AWAY
20220724LGNC02022,6,1,HOME
20220724SKOB02022,4,5,AWAY
20220724SSWO02022,0,8,AWAY
20220726HHSS02022,2,4,AWAY
20220726LGSK02022,0,9,AWAY
20220726LTOB02022,6,1,HOME
20220726NCHT02022,1,9,AWAY
20220726WOKT02022,7,8,AWAY
20220727HHSS02022,11,10,HOME
20220727LGSK02022,6,3,HOME
20220727LTOB02022,6,5,HOME
20220727NCHT02022,9,5,HOME
20220727WOKT02022,5,4,HOME
20220728HHSS02022,3,3,DRAW
20220728LGSK02022,5,4,HOME
20220728LTOB02022,8,5,HOME
20220728NCHT02022,2,6,AWAY
20220728WOKT02022,8,2,HOME
20220729KTLG02022,4,5,AWAY
20220729LTSS02022,8,7,HOME
20220729OBHH02022,3,7,AWAY
20220729SKHT02022,11,2,HOME
20220729WONC02022,5,3,HOME
20220730KTLG02022,8,7,HOME
20220730LTSS02022,8,9,AWAY
20220730OBHH02022,11,1,HOME
20220730SKHT02022,5,7,AWAY
20220730WONC02022,3,3,DRAW
20220731LTSS02022,5,5,DRAW
20220731SKHT02022,2,3,AWAY
20220802HTHH02022,5,4,HOME
20220802LGLT02022,4,3,HOME
20220802SKWO02022,5,7,AWAY
20220803HTHH02022,3,6,AWAY
20220803KTNC02022,2,15,AWAY
20220803LGLT02022,1,4,AWAY
20220803SKWO02022,3,2,HOME
20220803SSOB02022,3,1,HOME
20220804HTHH02022,4,1,HOME
20220804KTNC02022,4,3,HOME
20220804LGLT02022,2,12,AWAY
20220804SKWO02022,5,6,AWAY
20220804SSOB02022,2,9,AWAY
20220805HHKT02022,5,1,HOME
20220805NCLT02022,7,2,HOME
20220805OBHT02022,3,5,AWAY
20220805SSSK02022,1,3,AWAY
20220805WOLG02022,7,8,AWAY
20220806HHKT02022,4,2,HOME
20220806NCLT02022,1,10,AWAY
20220806OBHT02022,4,7,AWAY
20220806SSSK02022,7,6,HOME
20220806WOLG02022,12,3,HOME
20220807HHKT02022,5,6,AWAY
20220807NCLT02022,0,14,AWAY
20220807OBHT02022,5,4,HOME
20220807SSSK02022,7,6,HOME
20220807WOLG02022,5,0,HOME
20220810HTSS02022,3,2,HOME
20220810KTSK02022,4,2,HOME
20220810LTWO02022,3,4,AWAY
20220810NCOB02022,0,11,AWAY
20220811KTSK02022,4,2,HOME
20220811LTWO02022,0,3,AWAY
20220811NCOB02022,2,3,AWAY
20220812HTSS02022,7,6,HOME
20220812KTSK02022,5,9,AWAY
20220812LGHH02022,5,6,AWAY
20220812LTWO02022,1,4,AWAY
20220812NCOB02022,7,1,HOME
20220813LTHT02022,9,0,HOME
20220813SKOB02022,2,8,AWAY
20220813SSKT02022,8,1,HOME
20220813WOHH02022,6,8,AWAY
20220814LGNC02022,6,2,HOME
20220814LTHT02022,1,5,AWAY
20220814SKOB02022,4,5,AWAY
20220814SSKT02022,3,2,HOME
20220814WOHH02022,8,12,AWAY
20220816SSLG02022,6,3,HOME
20220816WOKT02022,5,4,HOME
20220817HHNC02022,6,4,HOME
20220817OBLT02022,8,6,HOME
20220817SKHT02022,4,3,HOME
20220817SSLG02022,11,7,HOME
20220817WOKT02022,3,2,HOME
20220818KTLT02022,1,0,HOME
20220818LGSK02022,4,8,AWAY
20220818NCHT02022,8,14,AWAY
20220818SSHH02022,4,7,AWAY
20220818WOOB02022,10,2,HOME
20220819KTLT02022,3,4,AWAY
20220819NCHT02022,12,9,HOME
20220819SSHH02022,5,9,AWAY
20220820HHLT02022,3,5,AWAY
20220820HTKT02022,2,5,AWAY
20220820OBLG02022,6,1,HOME
20220820SKWO02022,7,14,AWAY
20220821HHLT02022,8,1,HOME
20220821HTKT02022,11,3,HOME
20220821NCSS02022,2,6,AWAY
20220821OBLG02022,2,4,AWAY
20220821SKWO02022,1,6,AWAY
20220823HTWO02022,3,12,AWAY
20220823KTOB02022,1,2,AWAY
20220823LGHH02022,6,4,HOME
20220823LTNC02022,3,9,AWAY
20220823SSSK02022,7,3,HOME
20220824HTWO02022,11,10,HOME
20220824KTOB02022,1,5,AWAY
20220824LGHH02022,2,9,AWAY
20220824LTNC02022,1,2,AWAY
20220824SSSK02022,4,2,HOME
20220825HTLG02022,0,1,AWAY
20220825OBHH02022,4,0,HOME
20220825SKKT02022,5,4,HOME
20220825SSLT02022,5,9,AWAY
20220825WONC02022,9,10,AWAY
20220826HTLG02022,3,1,HOME
20220826OBHH02022,2,1,HOME
20220826SKKT02022,12,3,HOME
20220826SSLT02022,8,3,HOME
20220826WONC02022,3,6,AWAY
20220827HHSS02022,7,4,HOME
20220827KTNC02022,9,2,HOME
20220827LTSK02022,10,0,HOME
20220827OBHT02022,1,2,AWAY
20220827WOLG02022,1,0,HOME
20220828HHSS02022,5,4,HOME
20220828KTNC02022,5,0,HOME
20220828LTSK02022,2,4,AWAY
20220828OBHT02022,11,6,HOME
20220828WOLG02022,7,0,HOME
20220830LTWO02022,6,5,HOME
20220831HTHH02022,3,4,AWAY
20220831LTWO02022,5,4,HOME
20220831NCLG02022,5,3,HOME
20220831OBKT02022,5,2,HOME
20220831SKSS02022,2,1,HOME
20220901HHWO02022,7,1,HOME
20220901LGKT02022,1,3,AWAY
20220901LTOB02022,2,1,HOME
20220901NCSK02022,2,3,AWAY
20220901SSHT02022,1,4,AWAY
20220902HHWO02022,4,0,HOME
20220902LGKT02022,1,2,AWAY
20220902LTOB02022,4,16,AWAY
20220902NCSK02022,5,3,HOME
20220902SSHT02022,8,3,HOME
20220903KTHT02022,1,5,AWAY
20220903NCHH02022,7,3,HOME
20220903SSOB02022,1,4,AWAY
20220903WOSK02022,1,2,AWAY
20220904KTHT02022,2,6,AWAY
20220904LGLT02022,1,14,AWAY
20220904NCHH02022,10,1,HOME
20220906HHKT02022,8,5,HOME
20220906HTLT02022,6,3,HOME
20220906OBNC02022,4,3,HOME
20220906SKLG02022,6,8,AWAY
20220906WOSS02022,11,4,HOME
20220907HHKT02022,4,2,HOME
20220907HTLT02022,6,12,AWAY
20220907OBNC02022,16,5,HOME
20220907SKLG02022,2,2,DRAW
20220907WOSS02022,2,1,HOME
20220908HHOB02022,4,5,AWAY
20220908HTSK02022,4,9,AWAY
20220908LGWO02022,3,2,HOME
20220908LTSS02022,1,2,AWAY
20220908NCKT02022,3,8,AWAY
20220909HHOB02022,11,0,HOME
20220909HTSK02022,9,16,AWAY
20220909LGWO02022,3,6,AWAY
20220909LTSS02022,4,0,HOME
20220909NCKT02022,1,17,AWAY
20220910HTOB02022,0,3,AWAY
20220910KTWO02022,1,2,AWAY
20220910LGSS02022,1,10,AWAY
20220910NCLT02022,3,6,AWAY
20220910SKHH02022,5,0,HOME
20220911HTOB02022,6,3,HOME
20220911KTWO02022,5,0,HOME
20220911LGSS02022,3,1,HOME
20220911NCLT02022,6,11,AWAY
20220911SKHH02022,1,12,AWAY
20220913KTHH02022,2,5,AWAY
20220913LGOB02022,0,5,AWAY
20220913SKLT02022,9,8,HOME
20220913SSNC02022,1,3,AWAY
20220913WOHT02022,1,4,AWAY
20220914KTHH02022,4,1,HOME
20220914LGOB02022,5,0,HOME
20220914SKLT02022,1,3,AWAY
20220914SSNC02022,7,2,HOME
20220914WOHT02022,0,2,AWAY
20220915HHHT02022,1,2,AWAY
20220915KTLG02022,2,0,HOME
20220915OBSS02022,13,3,HOME
20220915SKNC02022,6,0,HOME
20220915WOLT02022,4,2,HOME
20220916HHHT02022,6,7,AWAY
20220916OBSS02022,11,13,AWAY
20220916SKNC02022,0,10,AWAY
20220916WOLT02022,10,12,AWAY
20220917HHLG02022,4,1,HOME
20220917HTSS02022,10,1,HOME
20220917LTKT02022,0,2,AWAY
20220917NCWO02022,10,3,HOME
20220917OBSK02022,1,4,AWAY
20220918HHLG02022,1,5,AWAY
20220918HTSS02022,9,6,HOME
20220918LTKT02022,6,3,HOME
20220918NCWO02022,1,5,AWAY
20220918OBSK02022,14,13,HOME
20220920KTSK02022,4,2,HOME
20220920LGHT02022,1,11,AWAY
20220920LTHH02022,6,8,AWAY
20220920NCOB02022,8,2,HOME
20220920SSWO02022,2,10,AWAY
20220921KTSK02022,3,4,AWAY
20220921LGHT02022,2,11,AWAY
20220921LTHH02022,0,9,AWAY
20220921NCOB02022,1,5,AWAY
20220921SSWO02022,5,4,HOME
20220922HHSK02022,10,1,HOME
20220922HTNC02022,1,3,AWAY
20220922KTSS02022,7,9,AWAY
20220922LTLG02022,1,7,AWAY
20220922OBWO02022,2,5,AWAY
20220923HHSK02022,5,4,HOME
20220923HTNC02022,5,2,HOME
20220923KTSS02022,5,3,HOME
20220923LTLG02022,1,0,HOME
20220923OBWO02022,5,1,HOME
20220924HHLG02022,0,2,AWAY
20220924HTNC02022,0,3,AWAY
20220924LTWO02022,9,5,HOME
20220924OBSK02022,14,5,HOME
20220925HHOB02022,5,3,HOME
20220925HTSS02022,3,4,AWAY
20220925KTNC02022,1,9,AWAY
20220925LGSK02022,2,6,AWAY
20220927LGHH02022,0,1,AWAY
20220927OBKT02022,5,4,HOME
20220927WONC02022,6,5,HOME
20220928LGHH02022,1,4,AWAY
20220928OBKT02022,8,0,HOME
20220928SSNC02022,4,3,HOME
20220929KTLG02022,3,5,AWAY
20220929LTHT02022,5,4,HOME
20220929NCSS02022,3,0,HOME
20220929OBHH02022,5,6,AWAY
20220929WOSK02022,9,14,AWAY
20220930LTHH02022,5,6,AWAY
20220930NCLG02022,2,1,HOME
20220930OBSS02022,11,3,HOME
20220930WOSK02022,7,3,HOME
20221001NCLG02022,1,2,AWAY
20221001OBSS02022,4,3,HOME
20221001SKHT02022,2,3,AWAY
20221002HTHH02022,1,10,AWAY
20221002NCLG02022,0,2,AWAY
20221002OBLT02022,3,1,HOME
20221003OBLT02022,3,9,AWAY
20221003SKHH02022,7,4,HOME
20221004HTLG02022,3,8,AWAY
20221004SSKT02022,7,3,HOME
20221005LGHT02022,2,10,AWAY
20221005LTNC02022,7,3,HOME
20221005SKOB02022,5,2,HOME
20221005SSKT02022,4,7,AWAY
20221006LGHT02022,4,3,HOME
20221006SKNC02022,6,1,HOME
20221006SSOB02022,5,4,HOME
20221006WOHH02022,3,2,HOME
20221007KTHT02022,11,1,HOME
20221007LGNC02022,2,7,AWAY
20221007SSOB02022,2,8,AWAY
20221008HHNC02022,6,5,HOME
20221008KTHT02022,2,7,AWAY
20221008LGLT02022,3,2,HOME
20221008SKSS02022,6,1,HOME
20221008WOOB02022,1,5,AWAY
20221010NCKT02022,5,2,HOME
20221011KTLG02022,6,5,HOME
20230313HTHH02023,6,1,HOME
20230313KTWO02023,1,2,AWAY
20230313LGNC02023,2,4,AWAY
20230313OBLT02023,3,5,AWAY
20230313SKSS02023,3,1,HOME
20230314HTHH02023,3,8,AWAY
20230314KTWO02023,1,11,AWAY
20230314LGNC02023,2,5,AWAY
20230314OBLT02023,8,4,HOME
20230314SKSS02023,1,2,AWAY
20230315HTWO02023,2,6,AWAY
20230315KTHH02023,10,4,HOME
20230315LGSS02023,14,8,HOME
20230315OBNC02023,3,7,AWAY
20230315SKLT02023,2,4,AWAY
20230316HTWO02023,3,2,HOME
20230316KTHH02023,5,3,HOME
20230316LGSS02023,2,5,AWAY
20230316OBNC02023,3,0,HOME
20230316SKLT02023,3,3,DRAW
20230318KTSS02023,5,4,HOME
20230318LGLT02023,2,7,AWAY
20230318OBHT02023,3,3,DRAW
20230318SKNC02023,7,6,HOME
20230318WOHH02023,10,2,HOME
20230319KTSS02023,4,1,HOME
20230319LGLT02023,2,5,AWAY
20230319OBHT02023,8,1,HOME
20230319SKNC02023,4,3,HOME
20230319WOHH02023,4,12,AWAY
20230320LGHT02023,3,1,HOME
20230320LTSS02023,5,2,HOME
20230320OBKT02023,8,2,HOME
20230320SKHH02023,10,1,HOME
20230320WONC02023,0,6,AWAY
20230321LGHT02023,2,6,AWAY
20230321LTSS02023,12,10,HOME
20230321OBKT02023,5,5,DRAW
20230321SKHH02023,3,3,DRAW
20230321WONC02023,5,5,DRAW
20230323LGKT02023,2,6,AWAY
20230323SSWO02023,5,6,AWAY
20230324LGKT02023,7,1,HOME
20230324LTNC02023,5,6,AWAY
20230324OBHH02023,3,10,AWAY
20230324SKHT02023,2,3,AWAY
20230324SSWO02023,3,4,AWAY
20230325HHLT02023,1,5,AWAY
20230325LGWO02023,1,8,AWAY
20230325NCHT02023,4,4,DRAW
20230325SKKT02023,5,5,DRAW
20230325SSOB02023,3,5,AWAY
20230326HHLT02023,1,4,AWAY
20230326LGWO02023,4,2,HOME
20230326NCHT02023,4,3,HOME
20230326SKKT02023,4,1,HOME
20230326SSOB02023,1,2,AWAY
20230327HHSS02023,2,8,AWAY
20230327HTLT02023,6,2,HOME
20230327NCKT02023,2,0,HOME
20230327OBWO02023,3,5,AWAY
20230327SKLG02023,1,5,AWAY
20230328HHSS02023,3,14,AWAY
20230328HTLT02023,7,6,HOME
20230328NCKT02023,2,3,AWAY
20230328OBWO02023,1,2,AWAY
20230328SKLG02023,0,1,AWAY
20230401HHWO02023,3,2,HOME
20230401HTSK02023,4,1,HOME
20230401LGKT02023,11,6,HOME
20230401LTOB02023,12,10,HOME
20230401NCSS02023,0,8,AWAY
20230402HHWO02023,7,6,HOME
20230402HTSK02023,5,9,AWAY
20230402LGKT02023,9,10,AWAY
20230402LTOB02023,0,2,AWAY
20230402NCSS02023,8,6,HOME
20230404HHSS02023,7,6,HOME
20230404LGWO02023,1,7,AWAY
20230404LTSK02023,3,1,HOME
20230404NCOB02023,1,0,HOME
20230405LGWO02023,2,1,HOME
20230405NCOB02023,3,9,AWAY
20230406HHSS02023,1,8,AWAY
20230406LGWO02023,0,5,AWAY
20230406NCOB02023,6,2,HOME
20230407KTLT02023,1,7,AWAY
20230407OBHT02023,1,4,AWAY
20230407SKHH02023,3,7,AWAY
20230407SSLG02023,7,2,HOME
20230407WONC02023,2,0,HOME
20230408KTLT02023,3,7,AWAY
20230408OBHT02023,7,6,HOME
20230408SKHH02023,5,7,AWAY
20230408SSLG02023,2,1,HOME
20230408WONC02023,11,5,HOME
20230409KTLT02023,5,3,HOME
20230409OBHT02023,2,3,AWAY
20230409SKHH02023,0,3,AWAY
20230409SSLG02023,3,2,HOME
20230409WONC02023,6,1,HOME
20230411HHHT02023,4,5,AWAY
20230411KTNC02023,1,0,HOME
20230411LGLT02023,6,5,HOME
20230411SKSS02023,4,5,AWAY
20230411WOOB02023,6,4,HOME
20230412HHHT02023,2,0,HOME
20230412KTNC02023,5,1,HOME
20230412LGLT02023,8,12,AWAY
20230412SKSS02023,0,3,AWAY
20230413HHHT02023,1,5,AWAY
20230413KTNC02023,3,10,AWAY
20230413LGLT02023,8,7,HOME
20230413SKSS02023,11,9,HOME
20230413WOOB02023,2,9,AWAY
20230414HHKT02023,7,7,DRAW
20230414HTWO02023,9,2,HOME
20230414LTSS02023,9,7,HOME
20230414NCSK02023,2,1,HOME
20230414OBLG02023,13,4,HOME
20230415HHKT02023,2,7,AWAY
20230415HTWO02023,6,1,HOME
20230415LTSS02023,5,9,AWAY
20230415NCSK02023,0,1,AWAY
20230415OBLG02023,3,1,HOME
20230416HHKT02023,14,2,HOME
20230416HTWO02023,2,0,HOME
20230416LTSS02023,9,1,HOME
20230416NCSK02023,5,10,AWAY
20230416OBLG02023,5,10,AWAY
20230418HTLT02023,7,5,HOME
20230418NCLG02023,4,6,AWAY
20230418OBHH02023,0,2,AWAY
20230418SKKT02023,4,2,HOME
20230418SSWO02023,4,6,AWAY
20230419HTLT02023,0,6,AWAY
20230419NCLG02023,7,5,HOME
20230419OBHH02023,7,6,HOME
20230419SKKT02023,5,2,HOME
20230419SSWO02023,5,9,AWAY
20230420HTLT02023,5,3,HOME
20230420NCLG02023,9,4,HOME
20230420OBHH02023,1,5,AWAY
20230420SKKT02023,5,8,AWAY
20230420SSWO02023,6,1,HOME
20230421KTOB02023,10,6,HOME
20230421LGHH02023,2,4,AWAY
20230421LTNC02023,2,3,AWAY
20230421SSHT02023,5,4,HOME
20230421WOSK02023,3,1,HOME
20230422KTOB02023,5,1,HOME
20230422LGHH02023,0,3,AWAY
20230422LTNC02023,6,10,AWAY
20230422SSHT02023,6,2,HOME
20230422WOSK02023,3,2,HOME
20230423KTOB02023,1,1,DRAW
20230423LGHH02023,7,6,HOME
20230423LTNC02023,3,5,AWAY
20230423SSHT02023,5,3,HOME
20230423WOSK02023,9,7,HOME
20230425KTWO02023,1,0,HOME
20230425NCHT02023,0,6,AWAY
20230425SKLG02023,5,4,HOME
20230426HHLT02023,8,1,HOME
20230426KTWO02023,13,2,HOME
20230426NCHT02023,6,0,HOME
20230426OBSS02023,1,0,HOME
20230426SKLG02023,3,5,AWAY
20230427HHLT02023,3,0,HOME
20230427KTWO02023,3,1,HOME
20230427NCHT02023,5,0,HOME
20230427OBSS02023,7,6,HOME
20230427SKLG02023,6,3,HOME
20230428HTLG02023,3,4,AWAY
20230428NCHH02023,4,6,AWAY
20230428OBSK02023,4,1,HOME
20230428SSKT02023,9,10,AWAY
20230428WOLT02023,5,2,HOME
20230429HTLG02023,3,6,AWAY
20230429NCHH02023,2,3,AWAY
20230429OBSK02023,10,4,HOME
20230429SSKT02023,2,3,AWAY
20230430HTLG02023,8,12,AWAY
20230430NCHH02023,1,4,AWAY
20230430OBSK02023,0,2,AWAY
20230430SSKT02023,0,1,AWAY
20230430WOLT02023,5,3,HOME
20230502HHOB02023,3,0,HOME
20230502KTSK02023,4,11,AWAY
20230502LGNC02023,3,5,AWAY
20230502LTHT02023,4,7,AWAY
20230502WOSS02023,0,4,AWAY
20230503HHOB02023,3,8,AWAY
20230503KTSK02023,5,3,HOME
20230503LGNC02023,1,2,AWAY
20230503LTHT02023,10,2,HOME
20230503WOSS02023,1,4,AWAY
20230504HHOB02023,3,10,AWAY
20230504KTSK02023,10,2,HOME
20230504WOSS02023,14,1,HOME
20230505SKWO02023,1,3,AWAY
20230506SKWO02023,1,2,AWAY
20230507KTHH02023,6,2,HOME
20230507LGOB02023,1,11,AWAY
20230507SKWO02023,6,7,AWAY
20230509NCKT02023,4,16,AWAY
20230509OBLT02023,2,5,AWAY
20230509SKHT02023,3,0,HOME
20230509SSHH02023,1,9,AWAY
20230509WOLG02023,5,4,HOME
20230510NCKT02023,7,8,AWAY
20230510OBLT02023,3,0,HOME
20230510SKHT02023,3,5,AWAY
20230510SSHH02023,5,1,HOME
20230510WOLG02023,1,11,AWAY
20230511NCKT02023,1,4,AWAY
20230511OBLT02023,7,6,HOME
20230511SKHT02023,3,5,AWAY
20230511SSHH02023,4,0,HOME
20230511WOLG02023,1,0,HOME
20230512HHSK02023,2,5,AWAY
20230512HTOB02023,6,1,HOME
20230512LGSS02023,4,0,HOME
20230512LTKT02023,2,1,HOME
20230512NCWO02023,7,4,HOME
20230513HHSK02023,8,5,HOME
20230513HTOB02023,5,1,HOME
20230513LGSS02023,4,7,AWAY
20230513LTKT02023,0,5,AWAY
20230513NCWO02023,9,2,HOME
20230514HHSK02023,3,3,DRAW
20230514HTOB02023,8,4,HOME
20230514LGSS02023,5,8,AWAY
20230514LTKT02023,3,8,AWAY
20230514NCWO02023,4,6,AWAY
20230516HTSS02023,2,8,AWAY
20230516KTLG02023,7,12,AWAY
20230516LTHH02023,1,3,AWAY
20230516OBWO02023,1,4,AWAY
20230516SKNC02023,5,3,HOME
20230517HTSS02023,6,7,AWAY
20230517KTLG02023,7,3,HOME
20230517LTHH02023,2,1,HOME
20230517OBWO02023,6,9,AWAY
20230517SKNC02023,0,4,AWAY
20230518KTLG02023,9,5,HOME
20230518LTHH02023,3,7,AWAY
20230518OBWO02023,7,3,HOME
20230519HHLG02023,3,1,HOME
20230519OBKT02023,6,1,HOME
20230519SKLT02023,7,5,HOME
20230519SSNC02023,4,5,AWAY
20230519WOHT02023,10,1,HOME
20230520HHLG02023,1,1,DRAW
20230520OBKT02023,0,6,AWAY
20230520SKLT02023,0,5,AWAY
20230520SSNC02023,14,3,HOME
20230520WOHT02023,3,2,HOME
20230521HHLG02023,4,1,HOME
20230521OBKT02023,7,3,HOME
20230521SKLT02023,3,6,AWAY
20230521SSNC02023,1,2,AWAY
20230521WOHT02023,0,1,AWAY
20230523HTHH02023,9,5,HOME
20230523LGSK02023,1,9,AWAY
20230523NCLT02023,2,0,HOME
20230523SSOB02023,7,5,HOME
20230523WOKT02023,1,3,AWAY
20230524HTHH02023,2,4,AWAY
20230524LGSK02023,5,3,HOME
20230524NCLT02023,1,3,AWAY
20230524SSOB02023,1,6,AWAY
20230524WOKT02023,4,1,HOME
20230525HTHH02023,4,3,HOME
20230525LGSK02023,3,8,AWAY
20230525NCLT02023,11,1,HOME
20230525SSOB02023,4,3,HOME
20230525WOKT02023,3,0,HOME
20230526HHNC02023,11,0,HOME
20230526KTSS02023,1,4,AWAY
20230526LGHT02023,3,5,AWAY
20230526LTWO02023,0,2,AWAY
20230526SKOB02023,3,14,AWAY
20230527HHNC02023,0,5,AWAY
20230527KTSS02023,2,5,AWAY
20230527LGHT02023,6,3,HOME
20230527LTWO02023,5,6,AWAY
20230528KTSS02023,6,4,HOME
20230528LGHT02023,1,7,AWAY
20230528LTWO02023,7,5,HOME
20230530KTHT02023,6,1,HOME
20230530LTLG02023,3,1,HOME
20230530OBNC02023,5,0,HOME
20230530SSSK02023,3,2,HOME
20230530WOHH02023,7,1,HOME
20230531KTHT02023,7,1,HOME
20230531LTLG02023,1,7,AWAY
20230531OBNC02023,2,3,AWAY
20230531SSSK02023,2,3,AWAY
20230531WOHH02023,3,15,AWAY
20230601LTLG02023,6,1,HOME
20230601SSSK02023,14,2,HOME
20230601WOHH02023,7,3,HOME
20230602HTLT02023,14,2,HOME
20230602NCLG02023,2,9,AWAY
20230602OBKT02023,1,10,AWAY
20230602SSHH02023,7,8,AWAY
20230602WOSK02023,3,2,HOME
20230603HTLT02023,6,5,HOME
20230603NCLG02023,3,7,AWAY
20230603OBKT02023,13,3,HOME
20230603SSHH02023,2,7,AWAY
20230603WOSK02023,2,1,HOME
20230604HTLT02023,0,6,AWAY
20230604NCLG02023,1,3,AWAY
20230604OBKT02023,5,2,HOME
20230604SSHH02023,10,5,HOME
20230604WOSK02023,3,4,AWAY
20230606HHOB02023,4,1,HOME
20230606KTLT02023,1,4,AWAY
20230606LGWO02023,1,9,AWAY
20230606NCSS02023,9,6,HOME
20230606SKHT02023,1,2,AWAY
20230607HHOB02023,6,3,HOME
20230607KTLT02023,2,3,AWAY
20230607LGWO02023,5,5,DRAW
20230607NCSS02023,0,4,AWAY
20230607SKHT02023,8,9,AWAY
20230608HHOB02023,2,1,HOME
20230608KTLT02023,6,7,AWAY
20230608LGWO02023,13,0,HOME
20230608NCSS02023,1,7,AWAY
20230608SKHT02023,4,5,AWAY
20230609HTOB02023,3,7,AWAY
20230609LGHH02023,6,5,HOME
20230609LTSS02023,1,5,AWAY
20230609SKNC02023,5,2,HOME
20230609WOKT02023,3,2,HOME
20230610HTOB02023,3,6,AWAY
20230610LGHH02023,7,0,HOME
20230610LTSS02023,9,7,HOME
20230610SKNC02023,7,0,HOME
20230610WOKT02023,2,5,AWAY
20230611HTOB02023,3,2,HOME
20230611LGHH02023,7,13,AWAY
20230611LTSS02023,6,4,HOME
20230611SKNC02023,8,4,HOME
20230611WOKT02023,5,14,AWAY
20230613HHLT02023,7,5,HOME
20230613HTWO02023,1,0,HOME
20230613KTSK02023,8,1,HOME
20230613OBNC02023,4,11,AWAY
20230613SSLG02023,2,1,HOME
20230614HHLT02023,4,8,AWAY
20230614HTWO02023,2,1,HOME
20230614KTSK02023,4,14,AWAY
20230614OBNC02023,5,4,HOME
20230614SSLG02023,3,2,HOME
20230615HHLT02023,4,5,AWAY
20230615HTWO02023,4,8,AWAY
20230615KTSK02023,3,7,AWAY
20230615OBNC02023,10,3,HOME
20230615SSLG02023,9,3,HOME
20230616LTSK02023,12,1,HOME
20230616NCHT02023,13,11,HOME
20230616OBLG02023,7,4,HOME
20230616SSKT02023,7,6,HOME
20230616WOHH02023,2,2,DRAW
20230617LTSK02023,8,5,HOME
20230617NCHT02023,7,10,AWAY
20230617OBLG02023,4,7,AWAY
20230617SSKT02023,6,5,HOME
20230617WOHH02023,6,9,AWAY
20230618LTSK02023,2,7,AWAY
20230618NCHT02023,7,7,DRAW
20230618OBLG02023,15,3,HOME
20230618SSKT02023,5,7,AWAY
20230618WOHH02023,5,6,AWAY
20230620HTHH02023,4,6,AWAY
20230620LGNC02023,8,4,HOME
20230620LTKT02023,5,2,HOME
20230620SKOB02023,1,6,AWAY
20230620WOSS02023,2,7,AWAY
20230621HTHH02023,7,4,HOME
20230621LGNC02023,3,9,AWAY
20230621LTKT02023,8,2,HOME
20230621SKOB02023,1,3,AWAY
20230621WOSS02023,0,2,AWAY
20230622HTHH02023,1,0,HOME
20230622LGNC02023,3,4,AWAY
20230622LTKT02023,4,2,HOME
20230622SKOB02023,3,5,AWAY
20230622WOSS02023,1,2,AWAY
20230623HHNC02023,2,6,AWAY
20230623KTHT02023,3,10,AWAY
20230623LTLG02023,1,2,AWAY
20230623OBWO02023,1,2,AWAY
20230623SSSK02023,6,0,HOME
20230624HHNC02023,1,7,AWAY
20230624KTHT02023,4,1,HOME
20230624LTLG02023,9,1,HOME
20230624OBWO02023,4,2,HOME
20230624SSSK02023,13,10,HOME
20230625LTLG02023,7,3,HOME
20230625OBWO02023,2,17,AWAY
20230625SSSK02023,2,5,AWAY
20230627KTHH02023,4,1,HOME
20230627LGSK02023,0,14,AWAY
20230627NCOB02023,3,2,HOME
20230627SSLT02023,5,3,HOME
20230627WOHT02023,1,8,AWAY
20230628KTHH02023,6,4,HOME
20230628LGSK02023,6,8,AWAY
20230628NCOB02023,1,4,AWAY
20230628SSLT02023,9,6,HOME
20230628WOHT02023,5,7,AWAY
20230630HHSS02023,1,6,AWAY
20230630HTLG02023,5,4,HOME
20230630NCKT02023,3,2,HOME
20230630OBLT02023,1,0,HOME
20230630SKWO02023,3,7,AWAY
20230701HHSS02023,4,10,AWAY
20230701HTLG02023,3,5,AWAY
20230701NCKT02023,7,6,HOME
20230701OBLT02023,1,2,AWAY
20230701SKWO02023,6,3,HOME
20230702HHSS02023,2,1,HOME
20230702HTLG02023,3,1,HOME
20230702NCKT02023,5,0,HOME
20230702OBLT02023,2,4,AWAY
20230702SKWO02023,5,9,AWAY
20230704NCWO02023,8,4,HOME
20230704OBSS02023,3,5,AWAY
20230705HTSK02023,3,17,AWAY
20230705KTLG02023,4,8,AWAY
20230705LTHH02023,5,3,HOME
20230705NCWO02023,2,0,HOME
20230705OBSS02023,4,7,AWAY
20230706HTSK02023,6,7,AWAY
20230706KTLG02023,8,7,HOME
20230706LTHH02023,3,4,AWAY
20230706NCWO02023,4,5,AWAY
20230706OBSS02023,1,5,AWAY
20230707HTKT02023,2,6,AWAY
20230707WOOB02023,10,0,HOME
20230708HTKT02023,0,7,AWAY
20230708LGLT02023,3,12,AWAY
20230708SKHH02023,7,9,AWAY
20230708SSNC02023,0,8,AWAY
20230708WOOB02023,5,2,HOME
20230709HTKT02023,1,5,AWAY
20230709LGLT02023,7,4,HOME
20230709SKHH02023,7,0,HOME
20230709SSNC02023,0,7,AWAY
20230709WOOB02023,9,2,HOME
20230711KTWO02023,2,4,AWAY
20230712HHLG02023,1,2,AWAY
20230712KTWO02023,3,4,AWAY
20230712LTNC02023,11,2,HOME
20230712OBSK02023,1,4,AWAY
20230712SSHT02023,3,2,HOME
20230713KTWO02023,0,9,AWAY
20230713LTNC02023,13,3,HOME
20230713SSHT02023,1,4,AWAY
20230721KTSS02023,2,7,AWAY
20230721NCHH02023,3,9,AWAY
20230721OBHT02023,2,5,AWAY
20230721SKLG02023,4,6,AWAY
20230721WOLT02023,2,0,HOME
20230722KTSS02023,5,2,HOME
20230722NCHH02023,5,7,AWAY
20230722WOLT02023,3,5,AWAY
20230723KTSS02023,7,8,AWAY
20230723WOLT02023,6,7,AWAY
20230725HHWO02023,6,16,AWAY
20230725HTNC02023,5,3,HOME
20230725LGKT02023,4,1,HOME
20230725LTOB02023,8,5,HOME
20230725SKSS02023,5,1,HOME
20230726HHWO02023,4,5,AWAY
20230726HTNC02023,3,13,AWAY
20230726LGKT02023,4,3,HOME
20230726LTOB02023,2,7,AWAY
20230726SKSS02023,7,8,AWAY
20230727HHWO02023,2,0,HOME
20230727HTNC02023,4,0,HOME
20230727LGKT02023,6,9,AWAY
20230727LTOB02023,1,9,AWAY
20230727SKSS02023,6,5,HOME
20230728HHSK02023,3,4,AWAY
20230728KTNC02023,2,10,AWAY
20230728LGOB02023,2,9,AWAY
20230728LTHT02023,6,5,HOME
20230728SSWO02023,5,5,DRAW
20230729HHSK02023,6,3,HOME
20230729KTNC02023,2,8,AWAY
20230729LGOB02023,6,7,AWAY
20230729LTHT02023,4,1,HOME
20230729SSWO02023,2,7,AWAY
20230730HHSK02023,6,1,HOME
20230730KTNC02023,2,5,AWAY
20230730LGOB02023,0,10,AWAY
20230730LTHT02023,6,3,HOME
20230730SSWO02023,6,10,AWAY
20230801HTSS02023,8,11,AWAY
20230801NCLT02023,3,6,AWAY
20230801OBHH02023,3,8,AWAY
20230801SKKT02023,8,0,HOME
20230801WOLG02023,4,2,HOME
20230802HTSS02023,7,6,HOME
20230802NCLT02023,6,3,HOME
20230802OBHH02023,1,4,AWAY
20230802SKKT02023,1,0,HOME
20230802WOLG02023,6,3,HOME
20230803HTSS02023,8,12,AWAY
20230803NCLT02023,1,8,AWAY
20230803OBHH02023,5,2,HOME
20230803SKKT02023,3,1,HOME
20230803WOLG02023,5,4,HOME
20230804HHHT02023,9,3,HOME
20230804KTOB02023,3,4,AWAY
20230804LGSS02023,5,4,HOME
20230804SKLT02023,1,4,AWAY
20230804WONC02023,4,2,HOME
20230805HHHT02023,9,3,HOME
20230805KTOB02023,7,4,HOME
20230805LGSS02023,6,3,HOME
20230805SKLT02023,6,9,AWAY
20230805WONC02023,4,3,HOME
20230806HHHT02023,4,4,DRAW
20230806KTOB02023,1,3,AWAY
20230806LGSS02023,4,7,AWAY
20230806SKLT02023,1,0,HOME
20230806WONC02023,12,7,HOME
20230808HHKT02023,7,2,HOME
20230808LTWO02023,1,3,AWAY
20230808NCSK02023,0,2,AWAY
20230808SSOB02023,5,3,HOME
20230809HHKT02023,12,6,HOME
20230809LGHT02023,2,6,AWAY
20230809LTWO02023,10,8,HOME
20230809NCSK02023,2,1,HOME
20230809SSOB02023,4,6,AWAY
20230810LTWO02023,8,12,AWAY
20230811HTLT02023,7,1,HOME
20230811NCKT02023,3,7,AWAY
20230811OBHH02023,4,11,AWAY
20230811SSSK02023,4,5,AWAY
20230811WOLG02023,5,3,HOME
20230812HTLT02023,5,13,AWAY
20230812NCKT02023,4,3,HOME
20230812OBHH02023,6,1,HOME
20230812SSSK02023,3,2,HOME
20230812WOLG02023,8,4,HOME
20230813HTLT02023,6,1,HOME
20230813NCKT02023,4,0,HOME
20230813OBHH02023,8,3,HOME
20230813SSSK02023,4,0,HOME
20230813WOLG02023,17,8,HOME
20230815HHNC02023,3,3,DRAW
20230815KTOB02023,0,1,AWAY
20230815LGSS02023,6,5,HOME
20230815SKLT02023,10,6,HOME
20230815WOHT02023,6,9,AWAY
20230816HHNC02023,3,4,AWAY
20230816KTOB02023,2,5,AWAY
20230816LGSS02023,3,6,AWAY
20230816SKLT02023,7,4,HOME
20230816WOHT02023,11,3,HOME
20230817HHNC02023,10,9,HOME
20230817KTOB02023,8,9,AWAY
20230817LGSS02023,4,2,HOME
20230817SKLT02023,15,4,HOME
20230817WOHT02023,8,4,HOME
20230818HTSS02023,12,2,HOME
20230818KTHH02023,11,6,HOME
20230818LGSK02023,4,8,AWAY
20230818LTWO02023,5,4,HOME
20230819HTSS02023,5,6,AWAY
20230819KTHH02023,4,5,AWAY
20230819LGSK02023,2,11,AWAY
20230819LTWO02023,5,2,HOME
20230819NCOB02023,4,1,HOME
20230820HTSS02023,6,4,HOME
20230820KTHH02023,0,3,AWAY
20230820LGSK02023,2,1,HOME
20230820LTWO02023,7,6,HOME
20230820NCOB02023,5,12,AWAY
20230822HTKT02023,8,4,HOME
20230822OBWO02023,1,6,AWAY
20230822SSHH02023,3,5,AWAY
20230823OBWO02023,4,11,AWAY
20230824HTKT02023,3,7,AWAY
20230824LTLG02023,3,1,HOME
20230824NCSK02023,7,4,HOME
20230824OBWO02023,6,8,AWAY
20230825HHHT02023,4,1,HOME
20230825KTLT02023,1,3,AWAY
20230825LGNC02023,14,1,HOME
20230825SKOB02023,10,1,HOME
20230825WOSS02023,4,7,AWAY
20230826HHHT02023,12,4,HOME
20230826KTLT02023,6,8,AWAY
20230826LGNC02023,7,5,HOME
20230826SKOB02023,5,7,AWAY
20230826WOSS02023,6,5,HOME
20230827HHHT02023,5,2,HOME
20230827KTLT02023,1,2,AWAY
20230827LGNC02023,5,3,HOME
20230827SKOB02023,5,8,AWAY
20230827WOSS02023,8,6,HOME
20230830WOSK02023,11,7,HOME
20230831LTHH02023,2,5,AWAY
20230831NCHT02023,13,3,HOME
20230831OBLG02023,3,2,HOME
20230831SSKT02023,6,4,HOME
20230831WOSK02023,3,8,AWAY
20230901HHLG02023,10,0,HOME
20230901HTSK02023,2,10,AWAY
20230901KTWO02023,6,2,HOME
20230901NCSS02023,0,10,AWAY
20230902HHLG02023,3,5,AWAY
20230902HTSK02023,4,12,AWAY
20230902KTWO02023,3,0,HOME
20230902NCSS02023,1,5,AWAY
20230903HHLG02023,3,5,AWAY
20230903HTSK02023,6,8,AWAY
20230903KTWO02023,7,0,HOME
20230903NCSS02023,6,1,HOME
20230903OBLT02023,0,2,AWAY
20230904OBLT02023,4,3,HOME
20230905LGKT02023,4,5,AWAY
20230905SKHH02023,6,11,AWAY
20230905SSLT02023,10,3,HOME
20230905WONC02023,2,1,HOME
20230906HTOB02023,1,7,AWAY
20230906LGKT02023,4,3,HOME
20230906SKHH02023,6,5,HOME
20230906SSLT02023,2,7,AWAY
20230906WONC02023,8,2,HOME
20230907HTOB02023,3,0,HOME
20230907LGKT02023,4,11,AWAY
20230907SKHH02023,4,3,HOME
20230907SSLT02023,2,1,HOME
20230907WONC02023,6,1,HOME
20230908HHWO02023,5,6,AWAY
20230908LGHT02023,2,12,AWAY
20230908LTNC02023,4,3,HOME
20230908SKKT02023,16,7,HOME
20230908SSOB02023,8,7,HOME
20230909HHWO12023,2,11,AWAY
20230909HHWO22023,1,3,AWAY
20230909LGHT12023,7,6,HOME
20230909LGHT22023,12,7,HOME
20230909LTNC12023,2,5,AWAY
20230909LTNC22023,6,5,HOME
20230909SKKT02023,8,8,DRAW
20230909SSOB12023,1,5,AWAY
20230909SSOB22023,4,0,HOME
20230910HHWO02023,8,9,AWAY
20230910LGHT02023,8,7,HOME
20230910LTNC02023,3,1,HOME
20230910SKKT02023,5,6,AWAY
20230910SSOB02023,8,2,HOME
20230912HHOB02023,8,3,HOME
20230912HTSS02023,10,9,HOME
20230912KTSK02023,0,3,AWAY
20230912NCLT02023,3,4,AWAY
20230913KTNC02023,2,6,AWAY
20230913LTHT02023,1,3,AWAY
20230914KTSS02023,10,4,HOME
20230914SKOB02023,3,2,HOME
20230915LGHH02023,3,4,AWAY
20230915OBHT02023,6,8,AWAY
20230915SSNC02023,8,1,HOME
20230915WOLT02023,5,4,HOME
20230916SKLG02023,10,4,HOME
20230917KTHH12023,0,7,AWAY
20230917KTHH22023,1,3,AWAY
20230917LTSS02023,4,7,AWAY
20230917OBHT02023,3,8,AWAY
20230917SKLG12023,8,3,HOME
20230917SKLG22023,9,5,HOME
20230918KTHH02023,6,2,HOME
20230918OBHT02023,4,8,AWAY
20230919LGHT02023,3,4,AWAY
20230919NCOB02023,1,2,AWAY
20230919SKHH02023,3,5,AWAY
20230919SSKT02023,7,1,HOME
20230919WOLT02023,3,6,AWAY
20230921HTHH02023,14,8,HOME
20230921LGSK02023,1,2,AWAY
20230921LTKT02023,5,0,HOME
20230921NCWO02023,5,1,HOME
20230921OBSS02023,1,5,AWAY
20230922KTHT02023,2,1,HOME
20230922LTSK02023,2,5,AWAY
20230922NCLG02023,4,5,AWAY
20230922OBSS02023,1,3,AWAY
20230922WOHH02023,6,11,AWAY
20230923HHLG02023,3,1,HOME
20230923KTHT02023,1,4,AWAY
20230923LTSK02023,4,2,HOME
20230923OBNC02023,1,3,AWAY
20230924HHLG02023,5,1,HOME
20230924KTHT02023,2,3,AWAY
20230924LTSK02023,1,8,AWAY
20230924OBNC02023,6,5,HOME
20230926HTNC02023,4,6,AWAY
20230927HTNC12023,7,0,HOME
20230927HTNC22023,1,6,AWAY
20230927KTLG12023,4,0,HOME
20230927KTLG22023,3,0,HOME
20230927OBSK12023,7,7,DRAW
20230927OBSK22023,6,3,HOME
20230927SSHH12023,3,11,AWAY
20230927SSHH22023,4,0,HOME
20230928HHLT02023,3,0,HOME
20230928HTNC02023,18,3,HOME
20230928SKWO02023,4,2,HOME
20230928SSLG02023,1,11,AWAY
20230929HHLT02023,9,1,HOME
20230929HTWO02023,5,13,AWAY
20230929LGOB02023,4,3,HOME
20230930HTSK02023,4,3,HOME
20230930LGOB02023,3,1,HOME
20230930NCSS02023,3,1,HOME
20231001HTSK02023,6,5,HOME
20231001LGOB02023,4,7,AWAY
20231001NCHH02023,4,3,HOME
20231001SSLT02023,8,5,HOME
20231001WOKT02023,6,3,HOME
20231002LGKT02023,4,5,AWAY
20231002NCHH02023,10,0,HOME
20231002SSLT12023,8,9,AWAY
20231002SSLT22023,6,8,AWAY
20231002WOOB02023,7,2,HOME
20231003HTKT02023,1,3,AWAY
20231003NCSK02023,9,7,HOME
20231003SSLT02023,10,4,HOME
20231003WOOB02023,5,6,AWAY
20231004HHSS02023,7,11,AWAY
20231004HTKT12023,2,10,AWAY
20231004HTKT22023,3,2,HOME
20231004LGLT02023,6,7,AWAY
20231004NCSK02023,10,5,HOME
20231005HHSS02023,3,1,HOME
20231005HTKT02023,5,3,HOME
20231005LGLT02023,3,5,AWAY
20231005NCSK02023,4,3,HOME
20231006HHSK02023,7,2,HOME
20231006HTLG02023,2,3,AWAY
20231006SSKT02023,2,6,AWAY
20231007HHKT02023,17,0,HOME
20231007LGWO02023,7,1,HOME
20231007LTOB02023,3,6,AWAY
20231007SKNC02023,3,2,HOME
20231008HHKT02023,9,2,HOME
20231008LTOB02023,2,1,HOME
20231008SKNC02023,8,10,AWAY
20231008SSHT02023,2,1,HOME
20231009HHNC02023,11,6,HOME
20231009LTLG02023,1,8,AWAY
20231009SSHT02023,3,1,HOME
20231010HHNC02023,2,0,HOME
20231010LTLG02023,7,0,HOME
20231010OBKT02023,5,4,HOME
20231010SKHT02023,5,6,AWAY
20231010SSWO02023,5,3,HOME
20231011OBLT02023,14,3,HOME
20231011WOHT02023,11,0,HOME
20231012LTHT02023,6,5,HOME
20231012NCOB02023,11,1,HOME
20231013HTOB02023,3,1,HOME
20231013LGNC02023,8,4,HOME
20231013WOSK02023,3,2,HOME
20231014LTHH02023,8,0,HOME
20231014OBLG02023,2,3,AWAY
20231014SKSS02023,5,3,HOME
20231015LTHH02023,7,4,HOME
20231015OBLG02023,5,2,HOME
20231015SSNC02023,5,3,HOME
20231016LTHH02023,2,7,AWAY
20231016NCHT02023,4,2,HOME
20231016SKOB02023,2,3,AWAY
20231017NCHT02023,7,1,HOME
20231017OBSK02023,5,0,HOME
20240308HTLT02024,0,0,DRAW
20240308LGKT02024,0,0,DRAW
20240308OBHH02024,0,0,DRAW
20240308SKSS02024,0,0,DRAW
20240308WONC02024,0,0,DRAW
20240309HTNC02024,3,10,AWAY
20240309LGKT02024,2,5,AWAY
20240309SKLT02024,6,1,HOME
20240309SSHH02024,6,2,HOME
20240309WOOB02024,12,8,HOME
20240310HTNC02024,6,4,HOME
20240310LGKT02024,3,2,HOME
20240310SKLT02024,13,5,HOME
20240310SSHH02024,1,6,AWAY
20240310WOOB02024,3,1,HOME
20240311HTHH02024,0,3,AWAY
20240311LGSS02024,2,5,AWAY
20240311OBLT02024,0,3,AWAY
20240311SKKT02024,0,3,AWAY
20240311WONC02024,9,3,HOME
20240312HTHH02024,9,1,HOME
20240312LGSS02024,0,3,AWAY
20240312SKKT02024,8,4,HOME
20240312WONC02024,8,7,HOME
20240314HTOB02024,7,2,HOME
20240314KTHH02024,6,4,HOME
20240314LGNC02024,6,4,HOME
20240314LTSS02024,0,7,AWAY
20240314WOSK02024,4,5,AWAY
20240315HTOB02024,5,4,HOME
20240315KTHH02024,11,11,DRAW
20240315LGNC02024,7,11,AWAY
20240315LTSS02024,3,2,HOME
20240315WOSK02024,11,6,HOME
20240316HHLT02024,2,8,AWAY
20240316KTHT02024,4,5,AWAY
20240316NCSS02024,3,2,HOME
20240316OBSK02024,1,2,AWAY
20240316WOLG02024,3,1,HOME
20240317HHLT02024,2,14,AWAY
20240317KTHT02024,14,4,HOME
20240317NCSS02024,2,5,AWAY
20240317OBSK02024,6,11,AWAY
20240318LTKT02024,3,2,HOME
20240318NCSK02024,3,1,HOME
20240318OBHH02024,0,2,AWAY
20240318SSHT02024,3,8,AWAY
20240319NCSK02024,2,7,AWAY
20240319OBHH02024,7,7,DRAW
20240319SSHT02024,9,3,HOME
20240319WOLG02024,12,1,HOME
20240323HHLG02024,8,2,HOME
20240323LTSK02024,5,3,HOME
20240323OBNC02024,4,3,HOME
20240323SSKT02024,2,6,AWAY
20240323WOHT02024,7,5,HOME
20240324HHLG02024,4,8,AWAY
20240324LTSK02024,7,6,HOME
20240324OBNC02024,3,6,AWAY
20240324SSKT02024,8,11,AWAY
20240326HHSK02024,0,6,AWAY
20240326LTHT02024,2,1,HOME
20240326OBKT02024,5,8,AWAY
20240326SSLG02024,4,3,HOME
20240326WONC02024,10,5,HOME
20240327HHSK02024,1,3,AWAY
20240327LTHT02024,8,2,HOME
20240327OBKT02024,8,11,AWAY
20240327SSLG02024,2,2,DRAW
20240327WONC02024,6,2,HOME
20240328HHSK02024,6,10,AWAY
20240328OBKT02024,8,7,HOME
20240328SSLG02024,18,1,HOME
20240329HTOB02024,2,4,AWAY
20240329KTHH02024,3,2,HOME
20240329LGWO02024,0,3,AWAY
20240329NCLT02024,3,1,HOME
20240329SKSS02024,4,6,AWAY
20240330HTOB02024,8,0,HOME
20240330KTHH02024,8,5,HOME
20240330LGWO02024,8,3,HOME
20240330NCLT02024,0,8,AWAY
20240330SKSS02024,6,9,AWAY
20240331HTOB02024,3,9,AWAY
20240331KTHH02024,14,3,HOME
20240331LGWO02024,8,4,HOME
20240331NCLT02024,7,8,AWAY
20240331SKSS02024,3,4,AWAY
20240402HTKT02024,10,6,HOME
20240402LTHH02024,0,1,AWAY
20240402NCLG02024,5,7,AWAY
20240402OBSK02024,13,6,HOME
20240402WOSS02024,3,8,AWAY
20240403HTKT02024,1,5,AWAY
20240403NCLG02024,5,0,HOME
20240403OBSK02024,5,3,HOME
20240404HTKT02024,3,6,AWAY
20240404LTHH02024,6,5,HOME
20240404NCLG02024,8,7,HOME
20240404OBSK02024,3,2,HOME
20240404WOSS02024,1,10,AWAY
20240405HHWO02024,11,7,HOME
20240405KTLG02024,7,8,AWAY
20240405OBLT02024,3,4,AWAY
20240405SKNC02024,5,0,HOME
20240405SSHT02024,5,2,HOME
20240406HHWO02024,7,6,HOME
20240406KTLG02024,8,4,HOME
20240406OBLT02024,8,1,HOME
20240406SKNC02024,16,3,HOME
20240406SSHT02024,4,7,AWAY
20240407HHWO02024,4,3,HOME
20240407KTLG02024,16,7,HOME
20240407OBLT02024,7,6,HOME
20240407SKNC02024,10,1,HOME
20240407SSHT02024,3,7,AWAY
20240409HHOB02024,5,3,HOME
20240409KTNC02024,1,6,AWAY
20240409LGHT02024,7,2,HOME
20240409SSLT02024,1,8,AWAY
20240409WOSK02024,8,5,HOME
20240410HHOB02024,7,4,HOME
20240410KTNC02024,3,2,HOME
20240410LGHT02024,5,4,HOME
20240410SSLT02024,7,10,AWAY
20240410WOSK02024,8,4,HOME
20240411HHOB02024,0,3,AWAY
20240411KTNC02024,8,7,HOME
20240411LGHT02024,8,4,HOME
20240411SSLT02024,0,4,AWAY
20240411WOSK02024,2,5,AWAY
20240412HTHH02024,4,8,AWAY
20240412LGOB02024,1,2,AWAY
20240412LTWO02024,9,4,HOME
20240412NCSS02024,3,8,AWAY
20240412SKKT02024,8,3,HOME
20240413HTHH02024,9,11,AWAY
20240413LGOB02024,5,2,HOME
20240413LTWO02024,8,1,HOME
20240413NCSS02024,3,4,AWAY
20240413SKKT02024,8,11,AWAY
20240414HTHH02024,2,5,AWAY
20240414LGOB02024,9,5,HOME
20240414LTWO02024,7,5,HOME
20240414NCSS02024,12,5,HOME
20240414SKKT02024,1,8,AWAY
20240416HHNC02024,4,7,AWAY
20240416HTSK02024,6,4,HOME
20240416KTWO02024,6,3,HOME
20240416LTLG02024,7,2,HOME
20240416OBSS02024,7,5,HOME
20240417HHNC02024,4,3,HOME
20240417HTSK02024,3,11,AWAY
20240417KTWO02024,4,6,AWAY
20240417LTLG02024,6,5,HOME
20240417OBSS02024,9,2,HOME
20240418HTSK02024,7,5,HOME
20240418KTWO02024,0,3,AWAY
20240418LTLG02024,2,9,AWAY
20240418OBSS02024,5,2,HOME
20240419KTLT02024,4,3,HOME
20240419LGSK02024,1,4,AWAY
20240419NCHT02024,4,3,HOME
20240419SSHH02024,6,1,HOME
20240419WOOB02024,19,8,HOME
20240420NCHT02024,9,2,HOME
20240420SSHH02024,0,1,AWAY
20240421KTLT12024,9,9,DRAW
20240421KTLT22024,7,5,HOME
20240421LGSK12024,8,10,AWAY
20240421LGSK22024,5,5,DRAW
20240421NCHT02024,4,15,AWAY
20240421SSHH02024,3,5,AWAY
20240421WOOB12024,4,8,AWAY
20240421WOOB22024,2,1,HOME
20240423HHKT02024,9,6,HOME
20240423HTWO02024,2,5,AWAY
20240423LGSS02024,7,3,HOME
20240423NCOB02024,4,3,HOME
20240424HHKT02024,7,1,HOME
20240424HTWO02024,4,6,AWAY
20240424LGSS02024,6,0,HOME
20240424NCOB02024,1,3,AWAY
20240424SKLT02024,7,12,AWAY
20240425HHKT02024,9,0,HOME
20240425HTWO02024,2,13,AWAY
20240425LGSS02024,2,8,AWAY
20240425NCOB02024,7,3,HOME
20240425SKLT02024,6,3,HOME
20240426HTLG02024,7,6,HOME
20240426KTSK02024,5,2,HOME
20240426LTNC02024,4,0,HOME
20240426OBHH02024,5,10,AWAY
20240426SSWO02024,0,3,AWAY
20240427HTLG02024,6,3,HOME
20240427KTSK02024,2,5,AWAY
20240427LTNC02024,2,0,HOME
20240427OBHH02024,10,5,HOME
20240427SSWO02024,0,11,AWAY
20240428HTLG02024,7,10,AWAY
20240428KTSK02024,11,6,HOME
20240428LTNC02024,5,3,HOME
20240428OBHH02024,8,17,AWAY
20240428SSWO02024,6,11,AWAY
20240430KTHT02024,4,11,AWAY
20240430LGNC02024,8,0,HOME
20240430SKHH02024,8,2,HOME
20240430SSOB02024,4,0,HOME
20240430WOLT02024,7,9,AWAY
20240501KTHT02024,9,1,HOME
20240501LGNC02024,1,10,AWAY
20240501SKHH02024,7,8,AWAY
20240501SSOB02024,2,9,AWAY
20240501WOLT02024,3,6,AWAY
20240502KTHT02024,5,12,AWAY
20240502LGNC02024,4,5,AWAY
20240502SKHH02024,3,4,AWAY
20240502SSOB02024,2,4,AWAY
20240502WOLT02024,6,5,HOME
20240503HHHT02024,2,4,AWAY
20240503LTSS02024,7,8,AWAY
20240503NCSK02024,5,19,AWAY
20240503OBLG02024,4,6,AWAY
20240503WOKT02024,2,1,HOME
20240504HHHT02024,10,2,HOME
20240504LTSS02024,2,9,AWAY
20240504NCSK02024,6,8,AWAY
20240504OBLG02024,2,3,AWAY
20240504WOKT02024,6,2,HOME
20240507OBWO02024,4,13,AWAY
20240507SKLG02024,2,4,AWAY
20240508HHLT02024,6,1,HOME
20240508HTSS02024,2,4,AWAY
20240508NCKT02024,7,6,HOME
20240508OBWO02024,1,6,AWAY
20240508SKLG02024,8,5,HOME
20240509HHLT02024,18,5,HOME
20240509HTSS02024,5,2,HOME
20240509NCKT02024,6,2,HOME
20240509OBWO02024,2,5,AWAY
20240509SKLG02024,3,1,HOME
20240510KTOB02024,7,3,HOME
20240510LGLT02024,1,9,AWAY
20240510SKHT02024,2,4,AWAY
20240510SSNC02024,10,3,HOME
20240510WOHH02024,5,4,HOME
20240511LGLT02024,1,2,AWAY
20240511SSNC02024,2,3,AWAY
20240511WOHH02024,1,7,AWAY
20240512KTOB12024,12,4,HOME
20240512KTOB22024,8,4,HOME
20240512LGLT02024,4,6,AWAY
20240512SKHT12024,3,2,HOME
20240512SKHT22024,6,10,AWAY
20240512SSNC02024,2,7,AWAY
20240512WOHH02024,8,3,HOME
20240514LTKT02024,7,4,HOME
20240514NCHH02024,5,5,DRAW
20240514OBHT02024,5,8,AWAY
20240514SSSK02024,9,2,HOME
20240514WOLG02024,0,5,AWAY
20240515NCHH02024,1,16,AWAY
20240515OBHT02024,8,4,HOME
20240516LTKT02024,0,2,AWAY
20240516NCHH02024,3,4,AWAY
20240516OBHT02024,7,7,DRAW
20240516SSSK02024,4,12,AWAY
20240516WOLG02024,5,6,AWAY
20240517HHSS02024,7,5,HOME
20240517HTNC02024,4,7,AWAY
20240517LGKT02024,5,13,AWAY
20240517LTOB02024,1,5,AWAY
20240517SKWO02024,4,5,AWAY
20240518HHSS02024,9,8,HOME
20240518HTNC02024,2,7,AWAY
20240518LGKT02024,6,7,AWAY
20240518LTOB02024,8,3,HOME
20240518SKWO02024,0,3,AWAY
20240519HHSS02024,2,12,AWAY
20240519HTNC02024,1,2,AWAY
20240519LGKT02024,10,4,HOME
20240519LTOB02024,3,3,DRAW
20240519SKWO02024,10,3,HOME
20240521HTLT02024,6,1,HOME
20240521KTSS02024,5,8,AWAY
20240521LGHH02024,8,4,HOME
20240521NCWO02024,3,5,AWAY
20240521SKOB02024,8,6,HOME
20240522HTLT02024,4,2,HOME
20240522KTSS02024,3,1,HOME
20240522LGHH02024,7,5,HOME
20240522NCWO02024,3,4,AWAY
20240522SKOB02024,3,1,HOME
20240523HTLT02024,10,6,HOME
20240523KTSS02024,2,9,AWAY
20240523LGHH02024,4,8,AWAY
20240523NCWO02024,6,4,HOME
20240523SKOB02024,10,3,HOME
20240524HHSK02024,5,7,AWAY
20240524NCLG02024,11,4,HOME
20240524OBHT02024,5,7,AWAY
20240524SSLT02024,5,11,AWAY
20240524WOKT02024,5,4,HOME
20240525HHSK02024,2,4,AWAY
20240525NCLG02024,10,6,HOME
20240525OBHT02024,6,2,HOME
20240525SSLT02024,7,6,HOME
20240525WOKT02024,5,2,HOME
20240526NCLG02024,6,3,HOME
20240526OBHT02024,5,2,HOME
20240526SSLT02024,9,1,HOME
20240528HTNC02024,8,11,AWAY
20240528KTOB02024,3,12,AWAY
20240528LGSK02024,5,7,AWAY
20240528LTHH02024,12,3,HOME
20240528WOSS02024,3,4,AWAY
20240529HTNC02024,3,6,AWAY
20240529KTOB02024,12,6,HOME
20240529LGSK02024,4,13,AWAY
20240529LTHH02024,3,0,HOME
20240529WOSS02024,5,11,AWAY
20240530HTNC02024,2,11,AWAY
20240530KTOB02024,6,1,HOME
20240530LGSK02024,8,2,HOME
20240530LTHH02024,15,0,HOME
20240530WOSS02024,4,2,HOME
20240531HHSS02024,8,6,HOME
20240531KTHT02024,5,8,AWAY
20240531LGOB02024,3,6,AWAY
20240531NCLT02024,13,5,HOME
20240531SKWO02024,2,4,AWAY
20240601HHSS02024,6,4,HOME
20240601KTHT02024,4,2,HOME
20240601LGOB02024,5,8,AWAY
20240601NCLT02024,2,4,AWAY
20240601SKWO02024,0,9,AWAY
20240602HHSS02024,1,0,HOME
20240602KTHT02024,3,11,AWAY
20240602LGOB02024,1,9,AWAY
20240602NCLT02024,13,4,HOME
20240602SKWO02024,2,6,AWAY
20240604HHKT02024,2,8,AWAY
20240604LTHT02024,0,6,AWAY
20240604OBNC02024,1,4,AWAY
20240604SSSK02024,1,3,AWAY
20240604WOLG02024,3,11,AWAY
20240605HHKT02024,2,12,AWAY
20240605LTHT02024,3,9,AWAY
20240605OBNC02024,3,4,AWAY
20240605SSSK02024,7,3,HOME
20240605WOLG02024,4,2,HOME
20240606HHKT02024,0,6,AWAY
20240606LTHT02024,5,4,HOME
20240606OBNC02024,4,8,AWAY
20240606SSSK02024,4,0,HOME
20240606WOLG02024,8,4,HOME
20240607HTOB02024,6,5,HOME
20240607LGKT02024,7,8,AWAY
20240607NCHH02024,2,6,AWAY
20240607SKLT02024,11,7,HOME
20240607SSWO02024,7,5,HOME
20240608HTOB02024,9,8,HOME
20240608LGKT02024,2,8,AWAY
20240608NCHH02024,2,4,AWAY
20240608SSWO02024,10,3,HOME
20240609HTOB02024,2,8,AWAY
20240609LGKT02024,11,2,HOME
20240609NCHH02024,3,3,DRAW
20240609SKLT12024,1,5,AWAY
20240609SKLT22024,5,3,HOME
20240609SSWO02024,1,7,AWAY
20240611HHOB02024,1,6,AWAY
20240611HTSK02024,7,6,HOME
20240611KTNC02024,8,6,HOME
20240611LGSS02024,6,4,HOME
20240611WOLT02024,2,5,AWAY
20240612HHOB02024,3,4,AWAY
20240612HTSK02024,7,13,AWAY
20240612KTNC02024,8,11,AWAY
20240612LGSS02024,5,4,HOME
20240612WOLT02024,9,2,HOME
20240613HHOB02024,9,6,HOME
20240613HTSK02024,7,1,HOME
20240613KTNC02024,5,3,HOME
20240613LGSS02024,6,3,HOME
20240613WOLT02024,18,10,HOME
20240614HTKT02024,1,11,AWAY
20240614LTLG02024,5,3,HOME
20240614OBWO02024,4,6,AWAY
20240614SKHH02024,4,11,AWAY
20240614SSNC02024,4,7,AWAY
20240615HTKT02024,1,2,AWAY
20240615LTLG02024,8,9,AWAY
20240615OBWO02024,1,4,AWAY
20240615SKHH02024,1,9,AWAY
20240615SSNC02024,6,4,HOME
20240616HTKT02024,1,3,AWAY
20240616LTLG02024,9,8,HOME
20240616OBWO02024,8,2,HOME
20240616SKHH02024,4,1,HOME
20240616SSNC02024,5,4,HOME
20240618LGHT02024,11,4,HOME
20240618LTKT02024,6,4,HOME
20240618NCOB02024,6,2,HOME
20240618SKSS02024,3,8,AWAY
20240618WOHH02024,3,0,HOME
20240619LGHT02024,5,7,AWAY
20240619LTKT02024,5,13,AWAY
20240619NCOB02024,5,7,AWAY
20240619SKSS02024,13,2,HOME
20240619WOHH02024,14,11,HOME
20240620LGHT02024,6,5,HOME
20240620LTKT02024,7,6,HOME
20240620NCOB02024,2,0,HOME
20240620SKSS02024,4,0,HOME
20240620WOHH02024,0,7,AWAY
20240621HHHT02024,8,3,HOME
20240621KTLG02024,2,3,AWAY
20240621LTWO02024,5,2,HOME
20240621NCSK02024,2,3,AWAY
20240621OBSS02024,7,4,HOME
20240622LTWO02024,1,6,AWAY
20240622NCSK02024,12,4,HOME
20240623HHHT12024,8,9,AWAY
20240623HHHT22024,4,1,HOME
20240623KTLG12024,7,2,HOME
20240623KTLG22024,3,4,AWAY
20240623LTWO02024,2,10,AWAY
20240623NCSK02024,6,18,AWAY
20240623OBSS12024,7,4,HOME
20240623OBSS22024,10,4,HOME
20240625HTLT02024,15,15,DRAW
20240625KTSK02024,1,6,AWAY
20240625NCWO02024,6,5,HOME
20240625OBHH02024,5,4,HOME
20240625SSLG02024,4,0,HOME
20240626HTLT02024,6,4,HOME
20240626KTSK02024,10,5,HOME
20240626NCWO02024,10,7,HOME
20240626OBHH02024,8,15,AWAY
20240626SSLG02024,2,1,HOME
20240627HTLT02024,11,2,HOME
20240627KTSK02024,8,16,AWAY
20240627NCWO02024,9,7,HOME
20240627OBHH02024,8,3,HOME
20240627SSLG02024,1,2,AWAY
20240628HHLT02024,6,4,HOME
20240628LGNC02024,8,2,HOME
20240628SKOB02024,10,0,HOME
20240628SSKT02024,5,4,HOME
20240628WOHT02024,6,17,AWAY
20240629SKOB02024,0,6,AWAY
20240630LGNC02024,6,9,AWAY
20240630SKOB02024,1,3,AWAY
20240630SSKT12024,2,2,DRAW
20240630SSKT22024,2,1,HOME
20240702HTSS02024,5,9,AWAY
20240702KTHH02024,5,6,AWAY
20240702LGWO02024,4,2,HOME
20240703HTSS02024,4,6,AWAY
20240703KTHH02024,2,3,AWAY
20240703LGWO02024,4,1,HOME
20240703LTOB02024,13,8,HOME
20240703SKNC02024,4,1,HOME
20240704HTSS02024,3,8,AWAY
20240704KTHH02024,13,5,HOME
20240704LGWO02024,2,3,AWAY
20240704LTOB02024,6,3,HOME
20240704SKNC02024,2,0,HOME
20240709HHWO02024,5,3,HOME
20240709HTLG02024,4,11,AWAY
20240709LTSK02024,7,4,HOME
20240710HHWO02024,0,7,AWAY
20240710HTLG02024,2,5,AWAY
20240710LTSK02024,1,6,AWAY
20240710NCSS02024,15,6,HOME
20240710OBKT02024,7,6,HOME
20240711HHWO02024,5,4,HOME
20240711HTLG02024,2,4,AWAY
20240711LTSK02024,5,4,HOME
20240711NCSS02024,6,4,HOME
20240711OBKT02024,1,12,AWAY
20240712KTLT02024,4,5,AWAY
20240712LGHH02024,6,0,HOME
20240712SKHT02024,6,14,AWAY
20240712SSOB02024,5,9,AWAY
20240712WONC02024,9,2,HOME
20240713KTLT02024,3,6,AWAY
20240713LGHH02024,3,7,AWAY
20240713SKHT02024,9,15,AWAY
20240713SSOB02024,8,4,HOME
20240713WONC02024,11,5,HOME
20240714LGHH02024,4,8,AWAY
20240714SKHT02024,13,4,HOME
20240714SSOB02024,2,6,AWAY
20240716KTWO02024,3,4,AWAY
20240716OBLT02024,4,0,HOME
20240717HHNC02024,5,1,HOME
20240717KTWO02024,2,9,AWAY
20240717OBLT02024,6,2,HOME
20240717SKLG02024,12,9,HOME
20240717SSHT02024,10,5,HOME
20240718HHNC02024,4,3,HOME
20240718KTWO02024,8,12,AWAY
20240718OBLT02024,2,3,AWAY
20240718SSHT02024,10,4,HOME
20240719HTHH02024,3,7,AWAY
20240719LTSS02024,6,10,AWAY
20240719NCKT02024,6,0,HOME
20240719OBLG02024,16,7,HOME
20240719WOSK02024,9,3,HOME
20240720HTHH02024,4,8,AWAY
20240720LTSS02024,21,4,HOME
20240721HTHH02024,7,8,AWAY
20240721LTSS02024,6,5,HOME
20240721NCKT02024,2,8,AWAY
20240721OBLG02024,6,3,HOME
20240721WOSK02024,2,7,AWAY
20240723LGLT02024,1,2,AWAY
20240723NCHT02024,8,1,HOME
20240723SSHH02024,6,5,HOME
20240723WOOB02024,6,3,HOME
20240724NCHT02024,7,0,HOME
20240724SKKT02024,5,3,HOME
20240724SSHH02024,3,2,HOME
20240724WOOB02024,7,4,HOME
20240725LGLT02024,6,9,AWAY
20240725NCHT02024,4,7,AWAY
20240725SKKT02024,4,2,HOME
20240725WOOB02024,1,6,AWAY
20240726HTWO02024,5,4,HOME
20240726KTSS02024,1,4,AWAY
20240726LTNC02024,9,2,HOME
20240726OBSK02024,6,1,HOME
20240727HTWO02024,6,5,HOME
20240727KTSS02024,3,2,HOME
20240727LTNC02024,2,9,AWAY
20240727OBSK02024,4,3,HOME
20240728HHLG02024,6,9,AWAY
20240728HTWO02024,3,4,AWAY
20240728KTSS02024,3,4,AWAY
20240728LTNC02024,6,10,AWAY
20240728OBSK02024,3,0,HOME
20240730HHKT02024,4,6,AWAY
20240730LTSK02024,11,5,HOME
20240730NCWO02024,6,2,HOME
20240730OBHT02024,7,12,AWAY
20240730SSLG02024,1,7,AWAY
20240731HHKT02024,7,18,AWAY
20240731LTSK02024,12,11,HOME
20240731NCWO02024,0,9,AWAY
20240731OBHT02024,6,30,AWAY
20240731SSLG02024,11,5,HOME
20240801HHKT02024,8,14,AWAY
20240801LTSK02024,2,4,AWAY
20240801NCWO02024,14,9,HOME
20240801OBHT02024,0,1,AWAY
20240801SSLG02024,0,7,AWAY
20240802HTHH02024,10,3,HOME
20240802KTNC02024,7,9,AWAY
20240802SKSS02024,4,3,HOME
20240802WOOB02024,4,6,AWAY
20240803HTHH02024,3,7,AWAY
20240803LGLT02024,8,3,HOME
20240803SKSS02024,12,4,HOME
20240803WOOB02024,5,15,AWAY
20240804KTNC02024,15,5,HOME
20240804SKSS02024,8,3,HOME
20240806HHSS02024,5,8,AWAY
20240806KTHT02024,2,0,HOME
20240806LGOB02024,7,6,HOME
20240806NCLT02024,6,5,HOME
20240806SKWO02024,2,6,AWAY
20240807HHSS02024,10,6,HOME
20240807KTHT02024,2,13,AWAY
20240807LGOB02024,8,4,HOME
20240807NCLT02024,14,7,HOME
20240807SKWO02024,2,6,AWAY
20240808HHSS02024,4,6,AWAY
20240808KTHT02024,0,1,AWAY
20240808LGOB02024,3,10,AWAY
20240808SKWO02024,3,0,HOME
20240809LTKT02024,10,6,HOME
20240809NCLG02024,10,9,HOME
20240809OBSK02024,11,13,AWAY
20240809SSHT02024,9,8,HOME
20240809WOHH02024,7,5,HOME
20240810LTKT02024,0,2,AWAY
20240810NCLG02024,9,3,HOME
20240810OBSK02024,6,10,AWAY
20240810WOHH02024,1,3,AWAY
20240811LTKT02024,7,9,AWAY
20240811NCLG02024,4,3,HOME
20240811OBSK02024,11,9,HOME
20240811SSHT02024,4,5,AWAY
20240811WOHH02024,3,7,AWAY
20240813HTWO02024,0,2,AWAY
20240813KTSS02024,7,2,HOME
20240813LGHH02024,2,3,AWAY
20240813SKNC02024,0,2,AWAY
20240814HTWO02024,2,1,HOME
20240814KTSS02024,3,1,HOME
20240814LGHH02024,9,5,HOME
20240814LTOB02024,2,12,AWAY
20240815HTWO02024,1,12,AWAY
20240815KTSS02024,3,5,AWAY
20240815LGHH02024,3,17,AWAY
20240815LTOB02024,4,3,HOME
20240815SKNC02024,5,10,AWAY
20240816HHSK02024,1,2,AWAY
20240816HTLG02024,2,3,AWAY
20240816OBKT02024,0,5,AWAY
20240816SSNC02024,3,7,AWAY
20240816WOLT02024,4,0,HOME
20240817HHSK02024,5,8,AWAY
20240817HTLG02024,4,14,AWAY
20240817OBKT02024,2,3,AWAY
20240817SSNC02024,4,5,AWAY
20240817WOLT02024,7,8,AWAY
20240818HHSK02024,1,7,AWAY
20240818HTLG02024,0,4,AWAY
20240818OBKT02024,5,4,HOME
20240818SSNC02024,3,5,AWAY
20240818WOLT02024,5,4,HOME
20240820NCHH02024,3,2,HOME
20240820OBSS02024,3,0,HOME
20240820SKLG02024,4,3,HOME
20240820WOKT02024,2,3,AWAY
20240821LTHT02024,6,5,HOME
20240821NCHH02024,2,8,AWAY
20240821OBSS02024,2,5,AWAY
20240821SKLG02024,1,5,AWAY
20240821WOKT02024,5,0,HOME
20240822LTHT02024,6,4,HOME
20240822SKLG02024,13,3,HOME
20240822WOKT02024,3,2,HOME
20240823HHOB02024,4,7,AWAY
20240823HTNC02024,17,4,HOME
20240823KTSK02024,6,11,AWAY
20240823LGWO02024,9,3,HOME
20240823LTSS02024,5,3,HOME
20240824HHOB02024,6,7,AWAY
20240824HTNC02024,0,2,AWAY
20240824KTSK02024,3,9,AWAY
20240824LGWO02024,0,7,AWAY
20240824LTSS02024,3,11,AWAY
20240825HHOB02024,1,3,AWAY
20240825HTNC02024,8,2,HOME
20240825KTSK02024,4,3,HOME
20240825LGWO02024,6,4,HOME
20240825LTSS02024,10,5,HOME
20240827HHLT02024,3,1,HOME
20240827KTLG02024,6,1,HOME
20240827OBNC02024,7,13,AWAY
20240827SKHT02024,10,4,HOME
20240827SSWO02024,0,1,AWAY
20240828HHLT02024,0,7,AWAY
20240828KTLG02024,4,8,AWAY
20240828OBNC02024,1,8,AWAY
20240828SKHT02024,7,6,HOME
20240828SSWO02024,5,9,AWAY
20240829HHLT02024,14,11,HOME
20240829KTLG02024,7,8,AWAY
20240829OBNC02024,10,2,HOME
20240829SKHT02024,4,10,AWAY
20240829SSWO02024,0,1,AWAY
20240830LGKT02024,7,11,AWAY
20240830LTWO02024,2,8,AWAY
20240831HTSS02024,13,15,AWAY
20240831KTHH02024,2,6,AWAY
20240831LTOB02024,4,7,AWAY
20240831NCSK02024,2,7,AWAY
20240901HTSS02024,5,6,AWAY
20240901LTOB02024,3,4,AWAY
20240901NCSK02024,2,8,AWAY
20240903LGHT02024,7,5,HOME
20240903LTSS02024,5,1,HOME
20240903OBHH02024,7,1,HOME
20240903WONC02024,11,5,HOME
20240904HHHT02024,4,5,AWAY
20240904KTLT02024,7,5,HOME
20240904OBSS02024,7,3,HOME
20240904SKLG02024,5,0,HOME
20240904WONC02024,13,6,HOME
20240905HHHT02024,4,3,HOME
20240905KTLT02024,2,12,AWAY
20240905SKLG02024,2,4,AWAY
20240905WONC02024,7,12,AWAY
20240906HHLG02024,1,3,AWAY
20240906KTNC02024,3,9,AWAY
20240906SSLT02024,2,7,AWAY
20240906WOHT02024,14,0,HOME
20240907HHLG02024,9,3,HOME
20240907NCSS02024,1,9,AWAY
20240907OBKT02024,2,12,AWAY
20240907SKLT02024,1,1,DRAW
20240907WOHT02024,6,2,HOME
20240908HHLG02024,14,3,HOME
20240908NCSS02024,10,2,HOME
20240908SKLT02024,6,11,AWAY
20240908WOHT02024,5,2,HOME
20240910HHSK02024,5,0,HOME
20240910LTLG02024,1,2,AWAY
20240910NCKT02024,11,8,HOME
20240910OBWO02024,7,1,HOME
20240911LTSK02024,2,10,AWAY
20240911NCKT02024,2,1,HOME
20240911SSHH02024,1,10,AWAY
20240911WOLG02024,5,9,AWAY
20240912LTHT02024,10,0,HOME
20240912NCKT02024,10,4,HOME
20240912SSHH02024,1,7,AWAY
20240913HHLT02024,4,8,AWAY
20240914HHLT02024,12,9,HOME
20240914KTOB02024,2,1,HOME
20240914LGNC02024,7,10,AWAY
20240914SSSK02024,11,9,HOME
20240914WOHT02024,3,2,HOME
20240915HHLT02024,16,9,HOME
20240915LGNC02024,4,1,HOME
20240915SSSK02024,14,9,HOME
20240915WOHT02024,5,10,AWAY
20240916HTKT02024,5,11,AWAY
20240916WOOB02024,5,4,HOME
20240917HHNC02024,1,4,AWAY
20240917HTSK02024,2,0,HOME
20240917KTWO02024,2,4,AWAY
20240917LGLT02024,7,3,HOME
20240917SSOB02024,8,4,HOME
20240918HHNC02024,5,2,HOME
20240918LGLT02024,3,5,AWAY
20240918SSKT02024,6,8,AWAY
20240919HHNC02024,6,7,AWAY
20240919HTOB02024,9,4,HOME
20240919LGLT02024,4,7,AWAY
20240919SSKT02024,12,5,HOME
20240919WOSK02024,8,6,HOME
20240921OBLG12024,7,14,AWAY
20240921OBLG22024,2,0,HOME
20240921SKKT02024,1,4,AWAY
20240922LTHH02024,8,4,HOME
20240922OBLG02024,9,5,HOME
20240922SKKT02024,2,6,AWAY
20240922WOSS02024,9,8,HOME
20240923LTHH02024,2,3,AWAY
20240923SKOB02024,8,4,HOME
20240923SSHT02024,5,3,HOME
20240924HHWO02024,5,4,HOME
20240924LGSK02024,5,14,AWAY
20240924LTKT02024,5,1,HOME
20240924NCOB02024,10,5,HOME
20240924SSHT02024,7,1,HOME
20240925HHLG02024,2,4,AWAY
20240925LTHT02024,2,5,AWAY
20240925SKNC02024,2,8,AWAY
20240925WOSS02024,6,3,HOME
20240926OBLT02024,3,4,AWAY
20240926SKNC02024,1,10,AWAY
20240926WOLG02024,6,3,HOME
20240927HTHH02024,8,0,HOME
20240927NCLT02024,13,6,HOME
20240927WOKT02024,8,7,HOME
20240928HTLT02024,8,12,AWAY
20240928LGSS02024,4,11,AWAY
20240928OBNC02024,3,4,AWAY
20240928SKHH02024,2,6,AWAY
20240928WOKT02024,10,7,HOME
20240929NCHH02024,2,7,AWAY
20240930NCHT02024,10,5,HOME
20240930WOSK02024,7,2,HOME
20241001LTNC02024,1,5,AWAY
20250308HTLT02025,4,3,HOME
20250308LGKT02025,5,1,HOME
20250308OBHH02025,4,6,AWAY
20250308SKSS02025,3,9,AWAY
20250308WONC02025,1,3,AWAY
20250309HTLT02025,0,0,DRAW
20250309LGKT02025,9,4,HOME
20250309OBHH02025,2,4,AWAY
20250309SKSS02025,7,0,HOME
20250309WONC02025,7,2,HOME
20250310HHSK02025,1,3,AWAY
20250310HTNC02025,6,3,HOME
20250310LGLT02025,2,8,AWAY
20250310OBSS02025,5,8,AWAY
20250310WOKT02025,7,4,HOME
20250311HHSK02025,0,8,AWAY
20250311HTNC02025,10,17,AWAY
20250311LGLT02025,3,2,HOME
20250311OBSS02025,11,8,HOME
20250311WOKT02025,5,9,AWAY
20250313HHLT02025,3,3,DRAW
20250313HTOB02025,1,4,AWAY
20250313KTNC02025,5,10,AWAY
20250313LGSS02025,5,10,AWAY
20250313WOSK02025,6,7,AWAY
20250314HHLT02025,0,2,AWAY
20250314HTOB02025,3,3,DRAW
20250314KTNC02025,0,1,AWAY
20250314LGSS02025,5,3,HOME
20250314WOSK02025,5,3,HOME
20250315LGSK02025,4,9,AWAY
20250315OBWO02025,3,2,HOME
20250315SSHT02025,5,1,HOME
20250316HHNC02025,3,5,AWAY
20250316LGSK02025,8,1,HOME
20250316OBWO02025,2,2,DRAW
20250316SSHT02025,11,5,HOME
20250317LTWO02025,4,3,HOME
20250317NCLG02025,3,0,HOME
20250317OBKT02025,9,6,HOME
20250317SSHH02025,3,1,HOME
20250318LTWO02025,3,2,HOME
20250322HHKT02025,3,4,AWAY
20250322LTLG02025,12,2,HOME
20250322NCHT02025,9,2,HOME
20250322OBSK02025,6,5,HOME
20250322WOSS02025,13,5,HOME
20250323HHKT02025,5,4,HOME
20250323LTLG02025,10,2,HOME
20250323NCHT02025,4,5,AWAY
20250323OBSK02025,5,2,HOME
20250323WOSS02025,11,7,HOME
20250325HHLG02025,5,0,HOME
20250325LTSK02025,2,3,AWAY
20250325NCSS02025,14,5,HOME
20250325OBKT02025,8,3,HOME
20250325WOHT02025,11,6,HOME
20250326HHLG02025,4,0,HOME
20250326LTSK02025,3,1,HOME
20250326NCSS02025,6,8,AWAY
20250326OBKT02025,2,3,AWAY
20250326WOHT02025,10,17,AWAY
20250327HHLG02025,2,1,HOME
20250327LTSK02025,5,2,HOME
20250327NCSS02025,5,11,AWAY
20250327OBKT02025,4,3,HOME
20250327WOHT02025,3,5,AWAY
20250328HTHH02025,7,2,HOME
20250328KTLT02025,0,2,AWAY
20250328LGNC02025,4,8,AWAY
20250328SKWO02025,9,3,HOME
20250328SSOB02025,2,0,HOME
20250329HTHH02025,5,4,HOME
20250329KTLT02025,3,1,HOME
20250329LGNC02025,4,14,AWAY
20250329SKWO02025,3,1,HOME
20250329SSOB02025,2,13,AWAY
20250330HTHH02025,3,5,AWAY
20250330KTLT02025,4,4,DRAW
20250330SKWO02025,2,8,AWAY
20250330SSOB02025,2,3,AWAY
20250402LGKT02025,9,5,HOME
20250402LTHH02025,2,6,AWAY
20250402SSHT02025,2,4,AWAY
20250402WOOB02025,5,3,HOME
20250403LGKT02025,1,5,AWAY
20250403LTHH02025,2,4,AWAY
20250403SSHT02025,3,1,HOME
20250403WOOB02025,6,1,HOME
20250404HHSS02025,5,0,HOME
20250404HTLG02025,8,2,HOME
20250404KTSK02025,3,2,HOME
20250404NCWO02025,5,1,HOME
20250404OBLT02025,3,15,AWAY
20250405HHSS02025,6,7,AWAY
20250405NCWO02025,5,7,AWAY
20250405OBLT02025,6,1,HOME
20250406HHSS02025,10,0,HOME
20250406HTLG02025,5,1,HOME
20250406KTSK02025,1,0,HOME
20250406NCWO02025,2,8,AWAY
20250406OBLT02025,12,15,AWAY
20250408HHOB02025,6,5,HOME
20250408HTLT02025,4,5,AWAY
20250408LGWO02025,1,13,AWAY
20250408NCKT02025,3,2,HOME
20250408SKSS02025,7,3,HOME
20250409HHOB02025,4,5,AWAY
20250409HTLT02025,1,3,AWAY
20250409LGWO02025,4,0,HOME
20250409NCKT02025,4,1,HOME
20250409SKSS02025,1,3,AWAY
20250410HHOB02025,2,7,AWAY
20250410HTLT02025,8,3,HOME
20250410LGWO02025,3,7,AWAY
20250410NCKT02025,0,7,AWAY
20250410SKSS02025,3,2,HOME
20250411LTNC02025,5,7,AWAY
20250411OBLG02025,5,2,HOME
20250411SKHT02025,3,9,AWAY
20250411SSKT02025,5,3,HOME
20250411WOHH02025,12,2,HOME
20250412LTNC02025,0,2,AWAY
20250412OBLG02025,4,0,HOME
20250412WOHH02025,2,6,AWAY
20250413LTNC02025,9,6,HOME
20250413OBLG02025,2,9,AWAY
20250413SKHT02025,11,5,HOME
20250413SSKT02025,6,5,HOME
20250413WOHH02025,7,1,HOME
20250415HHSK02025,0,2,AWAY
20250415KTHT02025,1,0,HOME
20250415SSLG02025,3,0,HOME
20250415WOLT02025,8,6,HOME
20250416HHSK02025,4,10,AWAY
20250416KTHT02025,0,3,AWAY
20250416SSLG02025,12,2,HOME
20250416WOLT02025,6,4,HOME
20250417HHSK02025,2,4,AWAY
20250417KTHT02025,5,4,HOME
20250417SSLG02025,3,6,AWAY
20250417WOLT02025,7,1,HOME
20250418HTOB02025,7,1,HOME
20250418KTWO02025,4,3,HOME
20250418LGSK02025,1,5,AWAY
20250418LTSS02025,1,8,AWAY
20250418NCHH02025,12,4,HOME
20250419HTOB02025,4,8,AWAY
20250419KTWO02025,1,11,AWAY
20250419LGSK02025,4,11,AWAY
20250419LTSS02025,10,3,HOME
20250419NCHH02025,7,2,HOME
20250420HTOB02025,2,6,AWAY
20250420KTWO02025,0,5,AWAY
20250420LGSK02025,9,3,HOME
20250420LTSS02025,3,4,AWAY
20250420NCHH02025,7,1,HOME
20250422NCLG02025,5,6,AWAY
20250422OBWO02025,5,4,HOME
20250422SKKT02025,9,3,HOME
20250423HHLT02025,4,6,AWAY
20250423HTSS02025,7,2,HOME
20250423NCLG02025,3,0,HOME
20250423OBWO02025,2,8,AWAY
20250423SKKT02025,5,11,AWAY
20250424HHLT02025,5,3,HOME
20250424HTSS02025,17,5,HOME
20250424NCLG02025,1,3,AWAY
20250424OBWO02025,3,9,AWAY
20250424SKKT02025,5,6,AWAY
20250425KTHH02025,1,2,AWAY
20250425LGHT02025,5,6,AWAY
20250425LTOB02025,2,8,AWAY
20250425NCSS02025,10,6,HOME
20250425WOSK02025,4,3,HOME
20250426KTHH02025,2,1,HOME
20250426LGHT02025,8,4,HOME
20250426LTOB02025,4,7,AWAY
20250426NCSS02025,9,1,HOME
20250426WOSK02025,1,2,AWAY
20250427KTHH02025,4,3,HOME
20250427LGHT02025,3,2,HOME
20250427LTOB02025,13,4,HOME
20250427NCSS02025,8,4,HOME
20250427WOSK02025,3,7,AWAY
20250429KTOB02025,2,3,AWAY
20250429LGHH02025,3,2,HOME
20250429LTWO02025,3,9,AWAY
20250429NCHT02025,13,3,HOME
20250429SSSK02025,1,3,AWAY
20250430KTOB02025,3,8,AWAY
20250430LGHH02025,5,2,HOME
20250430LTWO02025,9,10,AWAY
20250430NCHT02025,0,7,AWAY
20250430SSSK02025,6,6,DRAW
20250501KTOB02025,3,3,DRAW
20250501LTWO02025,0,5,AWAY
20250501SSSK02025,4,1,HOME
20250502HHHT02025,2,3,AWAY
20250502NCLT02025,4,3,HOME
20250502OBSS02025,6,2,HOME
20250502SKLG02025,1,2,AWAY
20250502WOKT02025,3,5,AWAY
20250503NCLT02025,4,13,AWAY
20250503OBSS02025,1,6,AWAY
20250503SKLG02025,4,1,HOME
20250503WOKT02025,9,0,HOME
20250504HHHT02025,1,3,AWAY
20250504NCLT02025,6,9,AWAY
20250504OBSS02025,6,11,AWAY
20250504SKLG02025,12,4,HOME
20250504WOKT02025,5,4,HOME
20250505HTWO02025,1,13,AWAY
20250505LGOB02025,5,2,HOME
20250505NCKT02025,2,6,AWAY
20250505SKLT02025,1,7,AWAY
20250505SSHH02025,3,1,HOME
20250506HTWO02025,3,5,AWAY
20250506LGOB02025,1,5,AWAY
20250506NCKT02025,3,6,AWAY
20250506SKLT02025,6,0,HOME
20250506SSHH02025,3,1,HOME
20250507HTWO02025,11,10,HOME
20250507LGOB02025,5,2,HOME
20250507NCKT02025,2,12,AWAY
20250507SKLT02025,6,2,HOME
20250507SSHH02025,10,6,HOME
20250509HHWO02025,5,7,AWAY
20250510HHWO02025,1,9,AWAY
20250510HTSK02025,4,5,AWAY
20250510LGSS12025,4,5,AWAY
20250510LGSS22025,1,4,AWAY
20250510LTKT02025,5,8,AWAY
20250510NCOB02025,6,6,DRAW
20250511HHWO02025,0,8,AWAY
20250511HTSK12025,8,4,HOME
20250511HTSK22025,5,1,HOME
20250511LGSS02025,4,7,AWAY
20250511LTKT12025,1,6,AWAY
20250511LTKT22025,1,1,DRAW
20250511NCOB12025,5,11,AWAY
20250511NCOB22025,2,5,AWAY
20250513KTSS02025,5,3,HOME
20250513LTHT02025,4,1,HOME
20250513NCSK02025,6,3,HOME
20250513OBHH02025,3,4,AWAY
20250513WOLG02025,9,6,HOME
20250514KTSS02025,2,3,AWAY
20250514LTHT02025,0,4,AWAY
20250514NCSK02025,3,6,AWAY
20250514OBHH02025,1,7,AWAY
20250514WOLG02025,12,0,HOME
20250515KTSS02025,13,0,HOME
20250515LTHT02025,7,6,HOME
20250515NCSK02025,4,0,HOME
20250515OBHH02025,2,8,AWAY
20250515WOLG02025,6,2,HOME
20250517KTLG12025,4,12,AWAY
20250517KTLG22025,6,7,AWAY
20250517OBHT12025,5,2,HOME
20250517OBHT22025,4,1,HOME
20250517SKHH12025,1,0,HOME
20250517SKHH22025,2,5,AWAY
20250517SSLT12025,7,5,HOME
20250517SSLT22025,8,7,HOME
20250517WONC12025,3,2,HOME
20250517WONC22025,2,3,AWAY
20250518KTLG02025,5,1,HOME
20250518OBHT02025,5,4,HOME
20250518SKHH02025,3,7,AWAY
20250518SSLT02025,6,3,HOME
20250518WONC02025,5,0,HOME
20250520HHNC02025,1,4,AWAY
20250520HTKT02025,5,3,HOME
20250520LGLT02025,9,17,AWAY
20250520SKOB02025,3,5,AWAY
20250520SSWO02025,3,6,AWAY
20250521HHNC02025,5,2,HOME
20250521HTKT02025,3,1,HOME
20250521LGLT02025,7,7,DRAW
20250521SKOB02025,1,9,AWAY
20250521SSWO02025,1,6,AWAY
20250522HHNC02025,4,3,HOME
20250522HTKT02025,3,8,AWAY
20250522LGLT02025,11,4,HOME
20250522SKOB02025,6,5,HOME
20250522SSWO02025,0,2,AWAY
20250523HTSS02025,6,7,AWAY
20250523KTWO02025,5,7,AWAY
20250523LGSK02025,2,3,AWAY
20250523LTHH02025,4,2,HOME
20250523NCOB02025,1,1,DRAW
20250524HTSS02025,8,4,HOME
20250524KTWO02025,4,10,AWAY
20250524LGSK02025,5,4,HOME
20250524LTHH02025,6,8,AWAY
20250524NCOB02025,1,5,AWAY
20250525HTSS02025,3,2,HOME
20250525KTWO02025,0,2,AWAY
20250525LGSK02025,3,9,AWAY
20250525LTHH02025,8,7,HOME
20250525NCOB02025,5,3,HOME
20250527HHLG02025,2,1,HOME
20250527LTSS02025,7,3,HOME
20250527NCSK02025,1,1,DRAW
20250527OBKT02025,2,1,HOME
20250527WOHT02025,7,5,HOME
20250528HHLG02025,5,6,AWAY
20250528NCSK02025,13,5,HOME
20250528OBKT02025,3,12,AWAY
20250528WOHT02025,13,7,HOME
20250529HHLG02025,3,1,HOME
20250529LTSS02025,9,3,HOME
20250529NCSK02025,6,5,HOME
20250529OBKT02025,12,2,HOME
20250529WOHT02025,3,3,DRAW
20250530HHNC02025,1,7,AWAY
20250530HTKT02025,3,1,HOME
20250530OBWO02025,4,9,AWAY
20250530SKLT02025,6,5,HOME
20250530SSLG02025,3,4,AWAY
20250531HHNC02025,6,9,AWAY
20250531HTKT02025,5,1,HOME
20250531OBWO02025,1,0,HOME
20250531SKLT02025,1,4,AWAY
20250531SSLG02025,2,4,AWAY
20250601HHNC02025,16,5,HOME
20250601HTKT02025,3,5,AWAY
20250601OBWO02025,1,0,HOME
20250601SKLT02025,3,4,AWAY
20250601SSLG02025,4,6,AWAY
20250603HTOB02025,3,11,AWAY
20250603KTHH02025,10,1,HOME
20250603LGNC02025,0,15,AWAY
20250603SSSK02025,6,4,HOME
20250603WOLT02025,8,0,HOME
20250604HTOB02025,3,8,AWAY
20250604KTHH02025,4,3,HOME
20250604LGNC02025,6,5,HOME
20250604SSSK02025,4,1,HOME
20250604WOLT02025,6,9,AWAY
20250605HTOB02025,2,1,HOME
20250605KTHH02025,0,7,AWAY
20250605LGNC02025,1,3,AWAY
20250605SSSK02025,1,3,AWAY
20250605WOLT02025,5,10,AWAY
20250606HHHT02025,3,2,HOME
20250606LGWO02025,2,1,HOME
20250606LTOB02025,5,2,HOME
20250606NCSS02025,7,3,HOME
20250606SKKT02025,10,3,HOME
20250607HHHT02025,2,3,AWAY
20250607LGWO02025,4,1,HOME
20250607LTOB02025,4,9,AWAY
20250607NCSS02025,7,11,AWAY
20250607SKKT02025,3,2,HOME
20250608HHHT02025,7,6,HOME
20250608LGWO02025,2,7,AWAY
20250608LTOB02025,2,4,AWAY
20250608NCSS02025,1,0,HOME
20250608SKKT02025,2,3,AWAY
20250610LTKT02025,12,3,HOME
20250610NCWO02025,2,2,DRAW
20250610OBHH02025,6,2,HOME
20250610SKLG02025,2,6,AWAY
20250610SSHT02025,0,8,AWAY
20250611LTKT02025,3,4,AWAY
20250611NCWO02025,1,7,AWAY
20250611OBHH02025,9,1,HOME
20250611SKLG02025,6,4,HOME
20250611SSHT02025,6,3,HOME
20250612LTKT02025,7,12,AWAY
20250612NCWO02025,6,8,AWAY
20250612OBHH02025,3,2,HOME
20250612SKLG02025,8,6,HOME
20250612SSHT02025,1,2,AWAY
20250613HTNC02025,4,1,HOME
20250614HTNC02025,8,9,AWAY
20250614KTSS02025,3,10,AWAY
20250614LGHH02025,2,2,DRAW
20250614LTSK02025,2,4,AWAY
20250614WOOB02025,4,1,HOME
20250615HTNC02025,2,4,AWAY
20250615KTSS02025,4,16,AWAY
20250615LGHH02025,10,5,HOME
20250615LTSK02025,1,0,HOME
20250615WOOB02025,3,2,HOME
20250617HHLT02025,0,6,AWAY
20250617KTHT02025,10,3,HOME
20250617NCLG02025,2,6,AWAY
20250617OBSS02025,12,1,HOME
20250617SKWO02025,1,11,AWAY
20250618HHLT02025,6,3,HOME
20250618KTHT02025,5,3,HOME
20250618NCLG02025,9,8,HOME
20250618OBSS02025,6,3,HOME
20250618SKWO02025,3,2,HOME
20250619HHLT02025,4,3,HOME
20250619KTHT02025,5,0,HOME
20250619NCLG02025,0,3,AWAY
20250619OBSS02025,8,9,AWAY
20250619SKWO02025,2,4,AWAY
20250620SSLT02025,3,1,HOME
20250621HTSK02025,5,5,DRAW
20250621NCKT02025,7,5,HOME
20250621OBLG02025,5,6,AWAY
20250622HTSK02025,4,5,AWAY
20250622NCKT02025,0,2,AWAY
20250622OBLG02025,13,5,HOME
20250622SSLT02025,9,6,HOME
20250622WOHH02025,10,4,HOME
20250624HTWO02025,9,6,HOME
20250624LGKT02025,5,0,HOME
20250624SKOB02025,5,0,HOME
20250625HHSS02025,7,2,HOME
20250625HTWO02025,3,6,AWAY
20250625LTNC02025,7,2,HOME
20250626HHSS02025,1,3,AWAY
20250626HTWO02025,5,5,DRAW
20250626LGKT02025,3,4,AWAY
20250626LTNC02025,6,7,AWAY
20250626SKOB02025,1,4,AWAY
20250627HHSK02025,8,6,HOME
20250627HTLG02025,4,3,HOME
20250627KTLT02025,8,11,AWAY
20250627OBNC02025,10,9,HOME
20250627SSWO02025,5,4,HOME
20250628HHSK02025,2,5,AWAY
20250628HTLG02025,8,9,AWAY
20250628KTLT02025,0,4,AWAY
20250628OBNC02025,3,1,HOME
20250628SSWO02025,9,0,HOME
20250629HHSK02025,2,0,HOME
20250629HTLG02025,2,12,AWAY
20250629KTLT02025,10,5,HOME
20250629OBNC02025,3,7,AWAY
20250629SSWO02025,10,7,HOME
20250701LGLT02025,2,3,AWAY
20250701NCHH02025,8,4,HOME
20250701SKHT02025,3,2,HOME
20250701SSOB02025,1,4,AWAY
20250701WOKT02025,3,7,AWAY
20250702LGLT02025,5,2,HOME
20250702NCHH02025,0,2,AWAY
20250702SKHT02025,5,8,AWAY
20250702SSOB02025,5,0,HOME
20250702WOKT02025,4,2,HOME
20250703LGLT02025,2,0,HOME
20250703NCHH02025,7,7,DRAW
20250703SKHT02025,3,2,HOME
20250703SSOB02025,4,6,AWAY
20250703WOKT02025,6,2,HOME
20250704HHWO02025,1,2,AWAY
20250704KTOB02025,3,6,AWAY
20250704LGSS02025,4,1,HOME
20250704LTHT02025,7,5,HOME
20250704SKNC02025,0,4,AWAY
20250705HHWO02025,4,6,AWAY
20250705KTOB02025,6,2,HOME
20250705LGSS02025,7,6,HOME
20250705LTHT02025,13,0,HOME
20250705SKNC02025,1,6,AWAY
20250706HHWO02025,1,10,AWAY
20250706KTOB02025,8,7,HOME
20250706LGSS02025,2,4,AWAY
20250706LTHT02025,2,5,AWAY
20250706SKNC02025,3,2,HOME
20250708HTHH02025,14,8,HOME
20250708KTSK02025,7,1,HOME
20250708OBLT02025,5,8,AWAY
20250708SSNC02025,10,9,HOME
20250708WOLG02025,4,3,HOME
20250709HTHH02025,7,4,HOME
20250709KTSK02025,3,10,AWAY
20250709OBLT02025,5,4,HOME
20250709SSNC02025,3,0,HOME
20250709WOLG02025,12,6,HOME
20250710HTHH02025,3,2,HOME
20250710KTSK02025,2,4,AWAY
20250710OBLT02025,0,9,AWAY
20250710SSNC02025,7,5,HOME
20250710WOLG02025,3,4,AWAY
20250718HHKT02025,0,5,AWAY
20250718LTLG02025,2,1,HOME
20250719HHKT02025,5,6,AWAY
20250719LTLG02025,1,6,AWAY
20250719OBSK02025,0,5,AWAY
20250720HHKT02025,0,10,AWAY
20250720LTLG02025,3,2,HOME
20250720NCHT02025,3,2,HOME
20250720OBSK02025,1,2,AWAY
20250720WOSS02025,15,10,HOME
20250722HHOB02025,1,2,AWAY
20250722KTNC02025,0,7,AWAY
20250722LGHT02025,7,9,AWAY
20250722LTWO02025,6,3,HOME
20250722SKSS02025,7,5,HOME
20250723HHOB02025,13,2,HOME
20250723KTNC02025,2,9,AWAY
20250723LGHT02025,5,6,AWAY
20250723LTWO02025,1,4,AWAY
20250723SKSS02025,9,0,HOME
20250724HHOB02025,4,4,DRAW
20250724KTNC02025,4,5,AWAY
20250724LGHT02025,0,8,AWAY
20250724LTWO02025,0,4,AWAY
20250724SKSS02025,1,3,AWAY
20250725HTLT02025,7,4,HOME
20250725LGOB02025,5,6,AWAY
20250725SKHH02025,4,0,HOME
20250725SSKT02025,8,5,HOME
20250725WONC02025,16,7,HOME
20250726HTLT02025,9,4,HOME
20250726LGOB02025,3,4,AWAY
20250726SKHH02025,3,9,AWAY
20250726SSKT02025,0,11,AWAY
20250726WONC02025,8,6,HOME
20250727HTLT02025,5,3,HOME
20250727LGOB02025,9,6,HOME
20250727SKHH02025,2,3,AWAY
20250727SSKT02025,4,3,HOME
20250727WONC02025,12,4,HOME
20250729KTLG02025,8,2,HOME
20250729NCLT02025,6,4,HOME
20250729OBHT02025,6,9,AWAY
20250729SSHH02025,2,9,AWAY
20250729WOSK02025,9,3,HOME
20250730KTLG02025,5,0,HOME
20250730NCLT02025,4,9,AWAY
20250730OBHT02025,2,2,DRAW
20250730SSHH02025,5,0,HOME
20250730WOSK02025,5,5,DRAW
20250731KTLG02025,18,0,HOME
20250731NCLT02025,11,5,HOME
20250731OBHT02025,3,2,HOME
20250731SSHH02025,7,1,HOME
20250731WOSK02025,4,2,HOME
20250801HHHT02025,3,2,HOME
20250801KTNC02025,5,3,HOME
20250801LGSS02025,2,4,AWAY
20250801LTWO02025,2,0,HOME
20250801SKOB02025,2,7,AWAY
20250802KTNC02025,7,6,HOME
20250802LGSS02025,2,3,AWAY
20250802LTWO02025,2,3,AWAY
20250802SKOB02025,5,4,HOME
20250803KTNC02025,1,1,DRAW
20250803LGSS02025,3,6,AWAY
20250803LTWO02025,3,9,AWAY
20250803SKOB02025,2,3,AWAY
20250805HTLT02025,0,2,AWAY
20250805KTHH02025,2,5,AWAY
20250805OBLG02025,4,2,HOME
20250805SSSK02025,2,6,AWAY
20250805WONC02025,5,8,AWAY
20250806HTLT02025,7,1,HOME
20250806KTHH02025,5,4,HOME
20250806OBLG02025,8,10,AWAY
20250806SSSK02025,5,4,HOME
20250806WONC02025,5,9,AWAY
20250807HTLT02025,5,6,AWAY
20250807KTHH02025,4,5,AWAY
20250807OBLG02025,4,3,HOME
20250807SSSK02025,1,6,AWAY
20250807WONC02025,12,13,AWAY
20250808HHLG02025,2,1,HOME
20250808HTNC02025,5,4,HOME
20250808OBWO02025,2,9,AWAY
20250808SKLT02025,0,1,AWAY
20250808SSKT02025,4,8,AWAY
20250809HHLG02025,8,1,HOME
20250809OBWO02025,4,6,AWAY
20250809SSKT02025,3,1,HOME
20250810HHLG02025,4,5,AWAY
20250810HTNC02025,16,12,HOME
20250810OBWO02025,4,3,HOME
20250810SKLT02025,1,10,AWAY
20250810SSKT02025,9,2,HOME
20250812HTSS02025,1,5,AWAY
20250812LGKT02025,2,11,AWAY
20250812LTHH02025,2,0,HOME
20250812NCOB02025,2,3,AWAY
20250812WOSK02025,3,1,HOME
20250813HTSS02025,1,9,AWAY
20250813LTHH02025,6,0,HOME
20250814HTSS02025,4,10,AWAY
20250814LTHH02025,5,4,HOME
20250814NCOB02025,6,5,HOME
20250814WOSK02025,0,2,AWAY
20250815HHNC02025,2,9,AWAY
20250815HTOB02025,6,5,HOME
20250815KTWO02025,7,3,HOME
20250815LGSK02025,3,5,AWAY
20250815SSLT02025,4,10,AWAY
20250816HHNC02025,9,6,HOME
20250816HTOB02025,4,3,HOME
20250816KTWO02025,4,3,HOME
20250816LGSK02025,10,7,HOME
20250816SSLT02025,1,4,AWAY
20250817HHNC02025,9,4,HOME
20250817HTOB02025,4,2,HOME
20250817KTWO02025,3,5,AWAY
20250817LGSK02025,1,6,AWAY
20250817SSLT02025,8,8,DRAW
20250819LTLG02025,5,2,HOME
20250819OBHH02025,5,6,AWAY
20250819SKKT02025,5,4,HOME
20250819SSNC02025,2,6,AWAY
20250819WOHT02025,12,9,HOME
20250820LTLG02025,5,3,HOME
20250820OBHH02025,9,13,AWAY
20250820SKKT02025,3,5,AWAY
20250820SSNC02025,3,4,AWAY
20250820WOHT02025,1,6,AWAY
20250821LTLG02025,6,6,DRAW
20250821OBHH02025,3,6,AWAY
20250821SKKT02025,1,7,AWAY
20250821SSNC02025,7,5,HOME
20250821WOHT02025,10,11,AWAY
20250822KTOB02025,8,13,AWAY
20250822LGHT02025,2,14,AWAY
20250822LTNC02025,7,6,HOME
20250822SKHH02025,0,1,AWAY
20250822WOSS02025,8,2,HOME
20250823KTOB02025,2,6,AWAY
20250823LGHT02025,2,6,AWAY
20250823LTNC02025,4,1,HOME
20250823SKHH02025,5,0,HOME
20250823WOSS02025,12,8,HOME
20250824KTOB02025,2,3,AWAY
20250824LGHT02025,1,2,AWAY
20250824LTNC02025,5,17,AWAY
20250824SKHH02025,5,2,HOME
20250824WOSS02025,7,4,HOME
20250826HHWO02025,1,3,AWAY
20250826HTSK02025,9,5,HOME
20250826KTLT02025,4,3,HOME
20250826LGNC02025,9,7,HOME
20250826SSOB02025,2,6,AWAY
20250827HHWO02025,1,3,AWAY
20250827HTSK02025,2,4,AWAY
20250827KTLT02025,2,7,AWAY
20250827LGNC02025,1,10,AWAY
20250827SSOB02025,1,14,AWAY
20250828HHWO02025,3,9,AWAY
20250828HTSK02025,6,10,AWAY
20250828KTLT02025,3,2,HOME
20250828LGNC02025,3,4,AWAY
20250828SSOB02025,7,6,HOME
20250829HTKT02025,1,10,AWAY
20250829NCSK02025,8,0,HOME
20250829OBLT02025,1,7,AWAY
20250829SSHH02025,3,5,AWAY
20250829WOLG02025,2,3,AWAY
20250830HTKT02025,8,2,HOME
20250830NCSK02025,2,12,AWAY
20250830OBLT02025,8,8,DRAW
20250830SSHH02025,0,4,AWAY
20250830WOLG02025,6,5,HOME
20250831HTKT02025,7,6,HOME
20250831NCSK02025,10,8,HOME
20250831OBLT02025,5,1,HOME
20250831SSHH02025,3,5,AWAY
20250831WOLG02025,5,6,AWAY
20250902HTHH02025,21,3,HOME
20250902LTLG02025,3,2,HOME
20250902NCKT02025,4,9,AWAY
20250902WOSK02025,6,1,HOME
20250903LTKT02025,9,8,HOME
20250903NCHH02025,6,5,HOME
20250903SKHT02025,1,2,AWAY
20250903WOSS02025,3,4,AWAY
20250904LGKT02025,8,10,AWAY
20250904OBNC02025,3,12,AWAY
20250905LTSK02025,7,5,HOME
20250905OBNC02025,3,9,AWAY
20250905WOSS02025,8,3,HOME
20250906HHSS02025,4,7,AWAY
20250906HTNC02025,4,8,AWAY
20250907HHSS02025,4,3,HOME
20250907HTNC02025,2,1,HOME
20250907SKLG02025,3,7,AWAY
20250909HHLT02025,1,9,AWAY
20250909LGWO02025,11,2,HOME
20250909OBKT02025,8,1,HOME
20250910HHLT02025,0,13,AWAY
20250910LGOB02025,4,8,AWAY
20250910SKNC02025,5,4,HOME
20250910SSHT02025,4,0,HOME
20250911KTLG02025,4,6,AWAY
20250911LTHT02025,3,4,AWAY
20250911NCWO02025,4,1,HOME
20250911SKSS02025,4,8,AWAY
20250912OBHT02025,5,4,HOME
20250913HTLG02025,3,6,AWAY
20250913KTSS02025,3,5,AWAY
20250913OBNC02025,6,4,HOME
20250913SKLT02025,12,11,HOME
20250913WOHH02025,10,5,HOME
20250914HTLG02025,14,0,HOME
20250914KTSS02025,6,2,HOME
20250914OBNC02025,6,0,HOME
20250914WOHH02025,10,13,AWAY
20250915WOHH02025,7,6,HOME
20250916HHHT02025,1,11,AWAY
20250916LGKT02025,6,10,AWAY
20250916LTSS02025,7,5,HOME
20250916SKNC02025,3,7,AWAY
20250916WOOB02025,1,4,AWAY
20250917HHHT02025,2,6,AWAY
20250917SKNC02025,4,0,HOME
20250917WOOB02025,2,4,AWAY
20250918HHHT02025,3,4,AWAY
20250918LGKT12025,2,6,AWAY
20250918LGKT22025,1,14,AWAY
20250918SSNC02025,5,9,AWAY
20250918WOOB02025,3,2,HOME
20250919LTNC02025,2,18,AWAY
20250920HHKT02025,4,2,HOME
20250920NCHT02025,5,4,HOME
20250920OBSK02025,15,2,HOME
20250920SSLG02025,4,14,AWAY
20250920WOLT02025,5,15,AWAY
20250921NCHT02025,6,7,AWAY
20250921OBSK02025,7,3,HOME
20250921SSKT02025,6,3,HOME
20250922OBSK02025,2,9,AWAY
20250923HTSK02025,5,0,HOME
20250923NCLT02025,2,4,AWAY
20250923OBSS02025,7,5,HOME
20250923WOKT02025,7,0,HOME
20250924HTWO02025,0,2,AWAY
20250924LGNC02025,10,5,HOME
20250924LTSS02025,9,4,HOME
20250925HHOB02025,7,0,HOME
20250925KTSK02025,1,10,AWAY
20250925LGLT02025,1,11,AWAY
20250925WOSS02025,12,3,HOME
20250926KTSK02025,5,2,HOME
20250926LGHH02025,4,1,HOME
20250926NCOB02025,0,3,AWAY
20250926SSLT02025,10,9,HOME
20250927LGHH02025,2,9,AWAY
20250927NCHT02025,1,2,AWAY
20250927SKOB02025,2,6,AWAY
20250928LTOB02025,7,2,HOME
20250928SSWO02025,2,4,AWAY
20250929LGHH02025,7,3,HOME
20250929LTSK02025,4,2,HOME
20250929NCHT02025,4,13,AWAY
20250930HTSS02025,5,0,HOME
20250930KTNC02025,9,4,HOME
20250930LTHH02025,1,0,HOME
20250930OBLG02025,0,6,AWAY
20250930SKWO02025,3,4,AWAY
20251001HHSK02025,6,5,HOME
20251001KTHT02025,3,9,AWAY
20251001NCLG02025,3,7,AWAY
20251002SKHT02025,7,2,HOME
20251003HHKT02025,6,6,DRAW
20251004SKNC02025,7,1,HOME
20251004SSHT02025,9,8,HOME
33331005KTLG02024,2,3,AWAY
33331006KTLG02024,7,2,HOME
33331006LGWO02019,1,0,HOME
33331007LGWO02019,5,4,HOME
33331008LGKT02024,5,6,AWAY
33331008NCLT02017,2,9,AWAY
33331009LGKT02024,6,5,HOME
33331009NCLT02017,1,0,HOME
33331009SSSK02025,2,5,AWAY
33331009WOLG02019,4,2,HOME
33331010WOLG02019,5,10,AWAY
33331011KTLG02024,4,1,HOME
33331011LTNC02017,13,6,HOME
33331011SSSK02025,4,3,HOME
33331013LGWO02016,0,7,AWAY
33331013LTNC02017,1,7,AWAY
33331013SKSS02025,5,3,HOME
33331014LGWO02016,5,1,HOME
33331014SKSS02025,5,2,HOME
33331015NCLT02017,0,9,AWAY
33331016KTWO02022,8,4,HOME
33331016WOLG02016,4,1,HOME
33331017KTWO02022,0,2,AWAY
33331017WOLG02016,5,4,HOME
33331019WOHH02018,2,3,AWAY
33331019WOKT02022,2,9,AWAY
33331020WOHH02018,5,7,AWAY
33331020WOKT02022,9,6,HOME
33331022HHWO02018,3,4,AWAY
33331022KTWO02022,4,3,HOME
33331022NCSK02023,3,4,AWAY
33331023HHWO02018,5,2,HOME
33331023NCSK02023,3,7,AWAY
33331025SKNC02023,7,6,HOME
33331104LGOB02020,4,0,HOME
33331104OBLG02021,1,5,AWAY
33331105LGOB02021,3,9,AWAY
33331105OBLG02020,7,9,AWAY
33331107OBLG02021,3,10,AWAY
44441002KTOB02024,0,4,AWAY
44441003KTOB02024,0,1,AWAY
44441003NCLG02019,3,1,HOME
44441005SKNC02017,10,5,HOME
44441006NCSS02025,1,4,AWAY
44441007NCSS02025,3,0,HOME
44441010HTLG02016,2,4,AWAY
44441011HTLG02016,1,0,HOME
44441013HTKT02022,6,2,HOME
44441016HTWO02018,10,6,HOME
44441019OBNC02023,14,9,HOME
44441101WOOB02021,4,7,AWAY
44441102WOLG02020,4,3,HOME
44441102WOOB02021,16,8,HOME
55551013LGSS02024,10,4,HOME
55551014WOSK02019,0,3,AWAY
55551015LGSS02024,10,5,HOME
55551015WOSK02019,7,8,AWAY
55551017NCOB02017,5,13,AWAY
55551017SKWO02019,10,1,HOME
55551017SSLG02024,1,0,HOME
55551018NCOB02017,17,7,HOME
55551018SSHH02025,9,8,HOME
55551019SSHH02025,3,7,AWAY
55551019SSLG02024,0,1,AWAY
55551020OBNC02017,3,14,AWAY
55551021HHSS02025,4,5,AWAY
55551021LGNC02016,3,2,HOME
55551021OBNC02017,5,14,AWAY
55551022HHSS02025,7,4,HOME
55551022LGNC02016,2,0,HOME
55551024NCLG02016,2,1,HOME
55551024SSHH02025,11,2,HOME
55551024WOLG02022,6,3,HOME
55551025NCLG02016,3,8,AWAY
55551025WOLG02022,6,7,AWAY
55551027LGWO02022,6,4,HOME
55551027WOSK02018,10,8,HOME
55551028LGWO02022,4,1,HOME
55551028WOSK02018,5,1,HOME
55551030NCKT02023,5,9,AWAY
55551030SKWO02018,3,2,HOME
55551031NCKT02023,2,3,AWAY
55551031SKWO02018,4,2,HOME
55551102KTNC02023,0,3,AWAY
55551102WOSK02018,11,10,HOME
55551103KTNC02023,2,11,AWAY
55551105NCKT02023,3,2,HOME
55551109OBKT02020,2,3,AWAY
55551109OBSS02021,4,6,AWAY
55551110OBKT02020,1,4,AWAY
55551110SSOB02021,11,3,HOME
55551112KTOB02020,2,5,AWAY
55551113KTOB02020,2,0,HOME
66660421HHKT02020,4,2,HOME
66660421LTNC02020,0,8,AWAY
66660421OBLG02020,5,2,HOME
66660421SSHT02020,2,4,AWAY
66660421WOSK02020,6,3,HOME
66660422LGKT02020,10,3,HOME
66660422WOOB02020,5,0,HOME
66660423HTHH02020,6,6,DRAW
66660423SSLT02020,3,5,AWAY
66660424NCLT02020,11,3,HOME
66660424SKLG02020,3,4,AWAY
66660425HHSS02020,3,0,HOME
66660425HTNC02020,2,1,HOME
66660425KTOB02020,8,1,HOME
66660425SKWO02020,8,2,HOME
66660427KTHH02020,3,3,DRAW
66660427LGWO02020,3,2,HOME
66660427LTSS02020,5,12,AWAY
66660427NCHT02020,8,6,HOME
66660427OBSK02020,5,7,AWAY
66660429HTSS02020,3,4,AWAY
66660429KTSK02020,0,4,AWAY
66660429LGHH02020,3,4,AWAY
66660429LTNC02020,1,4,AWAY
66660429OBWO02020,10,6,HOME
66660501HHKT02020,15,13,HOME
66660501NCHT02020,4,0,HOME
66660501OBLG02020,3,2,HOME
66660501SSLT02020,8,7,HOME
66660501WOSK02020,3,5,AWAY
66661001SKKT02024,4,3,HOME
66661031KTSS02021,0,1,AWAY
77771021SSHT02024,5,1,HOME
77771022WOOB02019,7,6,HOME
77771023SSHT02024,8,3,HOME
77771023WOOB02019,6,5,HOME
77771025HTSS02024,4,2,HOME
77771025OBHT02017,3,5,AWAY
77771025OBWO02019,0,5,AWAY
77771026HHLG02025,8,2,HOME
77771026HTSS02024,2,9,AWAY
77771026OBHT02017,1,0,HOME
77771026OBWO02019,9,11,AWAY
77771027HHLG02025,13,5,HOME
77771028HTOB02017,3,6,AWAY
77771028SSHT02024,7,5,HOME
77771029HTOB02017,1,5,AWAY
77771029LGHH02025,7,3,HOME
77771029NCOB02016,1,0,HOME
77771030HTOB02017,6,7,AWAY
77771030LGHH02025,4,7,AWAY
77771030NCOB02016,5,1,HOME
77771031LGHH02025,1,4,AWAY
77771101OBNC02016,0,6,AWAY
77771101WOSK02022,6,7,AWAY
77771102OBNC02016,1,8,AWAY
77771102WOSK02022,6,1,HOME
77771104SKOB02018,3,7,AWAY
77771104SKWO02022,2,8,AWAY
77771105SKOB02018,7,3,HOME
77771105SKWO02022,6,3,HOME
77771107KTLG02023,2,3,AWAY
77771107OBSK02018,7,2,HOME
77771107WOSK02022,5,4,HOME
77771108KTLG02023,5,4,HOME
77771108WOSK02022,4,3,HOME
77771109OBSK02018,1,2,AWAY
77771110LGKT02023,7,8,AWAY
77771110OBSK02018,4,1,HOME
77771111LGKT02023,4,15,AWAY
77771112SKOB02018,4,5,AWAY
77771113KTLG02023,6,2,HOME
77771114OBKT02021,4,2,HOME
77771115OBKT02021,6,1,HOME
77771117KTOB02021,1,3,AWAY
77771117OBNC02020,5,3,HOME
77771118KTOB02021,4,8,AWAY
77771118OBNC02020,4,5,AWAY
77771120NCOB02020,7,6,HOME
77771121NCOB02020,0,3,AWAY
77771123OBNC02020,5,0,HOME
77771124OBNC02020,4,2,HOME
99990706WEEA02024,2,4,AWAY
99990712EAWE02025,8,6,HOME
99990714WEEA02018,6,10,AWAY
99990715EAWE02017,8,13,AWAY
99990715EAWE02023,8,4,HOME
99990716WEEA02016,8,4,HOME
99990716WEEA02022,3,6,AWAY
99990721EAWE02019,7,9,AWAY
