game_id,date,away_code,home_code,away_name,home_name,status_code,status_info,cancel,suspended,game_status
20160308LGHT02016,2016-03-08,LG,HT,LG,KIA,BEFORE,경기취소,True,False,cancelled
20160308OBKT02016,2016-03-08,OB,KT,두산,KT,RESULT,9회말,False,False,normal
20160308SKLT02016,2016-03-08,SK,LT,SSG,롯데,RESULT,9회말,False,False,normal
20160308SSNC02016,2016-03-08,SS,NC,삼성,NC,RESULT,9회말,False,False,normal
20160308WOHH02016,2016-03-08,WO,HH,키움,한화,RESULT,9회초,False,False,normal
20160309LGHT02016,2016-03-09,LG,HT,LG,KIA,RESULT,9회말,False,False,normal
20160309OBKT02016,2016-03-09,OB,KT,두산,KT,RESULT,9회말,False,False,normal
20160309SKLT02016,2016-03-09,SK,LT,SSG,롯데,RESULT,9회말,False,False,normal
20160309SSNC02016,2016-03-09,SS,NC,삼성,NC,RESULT,9회말,False,False,normal
20160309WOHH02016,2016-03-09,WO,HH,키움,한화,RESULT,9회초,False,False,normal
20160310LGNC02016,2016-03-10,LG,NC,LG,NC,RESULT,9회말,False,False,normal
20160310OBHH02016,2016-03-10,OB,HH,두산,한화,RESULT,9회초,False,False,normal
20160310SKHT02016,2016-03-10,SK,HT,SSG,KIA,RESULT,6회말,False,False,called
20160310SSLT02016,2016-03-10,SS,LT,삼성,롯데,RESULT,9회말,False,False,normal
20160310WOKT02016,2016-03-10,WO,KT,키움,KT,BEFORE,경기취소,True,False,cancelled
20160311LGNC02016,2016-03-11,LG,NC,LG,NC,RESULT,9회말,False,False,normal
20160311OBHH02016,2016-03-11,OB,HH,두산,한화,BEFORE,경기취소,True,False,cancelled
20160311SKHT02016,2016-03-11,SK,HT,SSG,KIA,BEFORE,경기취소,True,False,cancelled
20160311SSLT02016,2016-03-11,SS,LT,삼성,롯데,RESULT,5회말,False,False,called
20160311WOKT02016,2016-03-11,WO,KT,키움,KT,BEFORE,경기취소,True,False,cancelled
20160312LGLT02016,2016-03-12,LG,LT,LG,롯데,RESULT,9회말,False,False,normal
20160312OBNC02016,2016-03-12,OB,NC,두산,NC,RESULT,9회초,False,False,normal
20160312SKKT02016,2016-03-12,SK,KT,SSG,KT,RESULT,9회초,False,False,normal
20160312SSHH02016,2016-03-12,SS,HH,삼성,한화,RESULT,9회초,False,False,normal
20160312WOHT02016,2016-03-12,WO,HT,키움,KIA,RESULT,9회초,False,False,normal
20160313LGLT02016,2016-03-13,LG,LT,LG,롯데,RESULT,9회초,False,False,normal
20160313OBNC02016,2016-03-13,OB,NC,두산,NC,RESULT,9회말,False,False,normal
20160313SKKT02016,2016-03-13,SK,KT,SSG,KT,RESULT,9회말,False,False,normal
20160313SSHH02016,2016-03-13,SS,HH,삼성,한화,RESULT,9회말,False,False,normal
20160313WOHT02016,2016-03-13,WO,HT,키움,KIA,RESULT,9회말,False,False,normal
20160315LGHH02016,2016-03-15,LG,HH,LG,한화,RESULT,9회초,False,False,normal
20160315NCHT02016,2016-03-15,NC,HT,NC,KIA,RESULT,9회초,False,False,normal
20160315OBLT02016,2016-03-15,OB,LT,두산,롯데,RESULT,9회말,False,False,normal
20160315SKWO02016,2016-03-15,SK,WO,SSG,키움,RESULT,9회말,False,False,normal
20160315SSKT02016,2016-03-15,SS,KT,삼성,KT,RESULT,9회초,False,False,normal
20160316LGHH02016,2016-03-16,LG,HH,LG,한화,RESULT,9회초,False,False,normal
20160316NCHT02016,2016-03-16,NC,HT,NC,KIA,RESULT,9회초,False,False,normal
20160316OBLT02016,2016-03-16,OB,LT,두산,롯데,RESULT,9회말,False,False,normal
20160316SKWO02016,2016-03-16,SK,WO,SSG,키움,RESULT,9회말,False,False,normal
20160316SSKT02016,2016-03-16,SS,KT,삼성,KT,RESULT,9회말,False,False,normal
20160317LGKT02016,2016-03-17,LG,KT,LG,KT,RESULT,9회초,False,False,normal
20160317NCLT02016,2016-03-17,NC,LT,NC,롯데,RESULT,9회말,False,False,normal
20160317OBWO02016,2016-03-17,OB,WO,두산,키움,RESULT,9회말,False,False,normal
20160317SKHH02016,2016-03-17,SK,HH,SSG,한화,RESULT,9회말,False,False,normal
20160317SSHT02016,2016-03-17,SS,HT,삼성,KIA,RESULT,9회말,False,False,normal
20160318LGKT02016,2016-03-18,LG,KT,LG,KT,RESULT,9회초,False,False,normal
20160318NCLT02016,2016-03-18,NC,LT,NC,롯데,BEFORE,경기취소,True,False,cancelled
20160318OBWO02016,2016-03-18,OB,WO,두산,키움,RESULT,9회말,False,False,normal
20160318SKHH02016,2016-03-18,SK,HH,SSG,한화,BEFORE,경기취소,True,False,cancelled
20160318SSHT02016,2016-03-18,SS,HT,삼성,KIA,BEFORE,경기취소,True,False,cancelled
20160319HHLT02016,2016-03-19,HH,LT,한화,롯데,RESULT,9회초,False,False,normal
20160319HTOB02016,2016-03-19,HT,OB,KIA,두산,RESULT,9회초,False,False,normal
20160319KTNC02016,2016-03-19,KT,NC,KT,NC,RESULT,9회말,False,False,normal
20160319LGSK02016,2016-03-19,LG,SK,LG,SSG,RESULT,9회말,False,False,normal
20160319SSWO02016,2016-03-19,SS,WO,삼성,키움,RESULT,9회초,False,False,normal
20160320HHLT02016,2016-03-20,HH,LT,한화,롯데,RESULT,9회말,False,False,normal
20160320HTOB02016,2016-03-20,HT,OB,KIA,두산,RESULT,9회말,False,False,normal
20160320KTNC02016,2016-03-20,KT,NC,KT,NC,RESULT,9회초,False,False,normal
20160320LGSK02016,2016-03-20,LG,SK,LG,SSG,RESULT,9회말,False,False,normal
20160320SSWO02016,2016-03-20,SS,WO,삼성,키움,RESULT,9회말,False,False,normal
20160322HHNC02016,2016-03-22,HH,NC,한화,NC,RESULT,9회초,False,False,normal
20160322KTHT02016,2016-03-22,KT,HT,KT,KIA,RESULT,9회초,False,False,normal
20160322LGSS02016,2016-03-22,LG,SS,LG,삼성,RESULT,9회초,False,False,normal
20160322LTWO02016,2016-03-22,LT,WO,롯데,키움,RESULT,9회초,False,False,normal
20160322SKOB02016,2016-03-22,SK,OB,SSG,두산,RESULT,9회말,False,False,normal
20160323HHNC02016,2016-03-23,HH,NC,한화,NC,RESULT,9회말,False,False,normal
20160323KTHT02016,2016-03-23,KT,HT,KT,KIA,RESULT,9회말,False,False,normal
20160323LGSS02016,2016-03-23,LG,SS,LG,삼성,RESULT,9회말,False,False,normal
20160323LTWO02016,2016-03-23,LT,WO,롯데,키움,RESULT,9회말,False,False,normal
20160323SKOB02016,2016-03-23,SK,OB,SSG,두산,RESULT,9회말,False,False,normal
20160324HTLT02016,2016-03-24,HT,LT,KIA,롯데,RESULT,9회말,False,False,normal
20160324KTHH02016,2016-03-24,KT,HH,KT,한화,RESULT,9회말,False,False,normal
20160324NCSK02016,2016-03-24,NC,SK,NC,SSG,RESULT,9회말,False,False,normal
20160324OBSS02016,2016-03-24,OB,SS,두산,삼성,RESULT,9회말,False,False,normal
20160324WOLG02016,2016-03-24,WO,LG,키움,LG,RESULT,9회초,False,False,normal
20160325HTLT02016,2016-03-25,HT,LT,KIA,롯데,RESULT,5회말,False,False,called
20160325KTHH02016,2016-03-25,KT,HH,KT,한화,RESULT,9회말,False,False,normal
20160325NCSK02016,2016-03-25,NC,SK,NC,SSG,RESULT,9회말,False,False,normal
20160325OBSS02016,2016-03-25,OB,SS,두산,삼성,BEFORE,경기취소,True,False,cancelled
20160325WOLG02016,2016-03-25,WO,LG,키움,LG,RESULT,5회말,False,False,called
20160326HHHT02016,2016-03-26,HH,HT,한화,KIA,RESULT,9회초,False,False,normal
20160326LTKT02016,2016-03-26,LT,KT,롯데,KT,RESULT,9회초,False,False,normal
20160326NCWO02016,2016-03-26,NC,WO,NC,키움,RESULT,9회말,False,False,normal
20160326OBLG02016,2016-03-26,OB,LG,두산,LG,RESULT,9회말,False,False,normal
20160326SKSS02016,2016-03-26,SK,SS,SSG,삼성,RESULT,9회초,False,False,normal
20160327HHHT02016,2016-03-27,HH,HT,한화,KIA,RESULT,9회말,False,False,normal
20160327LTKT02016,2016-03-27,LT,KT,롯데,KT,RESULT,9회초,False,False,normal
20160327NCWO02016,2016-03-27,NC,WO,NC,키움,RESULT,9회말,False,False,normal
20160327OBLG02016,2016-03-27,OB,LG,두산,LG,RESULT,9회말,False,False,normal
20160327SKSS02016,2016-03-27,SK,SS,SSG,삼성,RESULT,9회초,False,False,normal
20160401HHLG02016,2016-04-01,HH,LG,한화,LG,RESULT,12회말,False,False,normal
20160401HTNC02016,2016-04-01,HT,NC,KIA,NC,RESULT,9회초,False,False,normal
20160401KTSK02016,2016-04-01,KT,SK,KT,SSG,RESULT,9회말,False,False,normal
20160401LTWO02016,2016-04-01,LT,WO,롯데,키움,RESULT,9회말,False,False,normal
20160401OBSS02016,2016-04-01,OB,SS,두산,삼성,RESULT,9회말,False,False,normal
20160402HHLG02016,2016-04-02,HH,LG,한화,LG,RESULT,11회말,False,False,normal
20160402HTNC02016,2016-04-02,HT,NC,KIA,NC,RESULT,9회말,False,False,normal
20160402KTSK02016,2016-04-02,KT,SK,KT,SSG,RESULT,10회말,False,False,normal
20160402LTWO02016,2016-04-02,LT,WO,롯데,키움,RESULT,9회초,False,False,normal
20160402OBSS02016,2016-04-02,OB,SS,두산,삼성,RESULT,9회초,False,False,normal
20160403HHLG02016,2016-04-03,HH,LG,한화,LG,BEFORE,경기취소,True,False,cancelled
20160403HTNC02016,2016-04-03,HT,NC,KIA,NC,BEFORE,경기취소,True,False,cancelled
20160403KTSK02016,2016-04-03,KT,SK,KT,SSG,RESULT,9회말,False,False,normal
20160403LTWO02016,2016-04-03,LT,WO,롯데,키움,RESULT,9회말,False,False,normal
20160403OBSS02016,2016-04-03,OB,SS,두산,삼성,BEFORE,경기취소,True,False,cancelled
20160405LGHT02016,2016-04-05,LG,HT,LG,KIA,RESULT,9회초,False,False,normal
20160405NCOB02016,2016-04-05,NC,OB,NC,두산,RESULT,9회초,False,False,normal
20160405SKLT02016,2016-04-05,SK,LT,SSG,롯데,RESULT,9회초,False,False,normal
20160405SSKT02016,2016-04-05,SS,KT,삼성,KT,RESULT,9회초,False,False,normal
20160405WOHH02016,2016-04-05,WO,HH,키움,한화,RESULT,9회초,False,False,normal
20160406LGHT02016,2016-04-06,LG,HT,LG,KIA,BEFORE,경기취소,True,False,cancelled
20160406NCOB02016,2016-04-06,NC,OB,NC,두산,RESULT,9회초,False,False,normal
20160406SKLT02016,2016-04-06,SK,LT,SSG,롯데,RESULT,6회초,False,False,called
20160406SSKT02016,2016-04-06,SS,KT,삼성,KT,RESULT,9회말,False,False,normal
20160406WOHH02016,2016-04-06,WO,HH,키움,한화,RESULT,9회말,False,False,normal
20160407LGHT02016,2016-04-07,LG,HT,LG,KIA,RESULT,9회말,False,False,normal
20160407NCOB02016,2016-04-07,NC,OB,NC,두산,RESULT,9회말,False,False,normal
20160407SKLT02016,2016-04-07,SK,LT,SSG,롯데,RESULT,9회말,False,False,normal
20160407SSKT02016,2016-04-07,SS,KT,삼성,KT,RESULT,9회말,False,False,normal
20160407WOHH02016,2016-04-07,WO,HH,키움,한화,RESULT,9회말,False,False,normal
20160408HHNC02016,2016-04-08,HH,NC,한화,NC,RESULT,9회초,False,False,normal
20160408HTKT02016,2016-04-08,HT,KT,KIA,KT,RESULT,9회초,False,False,normal
20160408LGSK02016,2016-04-08,LG,SK,LG,SSG,RESULT,10회말,False,False,normal
20160408SSLT02016,2016-04-08,SS,LT,삼성,롯데,RESULT,9회말,False,False,normal
20160408WOOB02016,2016-04-08,WO,OB,키움,두산,RESULT,9회초,False,False,normal
20160409HHNC02016,2016-04-09,HH,NC,한화,NC,RESULT,9회초,False,False,normal
20160409HTKT02016,2016-04-09,HT,KT,KIA,KT,RESULT,9회말,False,False,normal
20160409LGSK02016,2016-04-09,LG,SK,LG,SSG,RESULT,9회초,False,False,normal
20160409SSLT02016,2016-04-09,SS,LT,삼성,롯데,RESULT,9회초,False,False,normal
20160409WOOB02016,2016-04-09,WO,OB,키움,두산,RESULT,12회말,False,False,normal
20160410HHNC02016,2016-04-10,HH,NC,한화,NC,RESULT,9회말,False,False,normal
20160410HTKT02016,2016-04-10,HT,KT,KIA,KT,RESULT,9회초,False,False,normal
20160410LGSK02016,2016-04-10,LG,SK,LG,SSG,RESULT,9회초,False,False,normal
20160410SSLT02016,2016-04-10,SS,LT,삼성,롯데,RESULT,9회초,False,False,normal
20160410WOOB02016,2016-04-10,WO,OB,키움,두산,RESULT,9회말,False,False,normal
20160412HTSK02016,2016-04-12,HT,SK,KIA,SSG,RESULT,9회말,False,False,normal
20160412KTWO02016,2016-04-12,KT,WO,KT,키움,RESULT,9회초,False,False,normal
20160412LTLG02016,2016-04-12,LT,LG,롯데,LG,RESULT,10회말,False,False,normal
20160412NCSS02016,2016-04-12,NC,SS,NC,삼성,RESULT,9회초,False,False,normal
20160412OBHH02016,2016-04-12,OB,HH,두산,한화,RESULT,9회말,False,False,normal
20160413HTSK02016,2016-04-13,HT,SK,KIA,SSG,RESULT,9회초,False,False,normal
20160413KTWO02016,2016-04-13,KT,WO,KT,키움,RESULT,11회말,False,False,normal
20160413LTLG02016,2016-04-13,LT,LG,롯데,LG,RESULT,9회초,False,False,normal
20160413NCSS02016,2016-04-13,NC,SS,NC,삼성,RESULT,9회말,False,False,normal
20160413OBHH02016,2016-04-13,OB,HH,두산,한화,RESULT,9회말,False,False,normal
20160414HTSK02016,2016-04-14,HT,SK,KIA,SSG,RESULT,9회말,False,False,normal
20160414KTWO02016,2016-04-14,KT,WO,KT,키움,RESULT,9회말,False,False,normal
20160414LTLG02016,2016-04-14,LT,LG,롯데,LG,RESULT,9회말,False,False,normal
20160414NCSS02016,2016-04-14,NC,SS,NC,삼성,RESULT,9회초,False,False,normal
20160414OBHH02016,2016-04-14,OB,HH,두산,한화,RESULT,9회말,False,False,normal
20160415LGHH02016,2016-04-15,LG,HH,LG,한화,RESULT,9회말,False,False,normal
20160415LTNC02016,2016-04-15,LT,NC,롯데,NC,RESULT,9회초,False,False,normal
20160415SKKT02016,2016-04-15,SK,KT,SSG,KT,RESULT,9회말,False,False,normal
20160415SSOB02016,2016-04-15,SS,OB,삼성,두산,RESULT,9회초,False,False,normal
20160415WOHT02016,2016-04-15,WO,HT,키움,KIA,RESULT,9회초,False,False,normal
20160416LGHH02016,2016-04-16,LG,HH,LG,한화,BEFORE,경기취소,True,False,cancelled
20160416LTNC02016,2016-04-16,LT,NC,롯데,NC,BEFORE,경기취소,True,False,cancelled
20160416SKKT02016,2016-04-16,SK,KT,SSG,KT,BEFORE,경기취소,True,False,cancelled
20160416SSOB02016,2016-04-16,SS,OB,삼성,두산,BEFORE,경기취소,True,False,cancelled
20160416WOHT02016,2016-04-16,WO,HT,키움,KIA,BEFORE,경기취소,True,False,cancelled
20160417LGHH02016,2016-04-17,LG,HH,LG,한화,RESULT,9회말,False,False,normal
20160417LTNC02016,2016-04-17,LT,NC,롯데,NC,RESULT,9회말,False,False,normal
20160417SKKT02016,2016-04-17,SK,KT,SSG,KT,RESULT,11회말,False,False,normal
20160417SSOB02016,2016-04-17,SS,OB,삼성,두산,RESULT,9회초,False,False,normal
20160417WOHT02016,2016-04-17,WO,HT,키움,KIA,RESULT,9회말,False,False,normal
20160419HHLT02016,2016-04-19,HH,LT,한화,롯데,RESULT,10회말,False,False,normal
20160419NCLG02016,2016-04-19,NC,LG,NC,LG,RESULT,9회말,False,False,normal
20160419OBKT02016,2016-04-19,OB,KT,두산,KT,RESULT,9회말,False,False,normal
20160419SSHT02016,2016-04-19,SS,HT,삼성,KIA,RESULT,9회초,False,False,normal
20160419WOSK02016,2016-04-19,WO,SK,키움,SSG,RESULT,9회말,False,False,normal
20160420HHLT02016,2016-04-20,HH,LT,한화,롯데,RESULT,9회초,False,False,normal
20160420NCLG02016,2016-04-20,NC,LG,NC,LG,RESULT,9회초,False,False,normal
20160420OBKT02016,2016-04-20,OB,KT,두산,KT,RESULT,9회말,False,False,normal
20160420SSHT02016,2016-04-20,SS,HT,삼성,KIA,RESULT,10회말,False,False,normal
20160420WOSK02016,2016-04-20,WO,SK,키움,SSG,RESULT,9회초,False,False,normal
20160421HHLT02016,2016-04-21,HH,LT,한화,롯데,RESULT,9회말,False,False,normal
20160421NCLG02016,2016-04-21,NC,LG,NC,LG,RESULT,9회말,False,False,normal
20160421OBKT02016,2016-04-21,OB,KT,두산,KT,RESULT,9회초,False,False,normal
20160421SSHT02016,2016-04-21,SS,HT,삼성,KIA,RESULT,9회말,False,False,normal
20160421WOSK02016,2016-04-21,WO,SK,키움,SSG,RESULT,9회초,False,False,normal
20160422HHOB02016,2016-04-22,HH,OB,한화,두산,RESULT,9회초,False,False,normal
20160422HTLT02016,2016-04-22,HT,LT,KIA,롯데,RESULT,9회초,False,False,normal
20160422KTSS02016,2016-04-22,KT,SS,KT,삼성,RESULT,9회말,False,False,normal
20160422LGWO02016,2016-04-22,LG,WO,LG,키움,RESULT,9회초,False,False,normal
20160422NCSK02016,2016-04-22,NC,SK,NC,SSG,RESULT,11회말,False,False,normal
20160423HHOB02016,2016-04-23,HH,OB,한화,두산,RESULT,9회초,False,False,normal
20160423HTLT02016,2016-04-23,HT,LT,KIA,롯데,RESULT,9회말,False,False,normal
20160423KTSS02016,2016-04-23,KT,SS,KT,삼성,RESULT,9회말,False,False,normal
20160423LGWO02016,2016-04-23,LG,WO,LG,키움,RESULT,9회초,False,False,normal
20160423NCSK02016,2016-04-23,NC,SK,NC,SSG,RESULT,9회초,False,False,normal
20160424HHOB02016,2016-04-24,HH,OB,한화,두산,RESULT,9회초,False,False,normal
20160424HTLT02016,2016-04-24,HT,LT,KIA,롯데,RESULT,9회말,False,False,normal
20160424KTSS02016,2016-04-24,KT,SS,KT,삼성,RESULT,9회초,False,False,normal
20160424LGWO02016,2016-04-24,LG,WO,LG,키움,RESULT,9회말,False,False,normal
20160424NCSK02016,2016-04-24,NC,SK,NC,SSG,RESULT,9회초,False,False,normal
20160426HTHH02016,2016-04-26,HT,HH,KIA,한화,RESULT,9회초,False,False,normal
20160426LGSS02016,2016-04-26,LG,SS,LG,삼성,RESULT,9회말,False,False,normal
20160426LTKT02016,2016-04-26,LT,KT,롯데,KT,RESULT,9회초,False,False,normal
20160426SKOB02016,2016-04-26,SK,OB,SSG,두산,RESULT,9회초,False,False,normal
20160426WONC02016,2016-04-26,WO,NC,키움,NC,RESULT,9회초,False,False,normal
20160427HTHH02016,2016-04-27,HT,HH,KIA,한화,BEFORE,경기취소,True,False,cancelled
20160427LGSS02016,2016-04-27,LG,SS,LG,삼성,BEFORE,경기취소,True,False,cancelled
20160427LTKT02016,2016-04-27,LT,KT,롯데,KT,RESULT,9회말,False,False,normal
20160427SKOB02016,2016-04-27,SK,OB,SSG,두산,RESULT,9회말,False,False,normal
20160427WONC02016,2016-04-27,WO,NC,키움,NC,BEFORE,경기취소,True,False,cancelled
20160428HTHH02016,2016-04-28,HT,HH,KIA,한화,RESULT,11회말,False,False,normal
20160428LGSS02016,2016-04-28,LG,SS,LG,삼성,RESULT,9회초,False,False,normal
20160428LTKT02016,2016-04-28,LT,KT,롯데,KT,RESULT,9회말,False,False,normal
20160428SKOB02016,2016-04-28,SK,OB,SSG,두산,RESULT,9회말,False,False,normal
20160428WONC02016,2016-04-28,WO,NC,키움,NC,RESULT,9회말,False,False,normal
20160429KTLG02016,2016-04-29,KT,LG,KT,LG,RESULT,9회말,False,False,normal
20160429NCLT02016,2016-04-29,NC,LT,NC,롯데,RESULT,9회말,False,False,normal
20160429OBHT02016,2016-04-29,OB,HT,두산,KIA,RESULT,9회초,False,False,normal
20160429SKWO02016,2016-04-29,SK,WO,SSG,키움,RESULT,9회말,False,False,normal
20160429SSHH02016,2016-04-29,SS,HH,삼성,한화,RESULT,9회초,False,False,normal
20160430KTLG02016,2016-04-30,KT,LG,KT,LG,RESULT,9회말,False,False,normal
20160430NCLT02016,2016-04-30,NC,LT,NC,롯데,RESULT,9회말,False,False,normal
20160430OBHT02016,2016-04-30,OB,HT,두산,KIA,RESULT,9회말,False,False,normal
20160430SKWO02016,2016-04-30,SK,WO,SSG,키움,RESULT,9회말,False,False,normal
20160430SSHH02016,2016-04-30,SS,HH,삼성,한화,RESULT,9회말,False,False,normal
20160501KTLG02016,2016-05-01,KT,LG,KT,LG,RESULT,9회초,False,False,normal
20160501NCLT02016,2016-05-01,NC,LT,NC,롯데,RESULT,9회말,False,False,normal
20160501OBHT02016,2016-05-01,OB,HT,두산,KIA,RESULT,9회말,False,False,normal
20160501SKWO02016,2016-05-01,SK,WO,SSG,키움,RESULT,9회초,False,False,normal
20160501SSHH02016,2016-05-01,SS,HH,삼성,한화,RESULT,9회초,False,False,normal
20160503HHSK02016,2016-05-03,HH,SK,한화,SSG,RESULT,9회말,False,False,normal
20160503LTHT02016,2016-05-03,LT,HT,롯데,KIA,RESULT,9회초,False,False,normal
20160503NCKT02016,2016-05-03,NC,KT,NC,KT,BEFORE,경기취소,True,False,cancelled
20160503OBLG02016,2016-05-03,OB,LG,두산,LG,BEFORE,경기취소,True,False,cancelled
20160503WOSS02016,2016-05-03,WO,SS,키움,삼성,RESULT,9회말,False,False,normal
20160504HHSK02016,2016-05-04,HH,SK,한화,SSG,RESULT,9회초,False,False,normal
20160504LTHT02016,2016-05-04,LT,HT,롯데,KIA,RESULT,9회초,False,False,normal
20160504NCKT02016,2016-05-04,NC,KT,NC,KT,RESULT,9회말,False,False,normal
20160504OBLG02016,2016-05-04,OB,LG,두산,LG,RESULT,9회말,False,False,normal
20160504WOSS02016,2016-05-04,WO,SS,키움,삼성,RESULT,9회말,False,False,normal
20160505HHSK02016,2016-05-05,HH,SK,한화,SSG,RESULT,9회초,False,False,normal
20160505LTHT02016,2016-05-05,LT,HT,롯데,KIA,RESULT,9회초,False,False,normal
20160505NCKT02016,2016-05-05,NC,KT,NC,KT,RESULT,9회말,False,False,normal
20160505OBLG02016,2016-05-05,OB,LG,두산,LG,RESULT,10회말,False,False,normal
20160505WOSS02016,2016-05-05,WO,SS,키움,삼성,RESULT,9회초,False,False,normal
20160506HHKT02016,2016-05-06,HH,KT,한화,KT,RESULT,9회초,False,False,normal
20160506HTWO02016,2016-05-06,HT,WO,KIA,키움,RESULT,9회초,False,False,normal
20160506LGNC02016,2016-05-06,LG,NC,LG,NC,RESULT,9회초,False,False,normal
20160506LTOB02016,2016-05-06,LT,OB,롯데,두산,RESULT,9회말,False,False,normal
20160506SKSS02016,2016-05-06,SK,SS,SSG,삼성,RESULT,9회초,False,False,normal
20160507HHKT02016,2016-05-07,HH,KT,한화,KT,RESULT,9회초,False,False,normal
20160507HTWO02016,2016-05-07,HT,WO,KIA,키움,RESULT,9회초,False,False,normal
20160507LGNC02016,2016-05-07,LG,NC,LG,NC,RESULT,9회초,False,False,normal
20160507LTOB02016,2016-05-07,LT,OB,롯데,두산,RESULT,9회말,False,False,normal
20160507SKSS02016,2016-05-07,SK,SS,SSG,삼성,RESULT,9회말,False,False,normal
20160508HHKT02016,2016-05-08,HH,KT,한화,KT,RESULT,9회초,False,False,normal
20160508HTWO02016,2016-05-08,HT,WO,KIA,키움,RESULT,9회말,False,False,normal
20160508LGNC02016,2016-05-08,LG,NC,LG,NC,RESULT,9회초,False,False,normal
20160508LTOB02016,2016-05-08,LT,OB,롯데,두산,RESULT,9회말,False,False,normal
20160508SKSS02016,2016-05-08,SK,SS,SSG,삼성,RESULT,11회말,False,False,normal
20160510KTHT02016,2016-05-10,KT,HT,KT,KIA,BEFORE,경기취소,True,False,cancelled
20160510NCHH02016,2016-05-10,NC,HH,NC,한화,BEFORE,경기취소,True,False,cancelled
20160510OBSK02016,2016-05-10,OB,SK,두산,SSG,RESULT,9회말,False,False,normal
20160510SSLG02016,2016-05-10,SS,LG,삼성,LG,RESULT,9회말,False,False,normal
20160510WOLT02016,2016-05-10,WO,LT,키움,롯데,BEFORE,경기취소,True,False,cancelled
20160511KTHT02016,2016-05-11,KT,HT,KT,KIA,RESULT,9회초,False,False,normal
20160511NCHH02016,2016-05-11,NC,HH,NC,한화,RESULT,9회초,False,False,normal
20160511OBSK02016,2016-05-11,OB,SK,두산,SSG,RESULT,9회말,False,False,normal
20160511SSLG02016,2016-05-11,SS,LG,삼성,LG,RESULT,9회초,False,False,normal
20160511WOLT02016,2016-05-11,WO,LT,키움,롯데,RESULT,9회말,False,False,normal
20160512KTHT02016,2016-05-12,KT,HT,KT,KIA,RESULT,9회초,False,False,normal
20160512NCHH02016,2016-05-12,NC,HH,NC,한화,RESULT,9회말,False,False,normal
20160512OBSK02016,2016-05-12,OB,SK,두산,SSG,RESULT,9회초,False,False,normal
20160512SSLG02016,2016-05-12,SS,LG,삼성,LG,RESULT,9회말,False,False,normal
20160512WOLT02016,2016-05-12,WO,LT,키움,롯데,RESULT,9회초,False,False,normal
20160513HHHT02016,2016-05-13,HH,HT,한화,KIA,RESULT,9회초,False,False,normal
20160513KTNC02016,2016-05-13,KT,NC,KT,NC,RESULT,9회말,False,False,normal
20160513LTSS02016,2016-05-13,LT,SS,롯데,삼성,RESULT,9회말,False,False,normal
20160513OBWO02016,2016-05-13,OB,WO,두산,키움,RESULT,9회말,False,False,normal
20160513SKLG02016,2016-05-13,SK,LG,SSG,LG,RESULT,9회초,False,False,normal
20160514HHHT02016,2016-05-14,HH,HT,한화,KIA,RESULT,9회초,False,False,normal
20160514KTNC02016,2016-05-14,KT,NC,KT,NC,RESULT,9회말,False,False,normal
20160514LTSS02016,2016-05-14,LT,SS,롯데,삼성,RESULT,9회초,False,False,normal
20160514OBWO02016,2016-05-14,OB,WO,두산,키움,RESULT,9회말,False,False,normal
20160514SKLG02016,2016-05-14,SK,LG,SSG,LG,RESULT,9회초,False,False,normal
20160515HHHT02016,2016-05-15,HH,HT,한화,KIA,RESULT,9회초,False,False,normal
20160515KTNC02016,2016-05-15,KT,NC,KT,NC,RESULT,12회말,False,False,normal
20160515LTSS02016,2016-05-15,LT,SS,롯데,삼성,RESULT,9회말,False,False,normal
20160515OBWO02016,2016-05-15,OB,WO,두산,키움,RESULT,9회말,False,False,normal
20160515SKLG02016,2016-05-15,SK,LG,SSG,LG,BEFORE,경기취소,True,False,cancelled
20160517HHSS02016,2016-05-17,HH,SS,한화,삼성,RESULT,10회말,False,False,normal
20160517HTOB02016,2016-05-17,HT,OB,KIA,두산,RESULT,9회초,False,False,normal
20160517LGKT02016,2016-05-17,LG,KT,LG,KT,RESULT,9회말,False,False,normal
20160517LTSK02016,2016-05-17,LT,SK,롯데,SSG,RESULT,9회초,False,False,normal
20160517NCWO02016,2016-05-17,NC,WO,NC,키움,RESULT,9회초,False,False,normal
20160518HHSS02016,2016-05-18,HH,SS,한화,삼성,RESULT,9회초,False,False,normal
20160518HTOB02016,2016-05-18,HT,OB,KIA,두산,RESULT,9회초,False,False,normal
20160518LGKT02016,2016-05-18,LG,KT,LG,KT,RESULT,9회말,False,False,normal
20160518LTSK02016,2016-05-18,LT,SK,롯데,SSG,RESULT,9회초,False,False,normal
20160518NCWO02016,2016-05-18,NC,WO,NC,키움,RESULT,9회초,False,False,normal
20160519HHSS02016,2016-05-19,HH,SS,한화,삼성,RESULT,9회말,False,False,normal
20160519HTOB02016,2016-05-19,HT,OB,KIA,두산,RESULT,9회초,False,False,normal
20160519LGKT02016,2016-05-19,LG,KT,LG,KT,RESULT,10회말,False,False,normal
20160519LTSK02016,2016-05-19,LT,SK,롯데,SSG,RESULT,9회말,False,False,normal
20160519NCWO02016,2016-05-19,NC,WO,NC,키움,RESULT,9회말,False,False,normal
20160520KTHH02016,2016-05-20,KT,HH,KT,한화,RESULT,9회초,False,False,normal
20160520OBLT02016,2016-05-20,OB,LT,두산,롯데,RESULT,9회말,False,False,normal
20160520SKHT02016,2016-05-20,SK,HT,SSG,KIA,RESULT,9회초,False,False,normal
20160520SSNC02016,2016-05-20,SS,NC,삼성,NC,RESULT,9회말,False,False,normal
20160520WOLG02016,2016-05-20,WO,LG,키움,LG,RESULT,9회초,False,False,normal
20160521KTHH02016,2016-05-21,KT,HH,KT,한화,RESULT,12회말,False,False,normal
20160521OBLT02016,2016-05-21,OB,LT,두산,롯데,RESULT,9회말,False,False,normal
20160521SKHT02016,2016-05-21,SK,HT,SSG,KIA,RESULT,9회말,False,False,normal
20160521SSNC02016,2016-05-21,SS,NC,삼성,NC,RESULT,9회초,False,False,normal
20160521WOLG02016,2016-05-21,WO,LG,키움,LG,RESULT,9회말,False,False,normal
20160522KTHH02016,2016-05-22,KT,HH,KT,한화,RESULT,9회말,False,False,normal
20160522OBLT02016,2016-05-22,OB,LT,두산,롯데,RESULT,9회초,False,False,normal
20160522SKHT02016,2016-05-22,SK,HT,SSG,KIA,RESULT,9회초,False,False,normal
20160522SSNC02016,2016-05-22,SS,NC,삼성,NC,RESULT,9회초,False,False,normal
20160522WOLG02016,2016-05-22,WO,LG,키움,LG,RESULT,9회초,False,False,normal
20160524HHWO02016,2016-05-24,HH,WO,한화,키움,RESULT,9회초,False,False,normal
20160524HTSS02016,2016-05-24,HT,SS,KIA,삼성,RESULT,9회말,False,False,normal
20160524KTOB02016,2016-05-24,KT,OB,KT,두산,RESULT,9회초,False,False,normal
20160524LGLT02016,2016-05-24,LG,LT,LG,롯데,BEFORE,경기취소,True,False,cancelled
20160524SKNC02016,2016-05-24,SK,NC,SSG,NC,BEFORE,경기취소,True,False,cancelled
20160525HHWO02016,2016-05-25,HH,WO,한화,키움,RESULT,9회말,False,False,normal
20160525HTSS02016,2016-05-25,HT,SS,KIA,삼성,RESULT,9회초,False,False,normal
20160525KTOB02016,2016-05-25,KT,OB,KT,두산,RESULT,9회초,False,False,normal
20160525LGLT02016,2016-05-25,LG,LT,LG,롯데,RESULT,9회초,False,False,normal
20160525SKNC02016,2016-05-25,SK,NC,SSG,NC,RESULT,9회초,False,False,normal
20160526HHWO02016,2016-05-26,HH,WO,한화,키움,RESULT,9회말,False,False,normal
20160526HTSS02016,2016-05-26,HT,SS,KIA,삼성,RESULT,9회말,False,False,normal
20160526KTOB02016,2016-05-26,KT,OB,KT,두산,RESULT,9회초,False,False,normal
20160526LGLT02016,2016-05-26,LG,LT,LG,롯데,RESULT,9회초,False,False,normal
20160526SKNC02016,2016-05-26,SK,NC,SSG,NC,RESULT,10회말,False,False,normal
20160527LGOB02016,2016-05-27,LG,OB,LG,두산,RESULT,9회초,False,False,normal
20160527LTHH02016,2016-05-27,LT,HH,롯데,한화,RESULT,9회초,False,False,normal
20160527NCHT02016,2016-05-27,NC,HT,NC,KIA,RESULT,9회말,False,False,normal
20160527SSSK02016,2016-05-27,SS,SK,삼성,SSG,RESULT,9회초,False,False,normal
20160527WOKT02016,2016-05-27,WO,KT,키움,KT,RESULT,9회초,False,False,normal
20160528LGOB02016,2016-05-28,LG,OB,LG,두산,RESULT,9회초,False,False,normal
20160528LTHH02016,2016-05-28,LT,HH,롯데,한화,RESULT,9회초,False,False,normal
20160528NCHT02016,2016-05-28,NC,HT,NC,KIA,RESULT,9회말,False,False,normal
20160528SSSK02016,2016-05-28,SS,SK,삼성,SSG,RESULT,9회말,False,False,normal
20160528WOKT02016,2016-05-28,WO,KT,키움,KT,RESULT,9회말,False,False,normal
20160529LGOB02016,2016-05-29,LG,OB,LG,두산,RESULT,9회말,False,False,normal
20160529LTHH02016,2016-05-29,LT,HH,롯데,한화,RESULT,9회초,False,False,normal
20160529NCHT02016,2016-05-29,NC,HT,NC,KIA,RESULT,9회말,False,False,normal
20160529SSSK02016,2016-05-29,SS,SK,삼성,SSG,RESULT,9회말,False,False,normal
20160529WOKT02016,2016-05-29,WO,KT,키움,KT,RESULT,9회말,False,False,normal
20160531HTLG02016,2016-05-31,HT,LG,KIA,LG,RESULT,12회말,False,False,normal
20160531KTLT02016,2016-05-31,KT,LT,KT,롯데,RESULT,9회초,False,False,normal
20160531OBNC02016,2016-05-31,OB,NC,두산,NC,RESULT,9회말,False,False,normal
20160531SKHH02016,2016-05-31,SK,HH,SSG,한화,RESULT,9회초,False,False,normal
20160531SSWO02016,2016-05-31,SS,WO,삼성,키움,RESULT,9회말,False,False,normal
20160601HTLG02016,2016-06-01,HT,LG,KIA,LG,RESULT,9회말,False,False,normal
20160601KTLT02016,2016-06-01,KT,LT,KT,롯데,RESULT,9회초,False,False,normal
20160601OBNC02016,2016-06-01,OB,NC,두산,NC,RESULT,9회초,False,False,normal
20160601SKHH02016,2016-06-01,SK,HH,SSG,한화,RESULT,9회말,False,False,normal
20160601SSWO02016,2016-06-01,SS,WO,삼성,키움,RESULT,9회초,False,False,normal
20160602HTLG02016,2016-06-02,HT,LG,KIA,LG,RESULT,9회초,False,False,normal
20160602KTLT02016,2016-06-02,KT,LT,KT,롯데,RESULT,10회말,False,False,normal
20160602OBNC02016,2016-06-02,OB,NC,두산,NC,RESULT,9회초,False,False,normal
20160602SKHH02016,2016-06-02,SK,HH,SSG,한화,RESULT,9회초,False,False,normal
20160602SSWO02016,2016-06-02,SS,WO,삼성,키움,RESULT,9회말,False,False,normal
20160603HHSS02016,2016-06-03,HH,SS,한화,삼성,RESULT,12회말,False,False,normal
20160603LGKT02016,2016-06-03,LG,KT,LG,KT,RESULT,11회말,False,False,normal
20160603NCLT02016,2016-06-03,NC,LT,NC,롯데,RESULT,9회말,False,False,normal
20160603SKOB02016,2016-06-03,SK,OB,SSG,두산,RESULT,9회초,False,False,normal
20160603WOHT02016,2016-06-03,WO,HT,키움,KIA,RESULT,9회말,False,False,normal
20160604HHSS02016,2016-06-04,HH,SS,한화,삼성,RESULT,9회말,False,False,normal
20160604LGKT02016,2016-06-04,LG,KT,LG,KT,RESULT,9회말,False,False,normal
20160604NCLT02016,2016-06-04,NC,LT,NC,롯데,BEFORE,경기취소,True,False,cancelled
20160604SKOB02016,2016-06-04,SK,OB,SSG,두산,RESULT,9회초,False,False,normal
20160604WOHT02016,2016-06-04,WO,HT,키움,KIA,BEFORE,경기취소,True,False,cancelled
20160605HHSS02016,2016-06-05,HH,SS,한화,삼성,RESULT,10회말,False,False,normal
20160605LGKT02016,2016-06-05,LG,KT,LG,KT,RESULT,9회초,False,False,normal
20160605NCLT02016,2016-06-05,NC,LT,NC,롯데,RESULT,9회말,False,False,normal
20160605SKOB02016,2016-06-05,SK,OB,SSG,두산,RESULT,9회초,False,False,normal
20160605WOHT02016,2016-06-05,WO,HT,키움,KIA,RESULT,9회말,False,False,normal
20160607HTHH02016,2016-06-07,HT,HH,KIA,한화,RESULT,9회초,False,False,normal
20160607LTSK02016,2016-06-07,LT,SK,롯데,SSG,RESULT,9회말,False,False,normal
20160607OBKT02016,2016-06-07,OB,KT,두산,KT,RESULT,9회말,False,False,normal
20160607SSLG02016,2016-06-07,SS,LG,삼성,LG,RESULT,9회말,False,False,normal
20160607WONC02016,2016-06-07,WO,NC,키움,NC,RESULT,9회초,False,False,normal
20160608HTHH02016,2016-06-08,HT,HH,KIA,한화,RESULT,9회초,False,False,normal
20160608LTSK02016,2016-06-08,LT,SK,롯데,SSG,RESULT,9회말,False,False,normal
20160608OBKT02016,2016-06-08,OB,KT,두산,KT,RESULT,9회초,False,False,normal
20160608SSLG02016,2016-06-08,SS,LG,삼성,LG,RESULT,9회초,False,False,normal
20160608WONC02016,2016-06-08,WO,NC,키움,NC,RESULT,9회초,False,False,normal
20160609HTHH02016,2016-06-09,HT,HH,KIA,한화,RESULT,9회말,False,False,normal
20160609LTSK02016,2016-06-09,LT,SK,롯데,SSG,RESULT,9회초,False,False,normal
20160609OBKT02016,2016-06-09,OB,KT,두산,KT,RESULT,9회말,False,False,normal
20160609SSLG02016,2016-06-09,SS,LG,삼성,LG,RESULT,9회초,False,False,normal
20160609WONC02016,2016-06-09,WO,NC,키움,NC,RESULT,9회초,False,False,normal
20160610KTWO02016,2016-06-10,KT,WO,KT,키움,RESULT,12회말,False,False,normal
20160610LGHH02016,2016-06-10,LG,HH,LG,한화,RESULT,10회말,False,False,normal
20160610LTOB02016,2016-06-10,LT,OB,롯데,두산,RESULT,9회초,False,False,normal
20160610NCSK02016,2016-06-10,NC,SK,NC,SSG,RESULT,9회말,False,False,normal
20160610SSHT02016,2016-06-10,SS,HT,삼성,KIA,RESULT,9회초,False,False,normal
20160611KTWO02016,2016-06-11,KT,WO,KT,키움,RESULT,9회초,False,False,normal
20160611LGHH02016,2016-06-11,LG,HH,LG,한화,RESULT,9회말,False,False,normal
20160611LTOB02016,2016-06-11,LT,OB,롯데,두산,RESULT,9회말,False,False,normal
20160611NCSK02016,2016-06-11,NC,SK,NC,SSG,RESULT,9회말,False,False,normal
20160611SSHT02016,2016-06-11,SS,HT,삼성,KIA,RESULT,9회말,False,False,normal
20160612KTWO02016,2016-06-12,KT,WO,KT,키움,RESULT,9회초,False,False,normal
20160612LGHH02016,2016-06-12,LG,HH,LG,한화,RESULT,9회말,False,False,normal
20160612LTOB02016,2016-06-12,LT,OB,롯데,두산,RESULT,11회말,False,False,normal
20160612NCSK02016,2016-06-12,NC,SK,NC,SSG,RESULT,9회말,False,False,normal
20160612SSHT02016,2016-06-12,SS,HT,삼성,KIA,RESULT,9회말,False,False,normal
20160614HHKT02016,2016-06-14,HH,KT,한화,KT,RESULT,9회초,False,False,normal
20160614LTWO02016,2016-06-14,LT,WO,롯데,키움,RESULT,9회초,False,False,normal
20160614NCLG02016,2016-06-14,NC,LG,NC,LG,RESULT,9회말,False,False,normal
20160614OBHT02016,2016-06-14,OB,HT,두산,KIA,RESULT,9회말,False,False,normal
20160614SKSS02016,2016-06-14,SK,SS,SSG,삼성,RESULT,9회말,False,False,normal
20160615HHKT02016,2016-06-15,HH,KT,한화,KT,BEFORE,경기취소,True,False,cancelled
20160615LTWO02016,2016-06-15,LT,WO,롯데,키움,RESULT,9회말,False,False,normal
20160615NCLG02016,2016-06-15,NC,LG,NC,LG,BEFORE,경기취소,True,False,cancelled
20160615OBHT02016,2016-06-15,OB,HT,두산,KIA,RESULT,9회말,False,False,normal
20160615SKSS02016,2016-06-15,SK,SS,SSG,삼성,RESULT,9회말,False,False,normal
20160616HHKT02016,2016-06-16,HH,KT,한화,KT,RESULT,9회초,False,False,normal
20160616LTWO02016,2016-06-16,LT,WO,롯데,키움,RESULT,9회초,False,False,normal
20160616NCLG02016,2016-06-16,NC,LG,NC,LG,RESULT,9회말,False,False,normal
20160616OBHT02016,2016-06-16,OB,HT,두산,KIA,RESULT,9회말,False,False,normal
20160616SKSS02016,2016-06-16,SK,SS,SSG,삼성,RESULT,9회말,False,False,normal
20160617HTLG02016,2016-06-17,HT,LG,KIA,LG,RESULT,9회말,False,False,normal
20160617NCKT02016,2016-06-17,NC,KT,NC,KT,RESULT,9회말,False,False,normal
20160617OBSS02016,2016-06-17,OB,SS,두산,삼성,RESULT,9회초,False,False,normal
20160617SKLT02016,2016-06-17,SK,LT,SSG,롯데,RESULT,9회말,False,False,normal
20160617WOHH02016,2016-06-17,WO,HH,키움,한화,RESULT,9회초,False,False,normal
20160618HTLG02016,2016-06-18,HT,LG,KIA,LG,RESULT,9회초,False,False,normal
20160618NCKT02016,2016-06-18,NC,KT,NC,KT,RESULT,9회말,False,False,normal
20160618OBSS02016,2016-06-18,OB,SS,두산,삼성,RESULT,9회말,False,False,normal
20160618SKLT02016,2016-06-18,SK,LT,SSG,롯데,RESULT,9회말,False,False,normal
20160618WOHH02016,2016-06-18,WO,HH,키움,한화,RESULT,9회말,False,False,normal
20160619HTLG02016,2016-06-19,HT,LG,KIA,LG,RESULT,9회말,False,False,normal
20160619NCKT02016,2016-06-19,NC,KT,NC,KT,RESULT,9회말,False,False,normal
20160619OBSS02016,2016-06-19,OB,SS,두산,삼성,RESULT,9회말,False,False,normal
20160619SKLT02016,2016-06-19,SK,LT,SSG,롯데,RESULT,9회초,False,False,normal
20160619WOHH02016,2016-06-19,WO,HH,키움,한화,RESULT,9회말,False,False,normal
20160621HHNC02016,2016-06-21,HH,NC,한화,NC,RESULT,9회말,False,False,normal
20160621KTOB02016,2016-06-21,KT,OB,KT,두산,RESULT,9회초,False,False,normal
20160621LGSK02016,2016-06-21,LG,SK,LG,SSG,RESULT,9회말,False,False,normal
20160621LTHT02016,2016-06-21,LT,HT,롯데,KIA,RESULT,9회초,False,False,normal
20160621SSWO02016,2016-06-21,SS,WO,삼성,키움,RESULT,9회초,False,False,normal
20160622HHNC02016,2016-06-22,HH,NC,한화,NC,BEFORE,경기취소,True,False,cancelled
20160622KTOB02016,2016-06-22,KT,OB,KT,두산,BEFORE,경기취소,True,False,cancelled
20160622LGSK02016,2016-06-22,LG,SK,LG,SSG,RESULT,9회초,False,False,normal
20160622LTHT02016,2016-06-22,LT,HT,롯데,KIA,RESULT,9회말,False,False,normal
20160622SSWO02016,2016-06-22,SS,WO,삼성,키움,RESULT,9회초,False,False,normal
20160623HHNC02016,2016-06-23,HH,NC,한화,NC,RESULT,12회말,False,False,normal
20160623KTOB02016,2016-06-23,KT,OB,KT,두산,RESULT,9회말,False,False,normal
20160623LGSK02016,2016-06-23,LG,SK,LG,SSG,RESULT,9회초,False,False,normal
20160623LTHT02016,2016-06-23,LT,HT,롯데,KIA,RESULT,9회초,False,False,normal
20160623SSWO02016,2016-06-23,SS,WO,삼성,키움,RESULT,9회말,False,False,normal
20160624HTNC02016,2016-06-24,HT,NC,KIA,NC,RESULT,9회말,False,False,normal
20160624KTSS02016,2016-06-24,KT,SS,KT,삼성,RESULT,9회말,False,False,normal
20160624LTHH02016,2016-06-24,LT,HH,롯데,한화,RESULT,10회말,False,False,normal
20160624OBSK02016,2016-06-24,OB,SK,두산,SSG,RESULT,9회초,False,False,normal
20160624WOLG02016,2016-06-24,WO,LG,키움,LG,RESULT,9회초,False,False,normal
20160625HTNC02016,2016-06-25,HT,NC,KIA,NC,RESULT,9회말,False,False,normal
20160625KTSS02016,2016-06-25,KT,SS,KT,삼성,RESULT,10회말,False,False,normal
20160625LTHH02016,2016-06-25,LT,HH,롯데,한화,RESULT,9회초,False,False,normal
20160625OBSK02016,2016-06-25,OB,SK,두산,SSG,RESULT,9회말,False,False,normal
20160625WOLG02016,2016-06-25,WO,LG,키움,LG,RESULT,10회말,False,False,normal
20160626HTNC02016,2016-06-26,HT,NC,KIA,NC,RESULT,9회말,False,False,normal
20160626KTSS02016,2016-06-26,KT,SS,KT,삼성,RESULT,9회초,False,False,normal
20160626LTHH02016,2016-06-26,LT,HH,롯데,한화,RESULT,9회말,False,False,normal
20160626OBSK02016,2016-06-26,OB,SK,두산,SSG,RESULT,9회말,False,False,normal
20160626WOLG02016,2016-06-26,WO,LG,키움,LG,RESULT,9회초,False,False,normal
20160628HHWO02016,2016-06-28,HH,WO,한화,키움,RESULT,9회말,False,False,normal
20160628LGHT02016,2016-06-28,LG,HT,LG,KIA,RESULT,9회초,False,False,normal
20160628NCOB02016,2016-06-28,NC,OB,NC,두산,RESULT,9회초,False,False,normal
20160628SKKT02016,2016-06-28,SK,KT,SSG,KT,RESULT,9회말,False,False,normal
20160628SSLT02016,2016-06-28,SS,LT,삼성,롯데,RESULT,10회말,False,False,normal
20160629HHWO02016,2016-06-29,HH,WO,한화,키움,RESULT,9회초,False,False,normal
20160629LGHT02016,2016-06-29,LG,HT,LG,KIA,RESULT,9회말,False,False,normal
20160629NCOB02016,2016-06-29,NC,OB,NC,두산,RESULT,9회말,False,False,normal
20160629SKKT02016,2016-06-29,SK,KT,SSG,KT,RESULT,9회말,False,False,normal
20160629SSLT02016,2016-06-29,SS,LT,삼성,롯데,RESULT,9회말,False,False,normal
20160630HHWO02016,2016-06-30,HH,WO,한화,키움,RESULT,9회초,False,False,normal
20160630LGHT02016,2016-06-30,LG,HT,LG,KIA,RESULT,11회말,False,False,normal
20160630NCOB02016,2016-06-30,NC,OB,NC,두산,RESULT,9회초,False,False,normal
20160630SKKT02016,2016-06-30,SK,KT,SSG,KT,RESULT,9회초,False,False,normal
20160630SSLT02016,2016-06-30,SS,LT,삼성,롯데,RESULT,10회말,False,False,normal
20160701HTWO02016,2016-07-01,HT,WO,KIA,키움,RESULT,9회초,False,False,normal
20160701KTLT02016,2016-07-01,KT,LT,KT,롯데,BEFORE,경기취소,True,False,cancelled
20160701OBHH02016,2016-07-01,OB,HH,두산,한화,BEFORE,경기취소,True,False,cancelled
20160701SKLG02016,2016-07-01,SK,LG,SSG,LG,BEFORE,경기취소,True,False,cancelled
20160701SSNC02016,2016-07-01,SS,NC,삼성,NC,BEFORE,경기취소,True,False,cancelled
20160702HTWO02016,2016-07-02,HT,WO,KIA,키움,RESULT,9회초,False,False,normal
20160702KTLT02016,2016-07-02,KT,LT,KT,롯데,BEFORE,경기취소,True,False,cancelled
20160702OBHH02016,2016-07-02,OB,HH,두산,한화,RESULT,9회말,False,False,normal
20160702SKLG02016,2016-07-02,SK,LG,SSG,LG,RESULT,9회말,False,False,normal
20160702SSNC02016,2016-07-02,SS,NC,삼성,NC,BEFORE,경기취소,True,False,cancelled
20160703HTWO02016,2016-07-03,HT,WO,KIA,키움,RESULT,11회말,False,False,normal
20160703KTLT02016,2016-07-03,KT,LT,KT,롯데,BEFORE,경기취소,True,False,cancelled
20160703OBHH02016,2016-07-03,OB,HH,두산,한화,BEFORE,경기취소,True,False,cancelled
20160703SKLG02016,2016-07-03,SK,LG,SSG,LG,RESULT,9회말,False,False,normal
20160703SSNC02016,2016-07-03,SS,NC,삼성,NC,BEFORE,경기취소,True,False,cancelled
20160705HHSK02016,2016-07-05,HH,SK,한화,SSG,BEFORE,경기취소,True,False,cancelled
20160705HTKT02016,2016-07-05,HT,KT,KIA,KT,BEFORE,경기취소,True,False,cancelled
20160705LGSS02016,2016-07-05,LG,SS,LG,삼성,RESULT,9회초,False,False,normal
20160705LTNC02016,2016-07-05,LT,NC,롯데,NC,BEFORE,경기취소,True,False,cancelled
20160705WOOB02016,2016-07-05,WO,OB,키움,두산,BEFORE,경기취소,True,False,cancelled
20160706HHSK02016,2016-07-06,HH,SK,한화,SSG,RESULT,9회말,False,False,normal
20160706HTKT02016,2016-07-06,HT,KT,KIA,KT,RESULT,9회말,False,False,normal
20160706LGSS02016,2016-07-06,LG,SS,LG,삼성,BEFORE,경기취소,True,False,cancelled
20160706LTNC02016,2016-07-06,LT,NC,롯데,NC,RESULT,9회초,False,False,normal
20160706WOOB02016,2016-07-06,WO,OB,키움,두산,RESULT,9회말,False,False,normal
20160707HHSK02016,2016-07-07,HH,SK,한화,SSG,RESULT,9회말,False,False,normal
20160707HTKT02016,2016-07-07,HT,KT,KIA,KT,RESULT,9회말,False,False,normal
20160707LGSS02016,2016-07-07,LG,SS,LG,삼성,RESULT,9회초,False,False,normal
20160707LTNC02016,2016-07-07,LT,NC,롯데,NC,RESULT,9회초,False,False,normal
20160707WOOB02016,2016-07-07,WO,OB,키움,두산,RESULT,9회초,False,False,normal
20160708HTOB02016,2016-07-08,HT,OB,KIA,두산,RESULT,9회말,False,False,normal
20160708KTSK02016,2016-07-08,KT,SK,KT,SSG,RESULT,9회초,False,False,normal
20160708LGLT02016,2016-07-08,LG,LT,LG,롯데,RESULT,9회초,False,False,normal
20160708NCWO02016,2016-07-08,NC,WO,NC,키움,RESULT,9회말,False,False,normal
20160708SSHH02016,2016-07-08,SS,HH,삼성,한화,RESULT,9회초,False,False,normal
20160709HTOB02016,2016-07-09,HT,OB,KIA,두산,RESULT,10회말,False,False,normal
20160709KTSK02016,2016-07-09,KT,SK,KT,SSG,RESULT,9회말,False,False,normal
20160709LGLT02016,2016-07-09,LG,LT,LG,롯데,RESULT,11회말,False,False,normal
20160709NCWO02016,2016-07-09,NC,WO,NC,키움,RESULT,9회초,False,False,normal
20160709SSHH02016,2016-07-09,SS,HH,삼성,한화,RESULT,12회말,False,False,normal
20160710HTOB02016,2016-07-10,HT,OB,KIA,두산,RESULT,9회말,False,False,normal
20160710KTSK02016,2016-07-10,KT,SK,KT,SSG,RESULT,9회말,False,False,normal
20160710LGLT02016,2016-07-10,LG,LT,LG,롯데,RESULT,9회말,False,False,normal
20160710NCWO02016,2016-07-10,NC,WO,NC,키움,RESULT,9회초,False,False,normal
20160710SSHH02016,2016-07-10,SS,HH,삼성,한화,RESULT,9회초,False,False,normal
20160712HHLG02016,2016-07-12,HH,LG,한화,LG,RESULT,9회초,False,False,normal
20160712LTSS02016,2016-07-12,LT,SS,롯데,삼성,RESULT,9회초,False,False,normal
20160712OBNC02016,2016-07-12,OB,NC,두산,NC,RESULT,9회말,False,False,normal
20160712SKHT02016,2016-07-12,SK,HT,SSG,KIA,RESULT,10회말,False,False,normal
20160712WOKT02016,2016-07-12,WO,KT,키움,KT,RESULT,9회말,False,False,normal
20160713HHLG02016,2016-07-13,HH,LG,한화,LG,RESULT,9회말,False,False,normal
20160713LTSS02016,2016-07-13,LT,SS,롯데,삼성,RESULT,9회말,False,False,normal
20160713OBNC02016,2016-07-13,OB,NC,두산,NC,RESULT,9회초,False,False,normal
20160713SKHT02016,2016-07-13,SK,HT,SSG,KIA,RESULT,9회말,False,False,normal
20160713WOKT02016,2016-07-13,WO,KT,키움,KT,RESULT,9회말,False,False,normal
20160714HHLG02016,2016-07-14,HH,LG,한화,LG,RESULT,9회말,False,False,normal
20160714LTSS02016,2016-07-14,LT,SS,롯데,삼성,RESULT,11회말,False,False,normal
20160714OBNC02016,2016-07-14,OB,NC,두산,NC,RESULT,9회초,False,False,normal
20160714SKHT02016,2016-07-14,SK,HT,SSG,KIA,RESULT,9회말,False,False,normal
20160714WOKT02016,2016-07-14,WO,KT,키움,KT,RESULT,9회말,False,False,normal
20160719HTLT02016,2016-07-19,HT,LT,KIA,롯데,RESULT,9회말,False,False,normal
20160719KTHH02016,2016-07-19,KT,HH,KT,한화,RESULT,9회초,False,False,normal
20160719LGWO02016,2016-07-19,LG,WO,LG,키움,RESULT,9회말,False,False,normal
20160719SKNC02016,2016-07-19,SK,NC,SSG,NC,RESULT,9회말,False,False,normal
20160719SSOB02016,2016-07-19,SS,OB,삼성,두산,RESULT,9회초,False,False,normal
20160720HTLT02016,2016-07-20,HT,LT,KIA,롯데,RESULT,9회초,False,False,normal
20160720KTHH02016,2016-07-20,KT,HH,KT,한화,RESULT,9회말,False,False,normal
20160720LGWO02016,2016-07-20,LG,WO,LG,키움,RESULT,9회초,False,False,normal
20160720SKNC02016,2016-07-20,SK,NC,SSG,NC,RESULT,9회초,False,False,normal
20160720SSOB02016,2016-07-20,SS,OB,삼성,두산,RESULT,9회말,False,False,normal
20160721HTLT02016,2016-07-21,HT,LT,KIA,롯데,RESULT,9회초,False,False,normal
20160721KTHH02016,2016-07-21,KT,HH,KT,한화,RESULT,9회초,False,False,normal
20160721LGWO02016,2016-07-21,LG,WO,LG,키움,RESULT,9회초,False,False,normal
20160721SKNC02016,2016-07-21,SK,NC,SSG,NC,RESULT,9회초,False,False,normal
20160721SSOB02016,2016-07-21,SS,OB,삼성,두산,RESULT,9회말,False,False,normal
20160722HHLT02016,2016-07-22,HH,LT,한화,롯데,RESULT,9회초,False,False,normal
20160722NCHT02016,2016-07-22,NC,HT,NC,KIA,RESULT,9회초,False,False,normal
20160722OBLG02016,2016-07-22,OB,LG,두산,LG,RESULT,9회말,False,False,normal
20160722SSKT02016,2016-07-22,SS,KT,삼성,KT,RESULT,9회말,False,False,normal
20160722WOSK02016,2016-07-22,WO,SK,키움,SSG,RESULT,11회말,False,False,normal
20160723HHLT02016,2016-07-23,HH,LT,한화,롯데,RESULT,10회말,False,False,normal
20160723NCHT02016,2016-07-23,NC,HT,NC,KIA,RESULT,9회말,False,False,normal
20160723OBLG02016,2016-07-23,OB,LG,두산,LG,RESULT,9회초,False,False,normal
20160723SSKT02016,2016-07-23,SS,KT,삼성,KT,RESULT,9회말,False,False,normal
20160723WOSK02016,2016-07-23,WO,SK,키움,SSG,RESULT,9회말,False,False,normal
20160724HHLT02016,2016-07-24,HH,LT,한화,롯데,RESULT,9회말,False,False,normal
20160724NCHT02016,2016-07-24,NC,HT,NC,KIA,RESULT,9회말,False,False,normal
20160724OBLG02016,2016-07-24,OB,LG,두산,LG,RESULT,9회말,False,False,normal
20160724SSKT02016,2016-07-24,SS,KT,삼성,KT,RESULT,9회초,False,False,normal
20160724WOSK02016,2016-07-24,WO,SK,키움,SSG,RESULT,9회초,False,False,normal
20160726KTHT02016,2016-07-26,KT,HT,KT,KIA,RESULT,9회초,False,False,normal
20160726LTLG02016,2016-07-26,LT,LG,롯데,LG,RESULT,9회말,False,False,normal
20160726NCSS02016,2016-07-26,NC,SS,NC,삼성,RESULT,9회말,False,False,normal
20160726OBWO02016,2016-07-26,OB,WO,두산,키움,RESULT,9회말,False,False,normal
20160726SKHH02016,2016-07-26,SK,HH,SSG,한화,RESULT,9회말,False,False,normal
20160727KTHT02016,2016-07-27,KT,HT,KT,KIA,RESULT,9회초,False,False,normal
20160727LTLG02016,2016-07-27,LT,LG,롯데,LG,RESULT,9회초,False,False,normal
20160727NCSS02016,2016-07-27,NC,SS,NC,삼성,RESULT,9회초,False,False,normal
20160727OBWO02016,2016-07-27,OB,WO,두산,키움,RESULT,9회초,False,False,normal
20160727SKHH02016,2016-07-27,SK,HH,SSG,한화,RESULT,9회초,False,False,normal
20160728KTHT02016,2016-07-28,KT,HT,KT,KIA,RESULT,9회초,False,False,normal
20160728LTLG02016,2016-07-28,LT,LG,롯데,LG,RESULT,9회초,False,False,normal
20160728NCSS02016,2016-07-28,NC,SS,NC,삼성,RESULT,9회말,False,False,normal
20160728OBWO02016,2016-07-28,OB,WO,두산,키움,RESULT,9회초,False,False,normal
20160728SKHH02016,2016-07-28,SK,HH,SSG,한화,RESULT,9회초,False,False,normal
20160729HHOB02016,2016-07-29,HH,OB,한화,두산,RESULT,11회말,False,False,normal
20160729HTSK02016,2016-07-29,HT,SK,KIA,SSG,RESULT,9회말,False,False,normal
20160729LGNC02016,2016-07-29,LG,NC,LG,NC,RESULT,9회말,False,False,normal
20160729LTKT02016,2016-07-29,LT,KT,롯데,KT,RESULT,9회말,False,False,normal
20160729WOSS02016,2016-07-29,WO,SS,키움,삼성,RESULT,12회말,False,False,normal
20160730HHOB02016,2016-07-30,HH,OB,한화,두산,RESULT,9회말,False,False,normal
20160730HTSK02016,2016-07-30,HT,SK,KIA,SSG,RESULT,9회말,False,False,normal
20160730LGNC02016,2016-07-30,LG,NC,LG,NC,RESULT,9회말,False,False,normal
20160730LTKT02016,2016-07-30,LT,KT,롯데,KT,RESULT,9회초,False,False,normal
20160730WOSS02016,2016-07-30,WO,SS,키움,삼성,BEFORE,경기취소,True,False,cancelled
20160731HHOB02016,2016-07-31,HH,OB,한화,두산,RESULT,9회초,False,False,normal
20160731HTSK02016,2016-07-31,HT,SK,KIA,SSG,RESULT,9회말,False,False,normal
20160731LGNC02016,2016-07-31,LG,NC,LG,NC,RESULT,9회말,False,False,normal
20160731LTKT02016,2016-07-31,LT,KT,롯데,KT,RESULT,9회초,False,False,normal
20160731WOSS02016,2016-07-31,WO,SS,키움,삼성,BEFORE,경기취소,True,False,cancelled
20160802HHHT02016,2016-08-02,HH,HT,한화,KIA,RESULT,9회말,False,False,normal
20160802KTNC02016,2016-08-02,KT,NC,KT,NC,BEFORE,경기취소,True,False,cancelled
20160802LGOB02016,2016-08-02,LG,OB,LG,두산,RESULT,9회초,False,False,normal
20160802SSSK02016,2016-08-02,SS,SK,삼성,SSG,BEFORE,경기취소,True,False,cancelled
20160802WOLT02016,2016-08-02,WO,LT,키움,롯데,BEFORE,경기취소,True,False,cancelled
20160803HHHT02016,2016-08-03,HH,HT,한화,KIA,RESULT,9회말,False,False,normal
20160803KTNC02016,2016-08-03,KT,NC,KT,NC,BEFORE,경기취소,True,False,cancelled
20160803LGOB02016,2016-08-03,LG,OB,LG,두산,RESULT,9회말,False,False,normal
20160803SSSK02016,2016-08-03,SS,SK,삼성,SSG,RESULT,9회초,False,False,normal
20160803WOLT02016,2016-08-03,WO,LT,키움,롯데,RESULT,9회말,False,False,normal
20160804HHHT02016,2016-08-04,HH,HT,한화,KIA,RESULT,9회초,False,False,normal
20160804KTNC02016,2016-08-04,KT,NC,KT,NC,RESULT,9회초,False,False,normal
20160804LGOB02016,2016-08-04,LG,OB,LG,두산,RESULT,12회말,False,False,normal
20160804SSSK02016,2016-08-04,SS,SK,삼성,SSG,RESULT,9회말,False,False,normal
20160804WOLT02016,2016-08-04,WO,LT,키움,롯데,RESULT,9회말,False,False,normal
20160805HTSS02016,2016-08-05,HT,SS,KIA,삼성,RESULT,9회초,False,False,normal
20160805KTLG02016,2016-08-05,KT,LG,KT,LG,RESULT,9회초,False,False,normal
20160805NCHH02016,2016-08-05,NC,HH,NC,한화,RESULT,9회초,False,False,normal
20160805OBLT02016,2016-08-05,OB,LT,두산,롯데,RESULT,9회초,False,False,normal
20160805SKWO02016,2016-08-05,SK,WO,SSG,키움,RESULT,9회말,False,False,normal
20160806HTSS02016,2016-08-06,HT,SS,KIA,삼성,RESULT,9회말,False,False,normal
20160806KTLG02016,2016-08-06,KT,LG,KT,LG,RESULT,9회초,False,False,normal
20160806NCHH02016,2016-08-06,NC,HH,NC,한화,RESULT,9회말,False,False,normal
20160806OBLT02016,2016-08-06,OB,LT,두산,롯데,RESULT,9회초,False,False,normal
20160806SKWO02016,2016-08-06,SK,WO,SSG,키움,RESULT,9회말,False,False,normal
20160807HTSS02016,2016-08-07,HT,SS,KIA,삼성,RESULT,9회초,False,False,normal
20160807KTLG02016,2016-08-07,KT,LG,KT,LG,RESULT,9회초,False,False,normal
20160807NCHH02016,2016-08-07,NC,HH,NC,한화,RESULT,9회초,False,False,normal
20160807OBLT02016,2016-08-07,OB,LT,두산,롯데,RESULT,9회말,False,False,normal
20160807SKWO02016,2016-08-07,SK,WO,SSG,키움,RESULT,9회초,False,False,normal
20160809HTOB02016,2016-08-09,HT,OB,KIA,두산,RESULT,9회초,False,False,normal
20160809LGSK02016,2016-08-09,LG,SK,LG,SSG,RESULT,9회말,False,False,normal
20160809LTNC02016,2016-08-09,LT,NC,롯데,NC,RESULT,9회초,False,False,normal
20160809SSHH02016,2016-08-09,SS,HH,삼성,한화,RESULT,9회초,False,False,normal
20160809WOKT02016,2016-08-09,WO,KT,키움,KT,RESULT,9회말,False,False,normal
20160810HTOB02016,2016-08-10,HT,OB,KIA,두산,RESULT,9회말,False,False,normal
20160810LGSK02016,2016-08-10,LG,SK,LG,SSG,RESULT,9회말,False,False,normal
20160810LTNC02016,2016-08-10,LT,NC,롯데,NC,RESULT,10회말,False,False,normal
20160810SSHH02016,2016-08-10,SS,HH,삼성,한화,RESULT,9회말,False,False,normal
20160810WOKT02016,2016-08-10,WO,KT,키움,KT,RESULT,9회말,False,False,normal
20160811HHLT02016,2016-08-11,HH,LT,한화,롯데,RESULT,9회말,False,False,normal
20160811HTWO02016,2016-08-11,HT,WO,KIA,키움,RESULT,10회말,False,False,normal
20160811KTSK02016,2016-08-11,KT,SK,KT,SSG,RESULT,9회초,False,False,normal
20160811NCLG02016,2016-08-11,NC,LG,NC,LG,RESULT,9회초,False,False,normal
20160811OBSS02016,2016-08-11,OB,SS,두산,삼성,RESULT,9회말,False,False,normal
20160812HHLT02016,2016-08-12,HH,LT,한화,롯데,RESULT,9회초,False,False,normal
20160812HTWO02016,2016-08-12,HT,WO,KIA,키움,RESULT,9회말,False,False,normal
20160812KTSK02016,2016-08-12,KT,SK,KT,SSG,RESULT,9회초,False,False,normal
20160812NCLG02016,2016-08-12,NC,LG,NC,LG,RESULT,9회말,False,False,normal
20160812OBSS02016,2016-08-12,OB,SS,두산,삼성,RESULT,9회말,False,False,normal
20160813HHHT02016,2016-08-13,HH,HT,한화,KIA,RESULT,9회초,False,False,normal
20160813KTNC02016,2016-08-13,KT,NC,KT,NC,RESULT,9회초,False,False,normal
20160813LGSS02016,2016-08-13,LG,SS,LG,삼성,RESULT,9회초,False,False,normal
20160813LTSK02016,2016-08-13,LT,SK,롯데,SSG,RESULT,9회초,False,False,normal
20160813WOOB02016,2016-08-13,WO,OB,키움,두산,RESULT,9회초,False,False,normal
20160814HHHT02016,2016-08-14,HH,HT,한화,KIA,RESULT,9회말,False,False,normal
20160814KTNC02016,2016-08-14,KT,NC,KT,NC,RESULT,9회말,False,False,normal
20160814LGSS02016,2016-08-14,LG,SS,LG,삼성,RESULT,9회초,False,False,normal
20160814LTSK02016,2016-08-14,LT,SK,롯데,SSG,RESULT,9회초,False,False,normal
20160814WOOB02016,2016-08-14,WO,OB,키움,두산,RESULT,9회초,False,False,normal
20160816KTHT02016,2016-08-16,KT,HT,KT,KIA,RESULT,9회말,False,False,normal
20160816LTWO02016,2016-08-16,LT,WO,롯데,키움,RESULT,9회초,False,False,normal
20160816OBHH02016,2016-08-16,OB,HH,두산,한화,RESULT,9회말,False,False,normal
20160816SKLG02016,2016-08-16,SK,LG,SSG,LG,RESULT,9회초,False,False,normal
20160816SSNC02016,2016-08-16,SS,NC,삼성,NC,RESULT,9회말,False,False,normal
20160817KTHT02016,2016-08-17,KT,HT,KT,KIA,BEFORE,경기취소,True,False,cancelled
20160817LTWO02016,2016-08-17,LT,WO,롯데,키움,RESULT,9회초,False,False,normal
20160817OBHH02016,2016-08-17,OB,HH,두산,한화,RESULT,9회말,False,False,normal
20160817SKLG02016,2016-08-17,SK,LG,SSG,LG,RESULT,9회말,False,False,normal
20160817SSNC02016,2016-08-17,SS,NC,삼성,NC,RESULT,9회초,False,False,normal
20160818HHLG02016,2016-08-18,HH,LG,한화,LG,RESULT,9회말,False,False,normal
20160818HTLT02016,2016-08-18,HT,LT,KIA,롯데,RESULT,10회말,False,False,normal
20160818NCWO02016,2016-08-18,NC,WO,NC,키움,RESULT,9회초,False,False,normal
20160818OBSK02016,2016-08-18,OB,SK,두산,SSG,RESULT,9회말,False,False,normal
20160818SSKT02016,2016-08-18,SS,KT,삼성,KT,RESULT,9회말,False,False,normal
20160819HHLG02016,2016-08-19,HH,LG,한화,LG,RESULT,9회초,False,False,normal
20160819HTLT02016,2016-08-19,HT,LT,KIA,롯데,RESULT,9회말,False,False,normal
20160819NCWO02016,2016-08-19,NC,WO,NC,키움,RESULT,9회말,False,False,normal
20160819OBSK02016,2016-08-19,OB,SK,두산,SSG,RESULT,9회말,False,False,normal
20160819SSKT02016,2016-08-19,SS,KT,삼성,KT,RESULT,9회말,False,False,normal
20160820HHKT02016,2016-08-20,HH,KT,한화,KT,RESULT,9회말,False,False,normal
20160820LGHT02016,2016-08-20,LG,HT,LG,KIA,RESULT,9회초,False,False,normal
20160820NCOB02016,2016-08-20,NC,OB,NC,두산,RESULT,9회초,False,False,normal
20160820SKLT02016,2016-08-20,SK,LT,SSG,롯데,RESULT,10회말,False,False,normal
20160820SSWO02016,2016-08-20,SS,WO,삼성,키움,RESULT,9회초,False,False,normal
20160821HHKT02016,2016-08-21,HH,KT,한화,KT,RESULT,9회말,False,False,normal
20160821LGHT02016,2016-08-21,LG,HT,LG,KIA,RESULT,9회말,False,False,normal
20160821NCOB02016,2016-08-21,NC,OB,NC,두산,RESULT,9회말,False,False,normal
20160821SKLT02016,2016-08-21,SK,LT,SSG,롯데,RESULT,9회초,False,False,normal
20160821SSWO02016,2016-08-21,SS,WO,삼성,키움,RESULT,9회초,False,False,normal
20160823HTNC02016,2016-08-23,HT,NC,KIA,NC,RESULT,9회초,False,False,normal
20160823KTLT02016,2016-08-23,KT,LT,KT,롯데,RESULT,9회초,False,False,normal
20160823LGOB02016,2016-08-23,LG,OB,LG,두산,RESULT,10회말,False,False,normal
20160823SKSS02016,2016-08-23,SK,SS,SSG,삼성,RESULT,9회초,False,False,normal
20160823WOHH02016,2016-08-23,WO,HH,키움,한화,BEFORE,경기취소,True,False,cancelled
20160824HTNC02016,2016-08-24,HT,NC,KIA,NC,RESULT,9회말,False,False,normal
20160824KTLT02016,2016-08-24,KT,LT,KT,롯데,RESULT,9회말,False,False,normal
20160824LGOB02016,2016-08-24,LG,OB,LG,두산,RESULT,9회초,False,False,normal
20160824SKSS02016,2016-08-24,SK,SS,SSG,삼성,RESULT,9회말,False,False,normal
20160824WOHH02016,2016-08-24,WO,HH,키움,한화,RESULT,9회말,False,False,normal
20160825LGWO02016,2016-08-25,LG,WO,LG,키움,RESULT,9회말,False,False,normal
20160825LTOB02016,2016-08-25,LT,OB,롯데,두산,BEFORE,경기취소,True,False,cancelled
20160825NCHH02016,2016-08-25,NC,HH,NC,한화,RESULT,9회말,False,False,normal
20160825SKKT02016,2016-08-25,SK,KT,SSG,KT,RESULT,9회말,False,False,normal
20160825SSHT02016,2016-08-25,SS,HT,삼성,KIA,RESULT,9회초,False,False,normal
20160826LGWO02016,2016-08-26,LG,WO,LG,키움,RESULT,9회말,False,False,normal
20160826LTOB02016,2016-08-26,LT,OB,롯데,두산,RESULT,9회초,False,False,normal
20160826NCHH02016,2016-08-26,NC,HH,NC,한화,RESULT,9회초,False,False,normal
20160826SKKT02016,2016-08-26,SK,KT,SSG,KT,RESULT,9회초,False,False,normal
20160826SSHT02016,2016-08-26,SS,HT,삼성,KIA,BEFORE,경기취소,True,False,cancelled
20160827HHSK02016,2016-08-27,HH,SK,한화,SSG,RESULT,9회말,False,False,normal
20160827KTLG02016,2016-08-27,KT,LG,KT,LG,RESULT,9회초,False,False,normal
20160827LTSS02016,2016-08-27,LT,SS,롯데,삼성,RESULT,9회초,False,False,normal
20160827OBHT02016,2016-08-27,OB,HT,두산,KIA,RESULT,9회초,False,False,normal
20160827WONC02016,2016-08-27,WO,NC,키움,NC,RESULT,9회말,False,False,normal
20160828HHSK02016,2016-08-28,HH,SK,한화,SSG,RESULT,9회말,False,False,normal
20160828KTLG02016,2016-08-28,KT,LG,KT,LG,RESULT,9회말,False,False,normal
20160828LTSS02016,2016-08-28,LT,SS,롯데,삼성,BEFORE,경기취소,True,False,cancelled
20160828OBHT02016,2016-08-28,OB,HT,두산,KIA,RESULT,9회말,False,False,normal
20160828WONC02016,2016-08-28,WO,NC,키움,NC,BEFORE,경기취소,True,False,cancelled
20160830HHOB02016,2016-08-30,HH,OB,한화,두산,RESULT,9회초,False,False,normal
20160830LGLT02016,2016-08-30,LG,LT,LG,롯데,RESULT,9회초,False,False,normal
20160830NCKT02016,2016-08-30,NC,KT,NC,KT,RESULT,9회말,False,False,normal
20160830SKHT02016,2016-08-30,SK,HT,SSG,KIA,RESULT,9회말,False,False,normal
20160830WOSS02016,2016-08-30,WO,SS,키움,삼성,RESULT,9회초,False,False,normal
20160831HHOB02016,2016-08-31,HH,OB,한화,두산,BEFORE,경기취소,True,False,cancelled
20160831LGLT02016,2016-08-31,LG,LT,LG,롯데,RESULT,9회초,False,False,normal
20160831NCKT02016,2016-08-31,NC,KT,NC,KT,RESULT,9회말,False,False,normal
20160831SKHT02016,2016-08-31,SK,HT,SSG,KIA,RESULT,9회초,False,False,normal
20160831WOSS02016,2016-08-31,WO,SS,키움,삼성,RESULT,9회말,False,False,normal
20160901HTSS02016,2016-09-01,HT,SS,KIA,삼성,RESULT,9회말,False,False,normal
20160901KTOB02016,2016-09-01,KT,OB,KT,두산,RESULT,9회초,False,False,normal
20160901LGHH02016,2016-09-01,LG,HH,LG,한화,RESULT,9회말,False,False,normal
20160901NCLT02016,2016-09-01,NC,LT,NC,롯데,RESULT,9회말,False,False,normal
20160901SKWO02016,2016-09-01,SK,WO,SSG,키움,RESULT,9회초,False,False,normal
20160902HTSS02016,2016-09-02,HT,SS,KIA,삼성,BEFORE,경기취소,True,False,cancelled
20160902KTOB02016,2016-09-02,KT,OB,KT,두산,RESULT,9회말,False,False,normal
20160902LGHH02016,2016-09-02,LG,HH,LG,한화,RESULT,9회초,False,False,normal
20160902NCLT02016,2016-09-02,NC,LT,NC,롯데,BEFORE,경기취소,True,False,cancelled
20160902SKWO02016,2016-09-02,SK,WO,SSG,키움,RESULT,9회초,False,False,normal
20160903HHWO02016,2016-09-03,HH,WO,한화,키움,RESULT,11회말,False,False,normal
20160903LGKT02016,2016-09-03,LG,KT,LG,KT,RESULT,9회초,False,False,normal
20160903LTHT02016,2016-09-03,LT,HT,롯데,KIA,RESULT,9회말,False,False,normal
20160903SKNC02016,2016-09-03,SK,NC,SSG,NC,RESULT,11회말,False,False,normal
20160903SSOB02016,2016-09-03,SS,OB,삼성,두산,RESULT,9회말,False,False,normal
20160904HHWO02016,2016-09-04,HH,WO,한화,키움,RESULT,9회초,False,False,normal
20160904LGKT02016,2016-09-04,LG,KT,LG,KT,RESULT,9회말,False,False,normal
20160904LTHT02016,2016-09-04,LT,HT,롯데,KIA,RESULT,9회초,False,False,normal
20160904SKNC02016,2016-09-04,SK,NC,SSG,NC,RESULT,9회말,False,False,normal
20160904SSOB02016,2016-09-04,SS,OB,삼성,두산,RESULT,9회초,False,False,normal
20160906HHNC02016,2016-09-06,HH,NC,한화,NC,RESULT,9회말,False,False,normal
20160906HTSK02016,2016-09-06,HT,SK,KIA,SSG,RESULT,9회초,False,False,normal
20160906KTSS02016,2016-09-06,KT,SS,KT,삼성,RESULT,9회초,False,False,normal
20160906OBLT02016,2016-09-06,OB,LT,두산,롯데,RESULT,10회말,False,False,normal
20160906WOLG02016,2016-09-06,WO,LG,키움,LG,RESULT,9회초,False,False,normal
20160907HHNC02016,2016-09-07,HH,NC,한화,NC,RESULT,9회초,False,False,normal
20160907HTSK02016,2016-09-07,HT,SK,KIA,SSG,RESULT,9회초,False,False,normal
20160907KTSS02016,2016-09-07,KT,SS,KT,삼성,RESULT,9회말,False,False,normal
20160907OBLT02016,2016-09-07,OB,LT,두산,롯데,RESULT,9회말,False,False,normal
20160907WOLG02016,2016-09-07,WO,LG,키움,LG,RESULT,9회초,False,False,normal
20160908KTHH02016,2016-09-08,KT,HH,KT,한화,RESULT,9회말,False,False,normal
20160908NCHT02016,2016-09-08,NC,HT,NC,KIA,RESULT,9회초,False,False,normal
20160908OBLG02016,2016-09-08,OB,LG,두산,LG,RESULT,9회말,False,False,normal
20160908SSLT02016,2016-09-08,SS,LT,삼성,롯데,RESULT,9회말,False,False,normal
20160908WOSK02016,2016-09-08,WO,SK,키움,SSG,RESULT,9회초,False,False,normal
20160909KTHH02016,2016-09-09,KT,HH,KT,한화,RESULT,9회말,False,False,normal
20160909NCHT02016,2016-09-09,NC,HT,NC,KIA,RESULT,9회말,False,False,normal
20160909OBLG02016,2016-09-09,OB,LG,두산,LG,RESULT,9회초,False,False,normal
20160909SSLT02016,2016-09-09,SS,LT,삼성,롯데,RESULT,9회말,False,False,normal
20160909WOSK02016,2016-09-09,WO,SK,키움,SSG,RESULT,9회초,False,False,normal
20160910HTKT02016,2016-09-10,HT,KT,KIA,KT,RESULT,9회초,False,False,normal
20160910LTLG02016,2016-09-10,LT,LG,롯데,LG,RESULT,9회초,False,False,normal
20160910NCSS02016,2016-09-10,NC,SS,NC,삼성,RESULT,9회초,False,False,normal
20160910OBWO02016,2016-09-10,OB,WO,두산,키움,RESULT,9회초,False,False,normal
20160910SKHH02016,2016-09-10,SK,HH,SSG,한화,RESULT,9회초,False,False,normal
20160911HTKT02016,2016-09-11,HT,KT,KIA,KT,RESULT,9회말,False,False,normal
20160911LTLG02016,2016-09-11,LT,LG,롯데,LG,RESULT,9회초,False,False,normal
20160911NCSS02016,2016-09-11,NC,SS,NC,삼성,RESULT,9회초,False,False,normal
20160911OBWO02016,2016-09-11,OB,WO,두산,키움,RESULT,9회말,False,False,normal
20160911SKHH02016,2016-09-11,SK,HH,SSG,한화,RESULT,9회초,False,False,normal
20160913HHSS02016,2016-09-13,HH,SS,한화,삼성,RESULT,12회말,False,False,normal
20160913LGNC02016,2016-09-13,LG,NC,LG,NC,RESULT,9회말,False,False,normal
20160913LTKT02016,2016-09-13,LT,KT,롯데,KT,RESULT,9회말,False,False,normal
20160913SKOB02016,2016-09-13,SK,OB,SSG,두산,RESULT,9회초,False,False,normal
20160913WOHT02016,2016-09-13,WO,HT,키움,KIA,RESULT,9회말,False,False,normal
20160914HHSS02016,2016-09-14,HH,SS,한화,삼성,RESULT,9회초,False,False,normal
20160914LGNC02016,2016-09-14,LG,NC,LG,NC,RESULT,9회초,False,False,normal
20160914LTKT02016,2016-09-14,LT,KT,롯데,KT,RESULT,9회말,False,False,normal
20160914SKOB02016,2016-09-14,SK,OB,SSG,두산,RESULT,9회초,False,False,normal
20160914WOHT02016,2016-09-14,WO,HT,키움,KIA,RESULT,9회말,False,False,normal
20160915HTLG02016,2016-09-15,HT,LG,KIA,LG,RESULT,9회초,False,False,normal
20160915KTWO02016,2016-09-15,KT,WO,KT,키움,RESULT,9회초,False,False,normal
20160915LTHH02016,2016-09-15,LT,HH,롯데,한화,RESULT,9회초,False,False,normal
20160915OBNC02016,2016-09-15,OB,NC,두산,NC,RESULT,9회말,False,False,normal
20160915SSSK02016,2016-09-15,SS,SK,삼성,SSG,RESULT,9회말,False,False,normal
20160916HTLG02016,2016-09-16,HT,LG,KIA,LG,RESULT,9회초,False,False,normal
20160916KTWO02016,2016-09-16,KT,WO,KT,키움,RESULT,9회초,False,False,normal
20160916LTHH02016,2016-09-16,LT,HH,롯데,한화,RESULT,9회말,False,False,normal
20160916OBNC02016,2016-09-16,OB,NC,두산,NC,RESULT,9회말,False,False,normal
20160916SSSK02016,2016-09-16,SS,SK,삼성,SSG,RESULT,9회말,False,False,normal
20160917HTHH02016,2016-09-17,HT,HH,KIA,한화,BEFORE,경기취소,True,False,cancelled
20160917NCSK02016,2016-09-17,NC,SK,NC,SSG,RESULT,10회말,False,False,normal
20160917OBKT02016,2016-09-17,OB,KT,두산,KT,RESULT,9회말,False,False,normal
20160917SSLG02016,2016-09-17,SS,LG,삼성,LG,RESULT,11회말,False,False,normal
20160917WOLT02016,2016-09-17,WO,LT,키움,롯데,BEFORE,경기취소,True,False,cancelled
20160918HTHH02016,2016-09-18,HT,HH,KIA,한화,RESULT,9회말,False,False,normal
20160918NCSK02016,2016-09-18,NC,SK,NC,SSG,RESULT,9회말,False,False,normal
20160918OBKT02016,2016-09-18,OB,KT,두산,KT,RESULT,9회말,False,False,normal
20160918SSLG02016,2016-09-18,SS,LG,삼성,LG,RESULT,9회초,False,False,normal
20160918WOLT02016,2016-09-18,WO,LT,키움,롯데,RESULT,9회초,False,False,normal
20160919HTHH02016,2016-09-19,HT,HH,KIA,한화,RESULT,9회말,False,False,normal
20160919WOLT02016,2016-09-19,WO,LT,키움,롯데,RESULT,9회말,False,False,normal
20160920LGHH02016,2016-09-20,LG,HH,LG,한화,RESULT,9회말,False,False,normal
20160920NCKT02016,2016-09-20,NC,KT,NC,KT,RESULT,9회초,False,False,normal
20160920SSOB02016,2016-09-20,SS,OB,삼성,두산,RESULT,9회초,False,False,normal
20160920WOHT02016,2016-09-20,WO,HT,키움,KIA,RESULT,9회초,False,False,normal
20160921LTSS02016,2016-09-21,LT,SS,롯데,삼성,RESULT,9회말,False,False,normal
20160921NCLG02016,2016-09-21,NC,LG,NC,LG,RESULT,12회말,False,False,normal
20160921WOHT02016,2016-09-21,WO,HT,키움,KIA,RESULT,9회초,False,False,normal
20160922KTOB02016,2016-09-22,KT,OB,KT,두산,RESULT,9회초,False,False,normal
20160922NCHH02016,2016-09-22,NC,HH,NC,한화,RESULT,9회말,False,False,normal
20160923HTNC02016,2016-09-23,HT,NC,KIA,NC,RESULT,9회초,False,False,normal
20160923OBSS02016,2016-09-23,OB,SS,두산,삼성,RESULT,9회초,False,False,normal
20160923SKKT02016,2016-09-23,SK,KT,SSG,KT,RESULT,10회말,False,False,normal
20160924HHLG02016,2016-09-24,HH,LG,한화,LG,RESULT,9회말,False,False,normal
20160924LTNC02016,2016-09-24,LT,NC,롯데,NC,RESULT,9회초,False,False,normal
20160924WOSS02016,2016-09-24,WO,SS,키움,삼성,RESULT,9회초,False,False,normal
20160925HHSK02016,2016-09-25,HH,SK,한화,SSG,RESULT,9회초,False,False,normal
20160925HTKT02016,2016-09-25,HT,KT,KIA,KT,RESULT,9회초,False,False,normal
20160925LTNC02016,2016-09-25,LT,NC,롯데,NC,RESULT,9회초,False,False,normal
20160925WOSS02016,2016-09-25,WO,SS,키움,삼성,RESULT,9회초,False,False,normal
20160927KTLT02016,2016-09-27,KT,LT,KT,롯데,RESULT,9회초,False,False,normal
20160927LGHT02016,2016-09-27,LG,HT,LG,KIA,RESULT,9회말,False,False,normal
20160927OBHH02016,2016-09-27,OB,HH,두산,한화,RESULT,9회말,False,False,normal
20160927SSNC02016,2016-09-27,SS,NC,삼성,NC,RESULT,9회말,False,False,normal
20160928KTLT02016,2016-09-28,KT,LT,KT,롯데,BEFORE,경기취소,True,False,cancelled
20160928OBHH02016,2016-09-28,OB,HH,두산,한화,RESULT,9회말,False,False,normal
20160928SSNC02016,2016-09-28,SS,NC,삼성,NC,BEFORE,경기취소,True,False,cancelled
20160929KTLT02016,2016-09-29,KT,LT,KT,롯데,RESULT,9회초,False,False,normal
20160929SSNC12016,2016-09-29,SS,NC,삼성,NC,RESULT,9회초,False,False,normal
20160929SSNC22016,2016-09-29,SS,NC,삼성,NC,RESULT,9회초,False,False,normal
20160929WOOB02016,2016-09-29,WO,OB,키움,두산,RESULT,9회말,False,False,normal
20160930HHNC02016,2016-09-30,HH,NC,한화,NC,RESULT,9회말,False,False,normal
20160930HTSS02016,2016-09-30,HT,SS,KIA,삼성,BEFORE,경기취소,True,False,cancelled
20160930KTLT02016,2016-09-30,KT,LT,KT,롯데,RESULT,9회초,False,False,normal
20160930SKLG02016,2016-09-30,SK,LG,SSG,LG,RESULT,9회말,False,False,normal
20161001KTHT02016,2016-10-01,KT,HT,KT,KIA,BEFORE,경기취소,True,False,cancelled
20161001NCLT02016,2016-10-01,NC,LT,NC,롯데,RESULT,9회말,False,False,normal
20161001SKLG02016,2016-10-01,SK,LG,SSG,LG,RESULT,9회말,False,False,normal
20161002KTHT02016,2016-10-02,KT,HT,KT,KIA,RESULT,9회초,False,False,normal
20161002NCLT02016,2016-10-02,NC,LT,NC,롯데,RESULT,9회말,False,False,normal
20161002WOHH02016,2016-10-02,WO,HH,키움,한화,RESULT,9회말,False,False,normal
20161003HHOB02016,2016-10-03,HH,OB,한화,두산,RESULT,9회말,False,False,normal
20161003KTHT02016,2016-10-03,KT,HT,KT,KIA,RESULT,9회초,False,False,normal
20161003LGSS02016,2016-10-03,LG,SS,LG,삼성,RESULT,9회말,False,False,normal
20161004LGSS02016,2016-10-04,LG,SS,LG,삼성,RESULT,9회초,False,False,normal
20161004LTOB02016,2016-10-04,LT,OB,롯데,두산,RESULT,10회말,False,False,normal
20161004WONC02016,2016-10-04,WO,NC,키움,NC,RESULT,10회말,False,False,normal
20161005HHKT02016,2016-10-05,HH,KT,한화,KT,RESULT,9회말,False,False,normal
20161005HTSS02016,2016-10-05,HT,SS,KIA,삼성,RESULT,9회말,False,False,normal
20161005WONC02016,2016-10-05,WO,NC,키움,NC,RESULT,9회초,False,False,normal
20161006LGLT02016,2016-10-06,LG,LT,LG,롯데,RESULT,9회말,False,False,normal
20161006SKNC02016,2016-10-06,SK,NC,SSG,NC,RESULT,9회초,False,False,normal
20161006SSHT02016,2016-10-06,SS,HT,삼성,KIA,RESULT,9회말,False,False,normal
20161007KTNC02016,2016-10-07,KT,NC,KT,NC,RESULT,9회말,False,False,normal
20161007WOLT02016,2016-10-07,WO,LT,키움,롯데,RESULT,9회초,False,False,normal
20161008HTHH02016,2016-10-08,HT,HH,KIA,한화,RESULT,10회말,False,False,normal
20161008KTNC02016,2016-10-08,KT,NC,KT,NC,BEFORE,경기취소,True,False,cancelled
20161008OBLG02016,2016-10-08,OB,LG,두산,LG,RESULT,9회말,False,False,normal
20161008SSSK02016,2016-10-08,SS,SK,삼성,SSG,RESULT,9회초,False,False,normal
20161008WOLT02016,2016-10-08,WO,LT,키움,롯데,BEFORE,경기취소,True,False,cancelled
20161009KTNC02016,2016-10-09,KT,NC,KT,NC,RESULT,9회말,False,False,normal
20161009WOLT02016,2016-10-09,WO,LT,키움,롯데,RESULT,9회초,False,False,normal
20170314KTSS02017,2017-03-14,KT,SS,KT,삼성,RESULT,9회말,False,False,normal
20170314LGHH02017,2017-03-14,LG,HH,LG,한화,RESULT,9회말,False,False,normal
20170314OBHT02017,2017-03-14,OB,HT,두산,KIA,RESULT,9회초,False,False,normal
20170314SKLT02017,2017-03-14,SK,LT,SK,롯데,RESULT,9회말,False,False,normal
20170314WONC02017,2017-03-14,WO,NC,넥센,NC,RESULT,9회말,False,False,normal
20170315KTSS02017,2017-03-15,KT,SS,KT,삼성,RESULT,9회말,False,False,normal
20170315LGHH02017,2017-03-15,LG,HH,LG,한화,RESULT,9회말,False,False,normal
20170315OBHT02017,2017-03-15,OB,HT,두산,KIA,RESULT,9회말,False,False,normal
20170315SKLT02017,2017-03-15,SK,LT,SK,롯데,RESULT,9회초,False,False,normal
20170315WONC02017,2017-03-15,WO,NC,넥센,NC,RESULT,9회말,False,False,normal
20170316KTHT02017,2017-03-16,KT,HT,KT,KIA,RESULT,9회말,False,False,normal
20170316LGSS02017,2017-03-16,LG,SS,LG,삼성,RESULT,9회말,False,False,normal
20170316OBLT02017,2017-03-16,OB,LT,두산,롯데,RESULT,9회말,False,False,normal
20170316SKNC02017,2017-03-16,SK,NC,SK,NC,RESULT,9회초,False,False,normal
20170316WOHH02017,2017-03-16,WO,HH,넥센,한화,RESULT,9회초,False,False,normal
20170317KTHT02017,2017-03-17,KT,HT,KT,KIA,RESULT,9회말,False,False,normal
20170317LGSS02017,2017-03-17,LG,SS,LG,삼성,RESULT,9회말,False,False,normal
20170317OBLT02017,2017-03-17,OB,LT,두산,롯데,RESULT,9회초,False,False,normal
20170317SKNC02017,2017-03-17,SK,NC,SK,NC,RESULT,9회말,False,False,normal
20170317WOHH02017,2017-03-17,WO,HH,넥센,한화,RESULT,9회말,False,False,normal
20170318KTHH02017,2017-03-18,KT,HH,KT,한화,RESULT,9회말,False,False,normal
20170318LGLT02017,2017-03-18,LG,LT,LG,롯데,RESULT,9회초,False,False,normal
20170318OBWO02017,2017-03-18,OB,WO,두산,넥센,RESULT,9회말,False,False,normal
20170318SKHT02017,2017-03-18,SK,HT,SK,KIA,RESULT,9회초,False,False,normal
20170318SSNC02017,2017-03-18,SS,NC,삼성,NC,RESULT,9회초,False,False,normal
20170319KTHH02017,2017-03-19,KT,HH,KT,한화,RESULT,9회말,False,False,normal
20170319LGLT02017,2017-03-19,LG,LT,LG,롯데,RESULT,9회초,False,False,normal
20170319OBWO02017,2017-03-19,OB,WO,두산,넥센,RESULT,9회초,False,False,normal
20170319SKHT02017,2017-03-19,SK,HT,SK,KIA,RESULT,9회말,False,False,normal
20170319SSNC02017,2017-03-19,SS,NC,삼성,NC,RESULT,9회말,False,False,normal
20170321HHNC02017,2017-03-21,HH,NC,한화,NC,RESULT,9회말,False,False,normal
20170321KTLG02017,2017-03-21,KT,LG,KT,LG,RESULT,9회말,False,False,normal
20170321LTWO02017,2017-03-21,LT,WO,롯데,넥센,RESULT,9회초,False,False,normal
20170321OBSK02017,2017-03-21,OB,SK,두산,SK,RESULT,9회말,False,False,normal
20170321SSHT02017,2017-03-21,SS,HT,삼성,KIA,RESULT,9회초,False,False,normal
20170322HHNC02017,2017-03-22,HH,NC,한화,NC,RESULT,9회말,False,False,normal
20170322KTLG02017,2017-03-22,KT,LG,KT,LG,RESULT,9회초,False,False,normal
20170322LTWO02017,2017-03-22,LT,WO,롯데,넥센,RESULT,9회말,False,False,normal
20170322OBSK02017,2017-03-22,OB,SK,두산,SK,RESULT,9회말,False,False,normal
20170322SSHT02017,2017-03-22,SS,HT,삼성,KIA,RESULT,9회말,False,False,normal
20170323HTHH02017,2017-03-23,HT,HH,KIA,한화,RESULT,9회초,False,False,normal
20170323KTWO02017,2017-03-23,KT,WO,KT,넥센,RESULT,9회초,False,False,normal
20170323LGSK02017,2017-03-23,LG,SK,LG,SK,RESULT,9회초,False,False,normal
20170323NCLT02017,2017-03-23,NC,LT,NC,롯데,RESULT,9회말,False,False,normal
20170323SSOB02017,2017-03-23,SS,OB,삼성,두산,RESULT,9회초,False,False,normal
20170324HTHH02017,2017-03-24,HT,HH,KIA,한화,RESULT,9회초,False,False,normal
20170324KTWO02017,2017-03-24,KT,WO,KT,넥센,RESULT,9회초,False,False,normal
20170324LGSK02017,2017-03-24,LG,SK,LG,SK,RESULT,9회말,False,False,normal
20170324NCLT02017,2017-03-24,NC,LT,NC,롯데,RESULT,9회말,False,False,normal
20170324SSOB02017,2017-03-24,SS,OB,삼성,두산,RESULT,9회초,False,False,normal
20170325HHSK02017,2017-03-25,HH,SK,한화,SK,RESULT,9회초,False,False,normal
20170325KTLT02017,2017-03-25,KT,LT,KT,롯데,RESULT,9회말,False,False,normal
20170325LGOB02017,2017-03-25,LG,OB,LG,두산,RESULT,9회초,False,False,normal
20170325NCHT02017,2017-03-25,NC,HT,NC,KIA,BEFORE,경기취소,True,False,cancelled
20170325SSWO02017,2017-03-25,SS,WO,삼성,넥센,RESULT,9회말,False,False,normal
20170326HHSK02017,2017-03-26,HH,SK,한화,SK,RESULT,9회말,False,False,normal
20170326KTLT02017,2017-03-26,KT,LT,KT,롯데,BEFORE,경기취소,True,False,cancelled
20170326NCHT02017,2017-03-26,NC,HT,NC,KIA,RESULT,9회초,False,False,normal
20170326OBLG02017,2017-03-26,OB,LG,두산,LG,RESULT,9회초,False,False,normal
20170326SSWO02017,2017-03-26,SS,WO,삼성,넥센,RESULT,9회초,False,False,normal
20170331HHOB02017,2017-03-31,HH,OB,한화,두산,RESULT,9회초,False,False,normal
20170331HTSS02017,2017-03-31,HT,SS,KIA,삼성,RESULT,9회말,False,False,normal
20170331KTSK02017,2017-03-31,KT,SK,KT,SK,RESULT,9회말,False,False,normal
20170331LGWO02017,2017-03-31,LG,WO,LG,넥센,RESULT,9회말,False,False,normal
20170331LTNC02017,2017-03-31,LT,NC,롯데,NC,RESULT,9회초,False,False,normal
20170401HHOB02017,2017-04-01,HH,OB,한화,두산,RESULT,11회말,False,False,normal
20170401HTSS02017,2017-04-01,HT,SS,KIA,삼성,RESULT,10회말,False,False,normal
20170401KTSK02017,2017-04-01,KT,SK,KT,SK,RESULT,9회말,False,False,normal
20170401LGWO02017,2017-04-01,LG,WO,LG,넥센,RESULT,9회말,False,False,normal
20170401LTNC02017,2017-04-01,LT,NC,롯데,NC,RESULT,9회말,False,False,normal
20170402HHOB02017,2017-04-02,HH,OB,한화,두산,RESULT,12회말,False,False,normal
20170402HTSS02017,2017-04-02,HT,SS,KIA,삼성,RESULT,9회초,False,False,normal
20170402KTSK02017,2017-04-02,KT,SK,KT,SK,RESULT,9회말,False,False,normal
20170402LGWO02017,2017-04-02,LG,WO,LG,넥센,RESULT,9회말,False,False,normal
20170402LTNC02017,2017-04-02,LT,NC,롯데,NC,RESULT,9회말,False,False,normal
20170404NCHH02017,2017-04-04,NC,HH,NC,한화,RESULT,9회초,False,False,normal
20170404OBKT02017,2017-04-04,OB,KT,두산,KT,RESULT,9회말,False,False,normal
20170404SKHT02017,2017-04-04,SK,HT,SK,KIA,RESULT,9회초,False,False,normal
20170404SSLG02017,2017-04-04,SS,LG,삼성,LG,RESULT,9회초,False,False,normal
20170404WOLT02017,2017-04-04,WO,LT,넥센,롯데,RESULT,9회초,False,False,normal
20170405NCHH02017,2017-04-05,NC,HH,NC,한화,BEFORE,경기취소,True,False,cancelled
20170405OBKT02017,2017-04-05,OB,KT,두산,KT,BEFORE,경기취소,True,False,cancelled
20170405SKHT02017,2017-04-05,SK,HT,SK,KIA,BEFORE,경기취소,True,False,cancelled
20170405SSLG02017,2017-04-05,SS,LG,삼성,LG,BEFORE,경기취소,True,False,cancelled
20170405WOLT02017,2017-04-05,WO,LT,넥센,롯데,BEFORE,경기취소,True,False,cancelled
20170406NCHH02017,2017-04-06,NC,HH,NC,한화,RESULT,9회말,False,False,normal
20170406OBKT02017,2017-04-06,OB,KT,두산,KT,RESULT,9회초,False,False,normal
20170406SKHT02017,2017-04-06,SK,HT,SK,KIA,RESULT,9회초,False,False,normal
20170406SSLG02017,2017-04-06,SS,LG,삼성,LG,RESULT,9회초,False,False,normal
20170406WOLT02017,2017-04-06,WO,LT,넥센,롯데,RESULT,9회초,False,False,normal
20170407HHHT02017,2017-04-07,HH,HT,한화,KIA,RESULT,9회초,False,False,normal
20170407LGLT02017,2017-04-07,LG,LT,LG,롯데,RESULT,9회말,False,False,normal
20170407NCSK02017,2017-04-07,NC,SK,NC,SK,RESULT,9회말,False,False,normal
20170407SSKT02017,2017-04-07,SS,KT,삼성,KT,RESULT,9회말,False,False,normal
20170407WOOB02017,2017-04-07,WO,OB,넥센,두산,RESULT,9회말,False,False,normal
20170408HHHT02017,2017-04-08,HH,HT,한화,KIA,RESULT,9회말,False,False,normal
20170408LGLT02017,2017-04-08,LG,LT,LG,롯데,RESULT,9회말,False,False,normal
20170408NCSK02017,2017-04-08,NC,SK,NC,SK,RESULT,9회초,False,False,normal
20170408SSKT02017,2017-04-08,SS,KT,삼성,KT,RESULT,9회초,False,False,normal
20170408WOOB02017,2017-04-08,WO,OB,넥센,두산,RESULT,9회말,False,False,normal
20170409HHHT02017,2017-04-09,HH,HT,한화,KIA,RESULT,9회초,False,False,normal
20170409LGLT02017,2017-04-09,LG,LT,LG,롯데,RESULT,9회초,False,False,normal
20170409NCSK02017,2017-04-09,NC,SK,NC,SK,RESULT,9회초,False,False,normal
20170409SSKT02017,2017-04-09,SS,KT,삼성,KT,RESULT,9회초,False,False,normal
20170409WOOB02017,2017-04-09,WO,OB,넥센,두산,RESULT,9회말,False,False,normal
20170411HHSS02017,2017-04-11,HH,SS,한화,삼성,RESULT,10회말,False,False,normal
20170411HTOB02017,2017-04-11,HT,OB,KIA,두산,RESULT,9회초,False,False,normal
20170411KTWO02017,2017-04-11,KT,WO,KT,넥센,RESULT,9회초,False,False,normal
20170411LGNC02017,2017-04-11,LG,NC,LG,NC,RESULT,9회초,False,False,normal
20170411LTSK02017,2017-04-11,LT,SK,롯데,SK,RESULT,9회말,False,False,normal
20170412HHSS02017,2017-04-12,HH,SS,한화,삼성,RESULT,9회말,False,False,normal
20170412HTOB02017,2017-04-12,HT,OB,KIA,두산,RESULT,9회말,False,False,normal
20170412KTWO02017,2017-04-12,KT,WO,KT,넥센,RESULT,9회초,False,False,normal
20170412LGNC02017,2017-04-12,LG,NC,LG,NC,RESULT,9회초,False,False,normal
20170412LTSK02017,2017-04-12,LT,SK,롯데,SK,RESULT,12회말,False,False,normal
20170413HHSS02017,2017-04-13,HH,SS,한화,삼성,RESULT,9회초,False,False,normal
20170413HTOB02017,2017-04-13,HT,OB,KIA,두산,RESULT,9회말,False,False,normal
20170413KTWO02017,2017-04-13,KT,WO,KT,넥센,RESULT,9회말,False,False,normal
20170413LGNC02017,2017-04-13,LG,NC,LG,NC,RESULT,9회초,False,False,normal
20170413LTSK02017,2017-04-13,LT,SK,롯데,SK,RESULT,9회말,False,False,normal
20170414KTLG02017,2017-04-14,KT,LG,KT,LG,RESULT,9회초,False,False,normal
20170414OBNC02017,2017-04-14,OB,NC,두산,NC,RESULT,9회말,False,False,normal
20170414SKHH02017,2017-04-14,SK,HH,SK,한화,RESULT,9회말,False,False,normal
20170414SSLT02017,2017-04-14,SS,LT,삼성,롯데,RESULT,9회초,False,False,normal
20170414WOHT02017,2017-04-14,WO,HT,넥센,KIA,RESULT,9회초,False,False,normal
20170415KTLG02017,2017-04-15,KT,LG,KT,LG,RESULT,10회말,False,False,normal
20170415OBNC02017,2017-04-15,OB,NC,두산,NC,RESULT,9회말,False,False,normal
20170415SKHH02017,2017-04-15,SK,HH,SK,한화,RESULT,9회말,False,False,normal
20170415SSLT02017,2017-04-15,SS,LT,삼성,롯데,RESULT,9회초,False,False,normal
20170415WOHT02017,2017-04-15,WO,HT,넥센,KIA,RESULT,9회초,False,False,normal
20170416KTLG02017,2017-04-16,KT,LG,KT,LG,RESULT,9회초,False,False,normal
20170416OBNC02017,2017-04-16,OB,NC,두산,NC,RESULT,9회초,False,False,normal
20170416SKHH02017,2017-04-16,SK,HH,SK,한화,RESULT,9회말,False,False,normal
20170416SSLT02017,2017-04-16,SS,LT,삼성,롯데,RESULT,9회말,False,False,normal
20170416WOHT02017,2017-04-16,WO,HT,넥센,KIA,RESULT,9회초,False,False,normal
20170418HTKT02017,2017-04-18,HT,KT,KIA,KT,RESULT,9회말,False,False,normal
20170418LGHH02017,2017-04-18,LG,HH,LG,한화,RESULT,9회말,False,False,normal
20170418NCLT02017,2017-04-18,NC,LT,NC,롯데,RESULT,9회말,False,False,normal
20170418SSOB02017,2017-04-18,SS,OB,삼성,두산,RESULT,12회말,False,False,normal
20170418WOSK02017,2017-04-18,WO,SK,넥센,SK,RESULT,9회초,False,False,normal
20170419HTKT02017,2017-04-19,HT,KT,KIA,KT,RESULT,9회초,False,False,normal
20170419LGHH02017,2017-04-19,LG,HH,LG,한화,RESULT,9회초,False,False,normal
20170419NCLT02017,2017-04-19,NC,LT,NC,롯데,RESULT,9회말,False,False,normal
20170419SSOB02017,2017-04-19,SS,OB,삼성,두산,RESULT,9회말,False,False,normal
20170419WOSK02017,2017-04-19,WO,SK,넥센,SK,RESULT,9회초,False,False,normal
20170420HTKT02017,2017-04-20,HT,KT,KIA,KT,RESULT,9회말,False,False,normal
20170420LGHH02017,2017-04-20,LG,HH,LG,한화,RESULT,9회말,False,False,normal
20170420NCLT02017,2017-04-20,NC,LT,NC,롯데,RESULT,9회말,False,False,normal
20170420SSOB02017,2017-04-20,SS,OB,삼성,두산,RESULT,9회초,False,False,normal
20170420WOSK02017,2017-04-20,WO,SK,넥센,SK,RESULT,9회말,False,False,normal
20170421HHKT02017,2017-04-21,HH,KT,한화,KT,RESULT,9회말,False,False,normal
20170421HTLG02017,2017-04-21,HT,LG,KIA,LG,RESULT,9회초,False,False,normal
20170421LTWO02017,2017-04-21,LT,WO,롯데,넥센,RESULT,9회초,False,False,normal
20170421NCSS02017,2017-04-21,NC,SS,NC,삼성,RESULT,12회말,False,False,normal
20170421OBSK02017,2017-04-21,OB,SK,두산,SK,RESULT,9회초,False,False,normal
20170422HHKT02017,2017-04-22,HH,KT,한화,KT,RESULT,9회초,False,False,normal
20170422HTLG02017,2017-04-22,HT,LG,KIA,LG,RESULT,9회말,False,False,normal
20170422LTWO02017,2017-04-22,LT,WO,롯데,넥센,RESULT,9회말,False,False,normal
20170422NCSS02017,2017-04-22,NC,SS,NC,삼성,RESULT,9회말,False,False,normal
20170422OBSK02017,2017-04-22,OB,SK,두산,SK,RESULT,9회초,False,False,normal
20170423HHKT02017,2017-04-23,HH,KT,한화,KT,RESULT,9회말,False,False,normal
20170423HTLG02017,2017-04-23,HT,LG,KIA,LG,RESULT,9회초,False,False,normal
20170423LTWO02017,2017-04-23,LT,WO,롯데,넥센,RESULT,9회초,False,False,normal
20170423NCSS02017,2017-04-23,NC,SS,NC,삼성,RESULT,9회말,False,False,normal
20170423OBSK02017,2017-04-23,OB,SK,두산,SK,RESULT,9회말,False,False,normal
20170425HHLT02017,2017-04-25,HH,LT,한화,롯데,RESULT,9회초,False,False,normal
20170425KTNC02017,2017-04-25,KT,NC,KT,NC,RESULT,9회초,False,False,normal
20170425OBWO02017,2017-04-25,OB,WO,두산,넥센,RESULT,9회초,False,False,normal
20170425SKLG02017,2017-04-25,SK,LG,SK,LG,RESULT,9회말,False,False,normal
20170425SSHT02017,2017-04-25,SS,HT,삼성,KIA,RESULT,9회초,False,False,normal
20170426HHLT02017,2017-04-26,HH,LT,한화,롯데,RESULT,9회초,False,False,normal
20170426KTNC02017,2017-04-26,KT,NC,KT,NC,RESULT,9회초,False,False,normal
20170426OBWO02017,2017-04-26,OB,WO,두산,넥센,RESULT,10회말,False,False,normal
20170426SKLG02017,2017-04-26,SK,LG,SK,LG,RESULT,9회초,False,False,normal
20170426SSHT02017,2017-04-26,SS,HT,삼성,KIA,RESULT,9회초,False,False,normal
20170427HHLT02017,2017-04-27,HH,LT,한화,롯데,RESULT,9회말,False,False,normal
20170427KTNC02017,2017-04-27,KT,NC,KT,NC,RESULT,9회초,False,False,normal
20170427OBWO02017,2017-04-27,OB,WO,두산,넥센,RESULT,9회초,False,False,normal
20170427SKLG02017,2017-04-27,SK,LG,SK,LG,RESULT,9회초,False,False,normal
20170427SSHT02017,2017-04-27,SS,HT,삼성,KIA,RESULT,9회초,False,False,normal
20170428LGKT02017,2017-04-28,LG,KT,LG,KT,RESULT,9회말,False,False,normal
20170428LTOB02017,2017-04-28,LT,OB,롯데,두산,RESULT,9회초,False,False,normal
20170428NCHT02017,2017-04-28,NC,HT,NC,KIA,RESULT,9회초,False,False,normal
20170428SKSS02017,2017-04-28,SK,SS,SK,삼성,RESULT,9회말,False,False,normal
20170428WOHH02017,2017-04-28,WO,HH,넥센,한화,RESULT,9회말,False,False,normal
20170429LGKT02017,2017-04-29,LG,KT,LG,KT,RESULT,9회초,False,False,normal
20170429LTOB02017,2017-04-29,LT,OB,롯데,두산,RESULT,9회초,False,False,normal
20170429NCHT02017,2017-04-29,NC,HT,NC,KIA,RESULT,12회말,False,False,normal
20170429SKSS02017,2017-04-29,SK,SS,SK,삼성,RESULT,9회초,False,False,normal
20170429WOHH02017,2017-04-29,WO,HH,넥센,한화,RESULT,9회말,False,False,normal
20170430LGKT02017,2017-04-30,LG,KT,LG,KT,RESULT,9회말,False,False,normal
20170430LTOB02017,2017-04-30,LT,OB,롯데,두산,RESULT,9회말,False,False,normal
20170430NCHT02017,2017-04-30,NC,HT,NC,KIA,RESULT,9회말,False,False,normal
20170430SKSS02017,2017-04-30,SK,SS,SK,삼성,RESULT,9회말,False,False,normal
20170430WOHH02017,2017-04-30,WO,HH,넥센,한화,RESULT,9회말,False,False,normal
20170502HHSK02017,2017-05-02,HH,SK,한화,SK,RESULT,9회말,False,False,normal
20170502HTWO02017,2017-05-02,HT,WO,KIA,넥센,RESULT,9회말,False,False,normal
20170502LTKT02017,2017-05-02,LT,KT,롯데,KT,RESULT,9회말,False,False,normal
20170502NCLG02017,2017-05-02,NC,LG,NC,LG,RESULT,9회말,False,False,normal
20170502OBSS02017,2017-05-02,OB,SS,두산,삼성,RESULT,10회말,False,False,normal
20170503HHSK02017,2017-05-03,HH,SK,한화,SK,RESULT,10회말,False,False,normal
20170503HTWO02017,2017-05-03,HT,WO,KIA,넥센,RESULT,9회말,False,False,normal
20170503LTKT02017,2017-05-03,LT,KT,롯데,KT,RESULT,9회초,False,False,normal
20170503NCLG02017,2017-05-03,NC,LG,NC,LG,RESULT,9회초,False,False,normal
20170503OBSS02017,2017-05-03,OB,SS,두산,삼성,RESULT,9회말,False,False,normal
20170504HHSK02017,2017-05-04,HH,SK,한화,SK,RESULT,9회초,False,False,normal
20170504HTWO02017,2017-05-04,HT,WO,KIA,넥센,RESULT,9회초,False,False,normal
20170504LTKT02017,2017-05-04,LT,KT,롯데,KT,RESULT,9회말,False,False,normal
20170504NCLG02017,2017-05-04,NC,LG,NC,LG,RESULT,9회초,False,False,normal
20170504OBSS02017,2017-05-04,OB,SS,두산,삼성,RESULT,9회말,False,False,normal
20170505HTLT02017,2017-05-05,HT,LT,KIA,롯데,RESULT,10회말,False,False,normal
20170505KTHH02017,2017-05-05,KT,HH,KT,한화,RESULT,9회초,False,False,normal
20170505LGOB02017,2017-05-05,LG,OB,LG,두산,RESULT,9회말,False,False,normal
20170505SKWO02017,2017-05-05,SK,WO,SK,넥센,RESULT,9회초,False,False,normal
20170505SSNC02017,2017-05-05,SS,NC,삼성,NC,RESULT,9회초,False,False,normal
20170506HTLT02017,2017-05-06,HT,LT,KIA,롯데,RESULT,9회말,False,False,normal
20170506KTHH02017,2017-05-06,KT,HH,KT,한화,RESULT,9회초,False,False,normal
20170506LGOB02017,2017-05-06,LG,OB,LG,두산,RESULT,9회말,False,False,normal
20170506SKWO02017,2017-05-06,SK,WO,SK,넥센,RESULT,9회말,False,False,normal
20170506SSNC02017,2017-05-06,SS,NC,삼성,NC,RESULT,9회말,False,False,normal
20170507HTLT02017,2017-05-07,HT,LT,KIA,롯데,RESULT,9회말,False,False,normal
20170507KTHH02017,2017-05-07,KT,HH,KT,한화,RESULT,9회말,False,False,normal
20170507LGOB02017,2017-05-07,LG,OB,LG,두산,RESULT,9회말,False,False,normal
20170507SKWO02017,2017-05-07,SK,WO,SK,넥센,RESULT,12회말,False,False,normal
20170507SSNC02017,2017-05-07,SS,NC,삼성,NC,RESULT,9회초,False,False,normal
20170509KTHT02017,2017-05-09,KT,HT,KT,KIA,RESULT,9회초,False,False,normal
20170509LGSS02017,2017-05-09,LG,SS,LG,삼성,BEFORE,경기취소,True,False,cancelled
20170509LTHH02017,2017-05-09,LT,HH,롯데,한화,BEFORE,경기취소,True,False,cancelled
20170509SKOB02017,2017-05-09,SK,OB,SK,두산,BEFORE,경기취소,True,False,cancelled
20170509WONC02017,2017-05-09,WO,NC,넥센,NC,BEFORE,경기취소,True,False,cancelled
20170510KTHT02017,2017-05-10,KT,HT,KT,KIA,RESULT,9회말,False,False,normal
20170510LGSS02017,2017-05-10,LG,SS,LG,삼성,RESULT,9회말,False,False,normal
20170510LTHH02017,2017-05-10,LT,HH,롯데,한화,RESULT,9회말,False,False,normal
20170510SKOB02017,2017-05-10,SK,OB,SK,두산,RESULT,9회초,False,False,normal
20170510WONC02017,2017-05-10,WO,NC,넥센,NC,RESULT,9회초,False,False,normal
20170511KTHT02017,2017-05-11,KT,HT,KT,KIA,RESULT,9회말,False,False,normal
20170511LGSS02017,2017-05-11,LG,SS,LG,삼성,RESULT,9회말,False,False,normal
20170511LTHH02017,2017-05-11,LT,HH,롯데,한화,RESULT,9회초,False,False,normal
20170511SKOB02017,2017-05-11,SK,OB,SK,두산,RESULT,9회초,False,False,normal
20170511WONC02017,2017-05-11,WO,NC,넥센,NC,RESULT,9회말,False,False,normal
20170512HHLG02017,2017-05-12,HH,LG,한화,LG,RESULT,9회말,False,False,normal
20170512HTSK02017,2017-05-12,HT,SK,KIA,SK,RESULT,9회초,False,False,normal
20170512NCKT02017,2017-05-12,NC,KT,NC,KT,RESULT,9회말,False,False,normal
20170512OBLT02017,2017-05-12,OB,LT,두산,롯데,BEFORE,경기취소,True,False,cancelled
20170512WOSS02017,2017-05-12,WO,SS,넥센,삼성,RESULT,9회초,False,False,normal
20170513HHLG02017,2017-05-13,HH,LG,한화,LG,RESULT,9회말,False,False,normal
20170513HTSK02017,2017-05-13,HT,SK,KIA,SK,RESULT,11회말,False,False,normal
20170513NCKT02017,2017-05-13,NC,KT,NC,KT,RESULT,9회초,False,False,normal
20170513OBLT02017,2017-05-13,OB,LT,두산,롯데,RESULT,9회말,False,False,normal
20170513WOSS02017,2017-05-13,WO,SS,넥센,삼성,RESULT,9회말,False,False,normal
20170514HHLG02017,2017-05-14,HH,LG,한화,LG,RESULT,9회초,False,False,normal
20170514HTSK02017,2017-05-14,HT,SK,KIA,SK,RESULT,9회말,False,False,normal
20170514NCKT02017,2017-05-14,NC,KT,NC,KT,RESULT,9회초,False,False,normal
20170514OBLT02017,2017-05-14,OB,LT,두산,롯데,RESULT,9회말,False,False,normal
20170514WOSS02017,2017-05-14,WO,SS,넥센,삼성,RESULT,9회말,False,False,normal
20170516HHWO02017,2017-05-16,HH,WO,한화,넥센,RESULT,9회초,False,False,normal
20170516KTLT02017,2017-05-16,KT,LT,KT,롯데,RESULT,9회초,False,False,normal
20170516LGHT02017,2017-05-16,LG,HT,LG,KIA,RESULT,11회말,False,False,normal
20170516NCOB02017,2017-05-16,NC,OB,NC,두산,RESULT,9회말,False,False,normal
20170516SSSK02017,2017-05-16,SS,SK,삼성,SK,RESULT,9회말,False,False,normal
20170517HHWO02017,2017-05-17,HH,WO,한화,넥센,RESULT,9회말,False,False,normal
20170517KTLT02017,2017-05-17,KT,LT,KT,롯데,RESULT,9회초,False,False,normal
20170517LGHT02017,2017-05-17,LG,HT,LG,KIA,RESULT,9회초,False,False,normal
20170517NCOB02017,2017-05-17,NC,OB,NC,두산,RESULT,9회말,False,False,normal
20170517SSSK02017,2017-05-17,SS,SK,삼성,SK,RESULT,9회말,False,False,normal
20170518HHWO02017,2017-05-18,HH,WO,한화,넥센,RESULT,9회말,False,False,normal
20170518KTLT02017,2017-05-18,KT,LT,KT,롯데,RESULT,9회초,False,False,normal
20170518LGHT02017,2017-05-18,LG,HT,LG,KIA,RESULT,9회초,False,False,normal
20170518NCOB02017,2017-05-18,NC,OB,NC,두산,RESULT,9회초,False,False,normal
20170518SSSK02017,2017-05-18,SS,SK,삼성,SK,RESULT,9회초,False,False,normal
20170519LTLG02017,2017-05-19,LT,LG,롯데,LG,RESULT,9회말,False,False,normal
20170519OBHT02017,2017-05-19,OB,HT,두산,KIA,RESULT,9회말,False,False,normal
20170519SKNC02017,2017-05-19,SK,NC,SK,NC,RESULT,9회말,False,False,normal
20170519SSHH02017,2017-05-19,SS,HH,삼성,한화,RESULT,9회말,False,False,normal
20170519WOKT02017,2017-05-19,WO,KT,넥센,KT,RESULT,9회말,False,False,normal
20170520LTLG02017,2017-05-20,LT,LG,롯데,LG,RESULT,9회초,False,False,normal
20170520OBHT02017,2017-05-20,OB,HT,두산,KIA,RESULT,9회말,False,False,normal
20170520SKNC02017,2017-05-20,SK,NC,SK,NC,RESULT,9회초,False,False,normal
20170520SSHH02017,2017-05-20,SS,HH,삼성,한화,RESULT,9회말,False,False,normal
20170520WOKT02017,2017-05-20,WO,KT,넥센,KT,RESULT,9회말,False,False,normal
20170521LTLG02017,2017-05-21,LT,LG,롯데,LG,RESULT,9회초,False,False,normal
20170521OBHT02017,2017-05-21,OB,HT,두산,KIA,RESULT,9회말,False,False,normal
20170521SKNC02017,2017-05-21,SK,NC,SK,NC,RESULT,11회말,False,False,normal
20170521SSHH02017,2017-05-21,SS,HH,삼성,한화,RESULT,9회말,False,False,normal
20170521WOKT02017,2017-05-21,WO,KT,넥센,KT,RESULT,9회초,False,False,normal
20170523HTHH02017,2017-05-23,HT,HH,KIA,한화,RESULT,9회말,False,False,normal
20170523KTSS02017,2017-05-23,KT,SS,KT,삼성,RESULT,9회말,False,False,normal
20170523NCWO02017,2017-05-23,NC,WO,NC,넥센,RESULT,9회말,False,False,normal
20170523OBLG02017,2017-05-23,OB,LG,두산,LG,BEFORE,경기취소,True,False,cancelled
20170523SKLT02017,2017-05-23,SK,LT,SK,롯데,RESULT,10회말,False,False,normal
20170524HTHH02017,2017-05-24,HT,HH,KIA,한화,RESULT,9회말,False,False,normal
20170524KTSS02017,2017-05-24,KT,SS,KT,삼성,RESULT,10회말,False,False,normal
20170524NCWO02017,2017-05-24,NC,WO,NC,넥센,RESULT,9회말,False,False,normal
20170524OBLG02017,2017-05-24,OB,LG,두산,LG,RESULT,9회말,False,False,normal
20170524SKLT02017,2017-05-24,SK,LT,SK,롯데,RESULT,9회초,False,False,normal
20170525HTHH02017,2017-05-25,HT,HH,KIA,한화,RESULT,9회말,False,False,normal
20170525KTSS02017,2017-05-25,KT,SS,KT,삼성,RESULT,9회초,False,False,normal
20170525NCWO02017,2017-05-25,NC,WO,NC,넥센,RESULT,9회말,False,False,normal
20170525OBLG02017,2017-05-25,OB,LG,두산,LG,RESULT,9회말,False,False,normal
20170525SKLT02017,2017-05-25,SK,LT,SK,롯데,RESULT,9회초,False,False,normal
20170526HHNC02017,2017-05-26,HH,NC,한화,NC,RESULT,9회초,False,False,normal
20170526KTOB02017,2017-05-26,KT,OB,KT,두산,RESULT,10회말,False,False,normal
20170526LGSK02017,2017-05-26,LG,SK,LG,SK,RESULT,9회초,False,False,normal
20170526LTHT02017,2017-05-26,LT,HT,롯데,KIA,RESULT,9회말,False,False,normal
20170526SSWO02017,2017-05-26,SS,WO,삼성,넥센,RESULT,9회초,False,False,normal
20170527HHNC02017,2017-05-27,HH,NC,한화,NC,RESULT,9회말,False,False,normal
20170527KTOB02017,2017-05-27,KT,OB,KT,두산,RESULT,9회초,False,False,normal
20170527LGSK02017,2017-05-27,LG,SK,LG,SK,RESULT,9회초,False,False,normal
20170527LTHT02017,2017-05-27,LT,HT,롯데,KIA,RESULT,9회초,False,False,normal
20170527SSWO02017,2017-05-27,SS,WO,삼성,넥센,RESULT,9회초,False,False,normal
20170528HHNC02017,2017-05-28,HH,NC,한화,NC,RESULT,9회말,False,False,normal
20170528KTOB02017,2017-05-28,KT,OB,KT,두산,RESULT,9회초,False,False,normal
20170528LGSK02017,2017-05-28,LG,SK,LG,SK,RESULT,9회초,False,False,normal
20170528LTHT02017,2017-05-28,LT,HT,롯데,KIA,RESULT,11회말,False,False,normal
20170528SSWO02017,2017-05-28,SS,WO,삼성,넥센,RESULT,9회말,False,False,normal
20170530HTNC02017,2017-05-30,HT,NC,KIA,NC,RESULT,9회말,False,False,normal
20170530LTSS02017,2017-05-30,LT,SS,롯데,삼성,RESULT,9회말,False,False,normal
20170530OBHH02017,2017-05-30,OB,HH,두산,한화,RESULT,9회초,False,False,normal
20170530SKKT02017,2017-05-30,SK,KT,SK,KT,RESULT,9회말,False,False,normal
20170530WOLG02017,2017-05-30,WO,LG,넥센,LG,RESULT,9회말,False,False,normal
20170531HTNC02017,2017-05-31,HT,NC,KIA,NC,RESULT,9회말,False,False,normal
20170531LTSS02017,2017-05-31,LT,SS,롯데,삼성,RESULT,9회초,False,False,normal
20170531OBHH02017,2017-05-31,OB,HH,두산,한화,RESULT,9회초,False,False,normal
20170531SKKT02017,2017-05-31,SK,KT,SK,KT,RESULT,9회말,False,False,normal
20170531WOLG02017,2017-05-31,WO,LG,넥센,LG,RESULT,9회초,False,False,normal
20170601HTNC02017,2017-06-01,HT,NC,KIA,NC,RESULT,9회초,False,False,normal
20170601LTSS02017,2017-06-01,LT,SS,롯데,삼성,RESULT,9회초,False,False,normal
20170601OBHH02017,2017-06-01,OB,HH,두산,한화,RESULT,9회말,False,False,normal
20170601SKKT02017,2017-06-01,SK,KT,SK,KT,RESULT,9회말,False,False,normal
20170601WOLG02017,2017-06-01,WO,LG,넥센,LG,RESULT,9회초,False,False,normal
20170602HTSS02017,2017-06-02,HT,SS,KIA,삼성,RESULT,9회초,False,False,normal
20170602KTLT02017,2017-06-02,KT,LT,KT,롯데,RESULT,9회말,False,False,normal
20170602NCLG02017,2017-06-02,NC,LG,NC,LG,RESULT,9회말,False,False,normal
20170602OBWO02017,2017-06-02,OB,WO,두산,넥센,RESULT,9회말,False,False,normal
20170602SKHH02017,2017-06-02,SK,HH,SK,한화,RESULT,9회말,False,False,normal
20170603HTSS02017,2017-06-03,HT,SS,KIA,삼성,RESULT,10회말,False,False,normal
20170603KTLT02017,2017-06-03,KT,LT,KT,롯데,RESULT,9회말,False,False,normal
20170603NCLG02017,2017-06-03,NC,LG,NC,LG,RESULT,9회말,False,False,normal
20170603OBWO02017,2017-06-03,OB,WO,두산,넥센,RESULT,9회초,False,False,normal
20170603SKHH02017,2017-06-03,SK,HH,SK,한화,RESULT,9회말,False,False,normal
20170604HTSS02017,2017-06-04,HT,SS,KIA,삼성,RESULT,9회말,False,False,normal
20170604KTLT02017,2017-06-04,KT,LT,KT,롯데,RESULT,9회초,False,False,normal
20170604NCLG02017,2017-06-04,NC,LG,NC,LG,RESULT,9회말,False,False,normal
20170604OBWO02017,2017-06-04,OB,WO,두산,넥센,RESULT,9회말,False,False,normal
20170604SKHH02017,2017-06-04,SK,HH,SK,한화,RESULT,9회말,False,False,normal
20170606HHHT02017,2017-06-06,HH,HT,한화,KIA,BEFORE,경기취소,True,False,cancelled
20170606LGKT02017,2017-06-06,LG,KT,LG,KT,BEFORE,경기취소,True,False,cancelled
20170606LTNC02017,2017-06-06,LT,NC,롯데,NC,RESULT,9회말,False,False,normal
20170606SSOB02017,2017-06-06,SS,OB,삼성,두산,RESULT,10회말,False,False,normal
20170606WOSK02017,2017-06-06,WO,SK,넥센,SK,RESULT,9회말,False,False,normal
20170607HHHT02017,2017-06-07,HH,HT,한화,KIA,RESULT,9회초,False,False,normal
20170607LGKT02017,2017-06-07,LG,KT,LG,KT,RESULT,9회말,False,False,normal
20170607LTNC02017,2017-06-07,LT,NC,롯데,NC,RESULT,9회초,False,False,normal
20170607SSOB02017,2017-06-07,SS,OB,삼성,두산,RESULT,9회초,False,False,normal
20170607WOSK02017,2017-06-07,WO,SK,넥센,SK,RESULT,9회말,False,False,normal
20170608HHHT02017,2017-06-08,HH,HT,한화,KIA,RESULT,9회초,False,False,normal
20170608LGKT02017,2017-06-08,LG,KT,LG,KT,RESULT,9회말,False,False,normal
20170608LTNC02017,2017-06-08,LT,NC,롯데,NC,RESULT,9회초,False,False,normal
20170608SSOB02017,2017-06-08,SS,OB,삼성,두산,RESULT,10회말,False,False,normal
20170608WOSK02017,2017-06-08,WO,SK,넥센,SK,RESULT,9회말,False,False,normal
20170609KTNC02017,2017-06-09,KT,NC,KT,NC,RESULT,11회말,False,False,normal
20170609OBLT02017,2017-06-09,OB,LT,두산,롯데,RESULT,9회말,False,False,normal
20170609SKLG02017,2017-06-09,SK,LG,SK,LG,RESULT,9회초,False,False,normal
20170609SSHH02017,2017-06-09,SS,HH,삼성,한화,RESULT,9회말,False,False,normal
20170609WOHT02017,2017-06-09,WO,HT,넥센,KIA,RESULT,9회말,False,False,normal
20170610KTNC02017,2017-06-10,KT,NC,KT,NC,RESULT,9회초,False,False,normal
20170610OBLT02017,2017-06-10,OB,LT,두산,롯데,RESULT,10회말,False,False,normal
20170610SKLG02017,2017-06-10,SK,LG,SK,LG,RESULT,9회말,False,False,normal
20170610SSHH02017,2017-06-10,SS,HH,삼성,한화,RESULT,9회초,False,False,normal
20170610WOHT02017,2017-06-10,WO,HT,넥센,KIA,RESULT,9회말,False,False,normal
20170611KTNC02017,2017-06-11,KT,NC,KT,NC,RESULT,9회초,False,False,normal
20170611OBLT02017,2017-06-11,OB,LT,두산,롯데,RESULT,9회초,False,False,normal
20170611SKLG02017,2017-06-11,SK,LG,SK,LG,RESULT,9회초,False,False,normal
20170611SSHH02017,2017-06-11,SS,HH,삼성,한화,RESULT,9회말,False,False,normal
20170611WOHT02017,2017-06-11,WO,HT,넥센,KIA,RESULT,9회초,False,False,normal
20170613HHSK02017,2017-06-13,HH,SK,한화,SK,RESULT,9회말,False,False,normal
20170613HTLT02017,2017-06-13,HT,LT,KIA,롯데,RESULT,9회말,False,False,normal
20170613KTSS02017,2017-06-13,KT,SS,KT,삼성,RESULT,9회초,False,False,normal
20170613LGOB02017,2017-06-13,LG,OB,LG,두산,RESULT,9회초,False,False,normal
20170613NCWO02017,2017-06-13,NC,WO,NC,넥센,RESULT,9회말,False,False,normal
20170614HHSK02017,2017-06-14,HH,SK,한화,SK,RESULT,9회초,False,False,normal
20170614HTLT02017,2017-06-14,HT,LT,KIA,롯데,RESULT,9회말,False,False,normal
20170614KTSS02017,2017-06-14,KT,SS,KT,삼성,RESULT,9회말,False,False,normal
20170614LGOB02017,2017-06-14,LG,OB,LG,두산,RESULT,9회말,False,False,normal
20170614NCWO02017,2017-06-14,NC,WO,NC,넥센,RESULT,9회초,False,False,normal
20170615HHSK02017,2017-06-15,HH,SK,한화,SK,RESULT,9회초,False,False,normal
20170615HTLT02017,2017-06-15,HT,LT,KIA,롯데,RESULT,9회말,False,False,normal
20170615KTSS02017,2017-06-15,KT,SS,KT,삼성,RESULT,9회초,False,False,normal
20170615LGOB02017,2017-06-15,LG,OB,LG,두산,RESULT,9회말,False,False,normal
20170615NCWO02017,2017-06-15,NC,WO,NC,넥센,RESULT,10회말,False,False,normal
20170616HHKT02017,2017-06-16,HH,KT,한화,KT,RESULT,9회말,False,False,normal
20170616LGHT02017,2017-06-16,LG,HT,LG,KIA,RESULT,9회말,False,False,normal
20170616LTWO02017,2017-06-16,LT,WO,롯데,넥센,RESULT,9회초,False,False,normal
20170616NCOB02017,2017-06-16,NC,OB,NC,두산,RESULT,9회말,False,False,normal
20170616SKSS02017,2017-06-16,SK,SS,SK,삼성,RESULT,9회말,False,False,normal
20170617HHKT02017,2017-06-17,HH,KT,한화,KT,RESULT,9회말,False,False,normal
20170617LGHT02017,2017-06-17,LG,HT,LG,KIA,RESULT,9회초,False,False,normal
20170617LTWO02017,2017-06-17,LT,WO,롯데,넥센,RESULT,9회초,False,False,normal
20170617NCOB02017,2017-06-17,NC,OB,NC,두산,RESULT,9회초,False,False,normal
20170617SKSS02017,2017-06-17,SK,SS,SK,삼성,RESULT,9회말,False,False,normal
20170618HHKT02017,2017-06-18,HH,KT,한화,KT,RESULT,9회말,False,False,normal
20170618LGHT02017,2017-06-18,LG,HT,LG,KIA,RESULT,9회말,False,False,normal
20170618LTWO02017,2017-06-18,LT,WO,롯데,넥센,RESULT,9회초,False,False,normal
20170618NCOB02017,2017-06-18,NC,OB,NC,두산,RESULT,9회초,False,False,normal
20170618SKSS02017,2017-06-18,SK,SS,SK,삼성,RESULT,9회초,False,False,normal
20170620LTKT02017,2017-06-20,LT,KT,롯데,KT,RESULT,9회말,False,False,normal
20170620NCSK02017,2017-06-20,NC,SK,NC,SK,RESULT,9회초,False,False,normal
20170620OBHT02017,2017-06-20,OB,HT,두산,KIA,BEFORE,경기취소,True,False,cancelled
20170620SSLG02017,2017-06-20,SS,LG,삼성,LG,RESULT,9회초,False,False,normal
20170620WOHH02017,2017-06-20,WO,HH,넥센,한화,RESULT,9회초,False,False,normal
20170621LTKT02017,2017-06-21,LT,KT,롯데,KT,RESULT,9회말,False,False,normal
20170621NCSK02017,2017-06-21,NC,SK,NC,SK,RESULT,9회말,False,False,normal
20170621OBHT02017,2017-06-21,OB,HT,두산,KIA,RESULT,9회초,False,False,normal
20170621SSLG02017,2017-06-21,SS,LG,삼성,LG,RESULT,9회말,False,False,normal
20170621WOHH02017,2017-06-21,WO,HH,넥센,한화,RESULT,9회말,False,False,normal
20170622LTKT02017,2017-06-22,LT,KT,롯데,KT,RESULT,9회초,False,False,normal
20170622NCSK02017,2017-06-22,NC,SK,NC,SK,RESULT,9회초,False,False,normal
20170622OBHT02017,2017-06-22,OB,HT,두산,KIA,RESULT,9회초,False,False,normal
20170622SSLG02017,2017-06-22,SS,LG,삼성,LG,RESULT,9회말,False,False,normal
20170622WOHH02017,2017-06-22,WO,HH,넥센,한화,RESULT,10회말,False,False,normal
20170623HHSS02017,2017-06-23,HH,SS,한화,삼성,RESULT,9회초,False,False,normal
20170623HTNC02017,2017-06-23,HT,NC,KIA,NC,RESULT,9회초,False,False,normal
20170623KTSK02017,2017-06-23,KT,SK,KT,SK,RESULT,9회초,False,False,normal
20170623LGWO02017,2017-06-23,LG,WO,LG,넥센,RESULT,9회초,False,False,normal
20170623LTOB02017,2017-06-23,LT,OB,롯데,두산,RESULT,9회초,False,False,normal
20170624HHSS02017,2017-06-24,HH,SS,한화,삼성,RESULT,9회초,False,False,normal
20170624HTNC02017,2017-06-24,HT,NC,KIA,NC,RESULT,9회초,False,False,normal
20170624KTSK02017,2017-06-24,KT,SK,KT,SK,RESULT,9회초,False,False,normal
20170624LGWO02017,2017-06-24,LG,WO,LG,넥센,RESULT,9회말,False,False,normal
20170624LTOB02017,2017-06-24,LT,OB,롯데,두산,RESULT,9회말,False,False,normal
20170625HHSS02017,2017-06-25,HH,SS,한화,삼성,RESULT,11회초,False,False,normal
20170625HTNC02017,2017-06-25,HT,NC,KIA,NC,RESULT,9회초,False,False,normal
20170625KTSK02017,2017-06-25,KT,SK,KT,SK,RESULT,9회말,False,False,normal
20170625LGWO02017,2017-06-25,LG,WO,LG,넥센,RESULT,9회초,False,False,normal
20170625LTOB02017,2017-06-25,LT,OB,롯데,두산,RESULT,9회말,False,False,normal
20170627KTHH02017,2017-06-27,KT,HH,KT,한화,RESULT,9회초,False,False,normal
20170627LGLT02017,2017-06-27,LG,LT,LG,롯데,RESULT,12회말,False,False,normal
20170627SKOB02017,2017-06-27,SK,OB,SK,두산,RESULT,9회말,False,False,normal
20170627SSHT02017,2017-06-27,SS,HT,삼성,KIA,RESULT,9회초,False,False,normal
20170627WONC02017,2017-06-27,WO,NC,넥센,NC,RESULT,9회초,False,False,normal
20170628KTHH02017,2017-06-28,KT,HH,KT,한화,RESULT,10회말,False,False,normal
20170628LGLT02017,2017-06-28,LG,LT,LG,롯데,RESULT,12회말,False,False,normal
20170628SKOB02017,2017-06-28,SK,OB,SK,두산,RESULT,9회말,False,False,normal
20170628SSHT02017,2017-06-28,SS,HT,삼성,KIA,RESULT,9회초,False,False,normal
20170628WONC02017,2017-06-28,WO,NC,넥센,NC,RESULT,9회초,False,False,normal
20170629KTHH02017,2017-06-29,KT,HH,KT,한화,RESULT,9회초,False,False,normal
20170629LGLT02017,2017-06-29,LG,LT,LG,롯데,BEFORE,경기취소,True,False,cancelled
20170629SKOB02017,2017-06-29,SK,OB,SK,두산,RESULT,9회초,False,False,normal
20170629SSHT02017,2017-06-29,SS,HT,삼성,KIA,RESULT,9회초,False,False,normal
20170629WONC02017,2017-06-29,WO,NC,넥센,NC,BEFORE,경기취소,True,False,cancelled
20170630HTLG02017,2017-06-30,HT,LG,KIA,LG,RESULT,9회말,False,False,normal
20170630NCLT02017,2017-06-30,NC,LT,NC,롯데,RESULT,9회초,False,False,normal
20170630OBHH02017,2017-06-30,OB,HH,두산,한화,RESULT,9회초,False,False,normal
20170630SSSK02017,2017-06-30,SS,SK,삼성,SK,RESULT,9회초,False,False,normal
20170630WOKT02017,2017-06-30,WO,KT,넥센,KT,RESULT,9회말,False,False,normal
20170701HTLG02017,2017-07-01,HT,LG,KIA,LG,RESULT,9회말,False,False,normal
20170701NCLT02017,2017-07-01,NC,LT,NC,롯데,RESULT,9회초,False,False,normal
20170701OBHH02017,2017-07-01,OB,HH,두산,한화,RESULT,9회초,False,False,normal
20170701SSSK02017,2017-07-01,SS,SK,삼성,SK,RESULT,9회말,False,False,normal
20170701WOKT02017,2017-07-01,WO,KT,넥센,KT,BEFORE,경기취소,True,False,cancelled
20170702HTLG02017,2017-07-02,HT,LG,KIA,LG,RESULT,7회초,False,False,called
20170702NCLT02017,2017-07-02,NC,LT,NC,롯데,RESULT,9회초,False,False,normal
20170702OBHH02017,2017-07-02,OB,HH,두산,한화,BEFORE,경기취소,True,False,cancelled
20170702SSSK02017,2017-07-02,SS,SK,삼성,SK,RESULT,5회말,False,False,called
20170702WOKT02017,2017-07-02,WO,KT,넥센,KT,RESULT,6회말,False,False,called
20170704HHWO02017,2017-07-04,HH,WO,한화,넥센,RESULT,9회초,False,False,normal
20170704HTSK02017,2017-07-04,HT,SK,KIA,SK,RESULT,9회말,False,False,normal
20170704KTOB02017,2017-07-04,KT,OB,KT,두산,RESULT,9회초,False,False,normal
20170704LGNC02017,2017-07-04,LG,NC,LG,NC,BEFORE,경기취소,True,False,cancelled
20170704LTSS02017,2017-07-04,LT,SS,롯데,삼성,RESULT,9회초,False,False,normal
20170705HHWO02017,2017-07-05,HH,WO,한화,넥센,RESULT,9회초,False,False,normal
20170705HTSK02017,2017-07-05,HT,SK,KIA,SK,RESULT,9회초,False,False,normal
20170705KTOB02017,2017-07-05,KT,OB,KT,두산,RESULT,9회초,False,False,normal
20170705LGNC02017,2017-07-05,LG,NC,LG,NC,RESULT,9회말,False,False,normal
20170705LTSS02017,2017-07-05,LT,SS,롯데,삼성,RESULT,9회말,False,False,normal
20170706HHWO02017,2017-07-06,HH,WO,한화,넥센,RESULT,9회초,False,False,normal
20170706HTSK02017,2017-07-06,HT,SK,KIA,SK,RESULT,9회말,False,False,normal
20170706KTOB02017,2017-07-06,KT,OB,KT,두산,BEFORE,경기취소,True,False,cancelled
20170706LGNC02017,2017-07-06,LG,NC,LG,NC,BEFORE,경기취소,True,False,cancelled
20170706LTSS02017,2017-07-06,LT,SS,롯데,삼성,RESULT,9회말,False,False,normal
20170707HHLG02017,2017-07-07,HH,LG,한화,LG,BEFORE,경기취소,True,False,cancelled
20170707HTKT02017,2017-07-07,HT,KT,KIA,KT,BEFORE,경기취소,True,False,cancelled
20170707OBNC02017,2017-07-07,OB,NC,두산,NC,RESULT,9회말,False,False,normal
20170707SKLT02017,2017-07-07,SK,LT,SK,롯데,RESULT,9회말,False,False,normal
20170707WOSS02017,2017-07-07,WO,SS,넥센,삼성,RESULT,9회말,False,False,normal
20170708HHLG02017,2017-07-08,HH,LG,한화,LG,RESULT,9회말,False,False,normal
20170708HTKT02017,2017-07-08,HT,KT,KIA,KT,RESULT,9회말,False,False,normal
20170708OBNC02017,2017-07-08,OB,NC,두산,NC,BEFORE,경기취소,True,False,cancelled
20170708SKLT02017,2017-07-08,SK,LT,SK,롯데,RESULT,9회초,False,False,normal
20170708WOSS02017,2017-07-08,WO,SS,넥센,삼성,RESULT,9회말,False,False,normal
20170709HHLG02017,2017-07-09,HH,LG,한화,LG,RESULT,7회초,False,False,called
20170709HTKT02017,2017-07-09,HT,KT,KIA,KT,BEFORE,경기취소,True,False,cancelled
20170709OBNC02017,2017-07-09,OB,NC,두산,NC,RESULT,9회초,False,False,normal
20170709SKLT02017,2017-07-09,SK,LT,SK,롯데,RESULT,9회말,False,False,normal
20170709WOSS02017,2017-07-09,WO,SS,넥센,삼성,RESULT,9회초,False,False,normal
20170711LGSK02017,2017-07-11,LG,SK,LG,SK,RESULT,9회초,False,False,normal
20170711LTHH02017,2017-07-11,LT,HH,롯데,한화,RESULT,11회말,False,False,normal
20170711NCHT02017,2017-07-11,NC,HT,NC,KIA,RESULT,9회초,False,False,normal
20170711SSKT02017,2017-07-11,SS,KT,삼성,KT,RESULT,9회말,False,False,normal
20170711WOOB02017,2017-07-11,WO,OB,넥센,두산,RESULT,9회말,False,False,normal
20170712LGSK02017,2017-07-12,LG,SK,LG,SK,RESULT,9회말,False,False,normal
20170712LTHH02017,2017-07-12,LT,HH,롯데,한화,RESULT,9회말,False,False,normal
20170712NCHT02017,2017-07-12,NC,HT,NC,KIA,RESULT,10회말,False,False,normal
20170712SSKT02017,2017-07-12,SS,KT,삼성,KT,RESULT,9회말,False,False,normal
20170712WOOB02017,2017-07-12,WO,OB,넥센,두산,RESULT,9회말,False,False,normal
20170713LGSK02017,2017-07-13,LG,SK,LG,SK,RESULT,9회말,False,False,normal
20170713LTHH02017,2017-07-13,LT,HH,롯데,한화,RESULT,9회초,False,False,normal
20170713NCHT02017,2017-07-13,NC,HT,NC,KIA,RESULT,9회초,False,False,normal
20170713SSKT02017,2017-07-13,SS,KT,삼성,KT,RESULT,9회말,False,False,normal
20170713WOOB02017,2017-07-13,WO,OB,넥센,두산,RESULT,9회초,False,False,normal
20170718HTWO02017,2017-07-18,HT,WO,KIA,넥센,RESULT,10회말,False,False,normal
20170718KTLG02017,2017-07-18,KT,LG,KT,LG,RESULT,9회초,False,False,normal
20170718NCHH02017,2017-07-18,NC,HH,NC,한화,RESULT,9회말,False,False,normal
20170718OBSK02017,2017-07-18,OB,SK,두산,SK,RESULT,9회말,False,False,normal
20170718SSLT02017,2017-07-18,SS,LT,삼성,롯데,RESULT,9회초,False,False,normal
20170719HTWO02017,2017-07-19,HT,WO,KIA,넥센,RESULT,9회초,False,False,normal
20170719KTLG02017,2017-07-19,KT,LG,KT,LG,RESULT,9회초,False,False,normal
20170719NCHH02017,2017-07-19,NC,HH,NC,한화,RESULT,9회말,False,False,normal
20170719OBSK02017,2017-07-19,OB,SK,두산,SK,RESULT,9회초,False,False,normal
20170719SSLT02017,2017-07-19,SS,LT,삼성,롯데,RESULT,9회말,False,False,normal
20170720HTWO02017,2017-07-20,HT,WO,KIA,넥센,RESULT,9회말,False,False,normal
20170720KTLG02017,2017-07-20,KT,LG,KT,LG,RESULT,9회초,False,False,normal
20170720NCHH02017,2017-07-20,NC,HH,NC,한화,RESULT,9회말,False,False,normal
20170720OBSK02017,2017-07-20,OB,SK,두산,SK,RESULT,9회말,False,False,normal
20170720SSLT02017,2017-07-20,SS,LT,삼성,롯데,RESULT,12회말,False,False,normal
20170721HHOB02017,2017-07-21,HH,OB,한화,두산,RESULT,9회초,False,False,normal
20170721KTWO02017,2017-07-21,KT,WO,KT,넥센,RESULT,9회초,False,False,normal
20170721LGSS02017,2017-07-21,LG,SS,LG,삼성,RESULT,11회말,False,False,normal
20170721LTHT02017,2017-07-21,LT,HT,롯데,KIA,RESULT,9회말,False,False,normal
20170721SKNC02017,2017-07-21,SK,NC,SK,NC,RESULT,9회초,False,False,normal
20170722HHOB02017,2017-07-22,HH,OB,한화,두산,RESULT,9회초,False,False,normal
20170722KTWO02017,2017-07-22,KT,WO,KT,넥센,RESULT,9회말,False,False,normal
20170722LGSS02017,2017-07-22,LG,SS,LG,삼성,BEFORE,경기취소,True,False,cancelled
20170722LTHT02017,2017-07-22,LT,HT,롯데,KIA,RESULT,9회말,False,False,normal
20170722SKNC02017,2017-07-22,SK,NC,SK,NC,RESULT,9회초,False,False,normal
20170723HHOB02017,2017-07-23,HH,OB,한화,두산,RESULT,9회말,False,False,normal
20170723KTWO02017,2017-07-23,KT,WO,KT,넥센,RESULT,9회초,False,False,normal
20170723LGSS02017,2017-07-23,LG,SS,LG,삼성,RESULT,9회초,False,False,normal
20170723LTHT02017,2017-07-23,LT,HT,롯데,KIA,RESULT,9회말,False,False,normal
20170723SKNC02017,2017-07-23,SK,NC,SK,NC,RESULT,9회초,False,False,normal
20170725HHLT02017,2017-07-25,HH,LT,한화,롯데,BEFORE,경기취소,True,False,cancelled
20170725NCSS02017,2017-07-25,NC,SS,NC,삼성,RESULT,9회초,False,False,normal
20170725OBKT02017,2017-07-25,OB,KT,두산,KT,RESULT,9회말,False,False,normal
20170725SKHT02017,2017-07-25,SK,HT,SK,KIA,RESULT,10회말,False,False,normal
20170725WOLG02017,2017-07-25,WO,LG,넥센,LG,RESULT,9회말,False,False,normal
20170726HHLT02017,2017-07-26,HH,LT,한화,롯데,RESULT,9회초,False,False,normal
20170726NCSS02017,2017-07-26,NC,SS,NC,삼성,RESULT,9회초,False,False,normal
20170726OBKT02017,2017-07-26,OB,KT,두산,KT,RESULT,9회말,False,False,normal
20170726SKHT02017,2017-07-26,SK,HT,SK,KIA,RESULT,11회말,False,False,normal
20170726WOLG02017,2017-07-26,WO,LG,넥센,LG,RESULT,9회말,False,False,normal
20170727HHLT02017,2017-07-27,HH,LT,한화,롯데,RESULT,9회말,False,False,normal
20170727NCSS02017,2017-07-27,NC,SS,NC,삼성,RESULT,9회말,False,False,normal
20170727OBKT02017,2017-07-27,OB,KT,두산,KT,RESULT,9회말,False,False,normal
20170727SKHT02017,2017-07-27,SK,HT,SK,KIA,RESULT,9회초,False,False,normal
20170727WOLG02017,2017-07-27,WO,LG,넥센,LG,RESULT,9회말,False,False,normal
20170728HTOB02017,2017-07-28,HT,OB,KIA,두산,RESULT,12회말,False,False,normal
20170728LGHH02017,2017-07-28,LG,HH,LG,한화,RESULT,9회초,False,False,normal
20170728LTSK02017,2017-07-28,LT,SK,롯데,SK,RESULT,9회말,False,False,normal
20170728NCKT02017,2017-07-28,NC,KT,NC,KT,RESULT,10회말,False,False,normal
20170728SSWO02017,2017-07-28,SS,WO,삼성,넥센,RESULT,9회말,False,False,normal
20170729HTOB02017,2017-07-29,HT,OB,KIA,두산,RESULT,9회말,False,False,normal
20170729LGHH02017,2017-07-29,LG,HH,LG,한화,RESULT,9회말,False,False,normal
20170729LTSK02017,2017-07-29,LT,SK,롯데,SK,RESULT,9회초,False,False,normal
20170729NCKT02017,2017-07-29,NC,KT,NC,KT,RESULT,9회초,False,False,normal
20170729SSWO02017,2017-07-29,SS,WO,삼성,넥센,RESULT,9회초,False,False,normal
20170730HTOB02017,2017-07-30,HT,OB,KIA,두산,RESULT,9회초,False,False,normal
20170730LGHH02017,2017-07-30,LG,HH,LG,한화,RESULT,9회말,False,False,normal
20170730LTSK02017,2017-07-30,LT,SK,롯데,SK,RESULT,9회말,False,False,normal
20170730NCKT02017,2017-07-30,NC,KT,NC,KT,RESULT,9회말,False,False,normal
20170730SSWO02017,2017-07-30,SS,WO,삼성,넥센,RESULT,9회초,False,False,normal
20170801HHNC02017,2017-08-01,HH,NC,한화,NC,RESULT,9회초,False,False,normal
20170801KTHT02017,2017-08-01,KT,HT,KT,KIA,RESULT,9회말,False,False,normal
20170801LTLG02017,2017-08-01,LT,LG,롯데,LG,RESULT,9회초,False,False,normal
20170801OBSS02017,2017-08-01,OB,SS,두산,삼성,RESULT,9회말,False,False,normal
20170801SKWO02017,2017-08-01,SK,WO,SK,넥센,RESULT,9회초,False,False,normal
20170802HHNC02017,2017-08-02,HH,NC,한화,NC,RESULT,9회말,False,False,normal
20170802KTHT02017,2017-08-02,KT,HT,KT,KIA,BEFORE,경기취소,True,False,cancelled
20170802LTLG02017,2017-08-02,LT,LG,롯데,LG,RESULT,10회말,False,False,normal
20170802OBSS02017,2017-08-02,OB,SS,두산,삼성,RESULT,9회말,False,False,normal
20170802SKWO02017,2017-08-02,SK,WO,SK,넥센,RESULT,9회초,False,False,normal
20170803HHNC02017,2017-08-03,HH,NC,한화,NC,RESULT,9회초,False,False,normal
20170803KTHT02017,2017-08-03,KT,HT,KT,KIA,RESULT,9회초,False,False,normal
20170803LTLG02017,2017-08-03,LT,LG,롯데,LG,RESULT,9회초,False,False,normal
20170803OBSS02017,2017-08-03,OB,SS,두산,삼성,RESULT,9회말,False,False,normal
20170803SKWO02017,2017-08-03,SK,WO,SK,넥센,RESULT,9회초,False,False,normal
20170804HTHH02017,2017-08-04,HT,HH,KIA,한화,RESULT,9회초,False,False,normal
20170804OBLG02017,2017-08-04,OB,LG,두산,LG,RESULT,9회말,False,False,normal
20170804SKKT02017,2017-08-04,SK,KT,SK,KT,RESULT,9회말,False,False,normal
20170804SSNC02017,2017-08-04,SS,NC,삼성,NC,RESULT,9회말,False,False,normal
20170804WOLT02017,2017-08-04,WO,LT,넥센,롯데,RESULT,9회초,False,False,normal
20170805HTHH02017,2017-08-05,HT,HH,KIA,한화,RESULT,9회말,False,False,normal
20170805OBLG02017,2017-08-05,OB,LG,두산,LG,RESULT,9회말,False,False,normal
20170805SKKT02017,2017-08-05,SK,KT,SK,KT,RESULT,9회초,False,False,normal
20170805SSNC02017,2017-08-05,SS,NC,삼성,NC,RESULT,9회말,False,False,normal
20170805WOLT02017,2017-08-05,WO,LT,넥센,롯데,RESULT,10회말,False,False,normal
20170806HTHH02017,2017-08-06,HT,HH,KIA,한화,BEFORE,경기취소,True,False,cancelled
20170806OBLG02017,2017-08-06,OB,LG,두산,LG,RESULT,9회말,False,False,normal
20170806SKKT02017,2017-08-06,SK,KT,SK,KT,RESULT,9회초,False,False,normal
20170806SSNC02017,2017-08-06,SS,NC,삼성,NC,RESULT,9회초,False,False,normal
20170806WOLT02017,2017-08-06,WO,LT,넥센,롯데,RESULT,9회초,False,False,normal
20170808HHOB02017,2017-08-08,HH,OB,한화,두산,RESULT,9회초,False,False,normal
20170808KTLT02017,2017-08-08,KT,LT,KT,롯데,RESULT,9회초,False,False,normal
20170808LGSS02017,2017-08-08,LG,SS,LG,삼성,RESULT,9회말,False,False,normal
20170808NCSK02017,2017-08-08,NC,SK,NC,SK,RESULT,9회초,False,False,normal
20170808WOHT02017,2017-08-08,WO,HT,넥센,KIA,RESULT,9회말,False,False,normal
20170809HHOB02017,2017-08-09,HH,OB,한화,두산,RESULT,9회말,False,False,normal
20170809KTLT02017,2017-08-09,KT,LT,KT,롯데,RESULT,9회초,False,False,normal
20170809LGSS02017,2017-08-09,LG,SS,LG,삼성,RESULT,9회초,False,False,normal
20170809NCSK02017,2017-08-09,NC,SK,NC,SK,RESULT,9회말,False,False,normal
20170809WOHT02017,2017-08-09,WO,HT,넥센,KIA,RESULT,9회초,False,False,normal
20170810HTKT02017,2017-08-10,HT,KT,KIA,KT,BEFORE,경기취소,True,False,cancelled
20170810LTNC02017,2017-08-10,LT,NC,롯데,NC,RESULT,9회말,False,False,normal
20170810OBWO02017,2017-08-10,OB,WO,두산,넥센,RESULT,9회말,False,False,normal
20170810SKLG02017,2017-08-10,SK,LG,SK,LG,RESULT,9회말,False,False,normal
20170810SSHH02017,2017-08-10,SS,HH,삼성,한화,BEFORE,경기취소,True,False,cancelled
20170811HTKT02017,2017-08-11,HT,KT,KIA,KT,RESULT,9회말,False,False,normal
20170811LTNC02017,2017-08-11,LT,NC,롯데,NC,RESULT,11회말,False,False,normal
20170811OBWO02017,2017-08-11,OB,WO,두산,넥센,RESULT,9회초,False,False,normal
20170811SKLG02017,2017-08-11,SK,LG,SK,LG,RESULT,9회초,False,False,normal
20170811SSHH02017,2017-08-11,SS,HH,삼성,한화,RESULT,9회초,False,False,normal
20170812HHWO02017,2017-08-12,HH,WO,한화,넥센,RESULT,9회말,False,False,normal
20170812KTSK02017,2017-08-12,KT,SK,KT,SK,RESULT,9회초,False,False,normal
20170812LGHT02017,2017-08-12,LG,HT,LG,KIA,RESULT,9회말,False,False,normal
20170812LTSS02017,2017-08-12,LT,SS,롯데,삼성,RESULT,9회초,False,False,normal
20170812NCOB02017,2017-08-12,NC,OB,NC,두산,RESULT,9회초,False,False,normal
20170813HHWO02017,2017-08-13,HH,WO,한화,넥센,RESULT,9회초,False,False,normal
20170813KTSK02017,2017-08-13,KT,SK,KT,SK,RESULT,9회말,False,False,normal
20170813LGHT02017,2017-08-13,LG,HT,LG,KIA,BEFORE,경기취소,True,False,cancelled
20170813LTSS02017,2017-08-13,LT,SS,롯데,삼성,RESULT,9회말,False,False,normal
20170813NCOB02017,2017-08-13,NC,OB,NC,두산,RESULT,9회말,False,False,normal
20170815KTLG02017,2017-08-15,KT,LG,KT,LG,BEFORE,경기취소,True,False,cancelled
20170815NCHT02017,2017-08-15,NC,HT,NC,KIA,RESULT,9회초,False,False,normal
20170815OBLT02017,2017-08-15,OB,LT,두산,롯데,RESULT,9회초,False,False,normal
20170815SKHH02017,2017-08-15,SK,HH,SK,한화,BEFORE,경기취소,True,False,cancelled
20170815WOSS02017,2017-08-15,WO,SS,넥센,삼성,BEFORE,경기취소,True,False,cancelled
20170816KTLG02017,2017-08-16,KT,LG,KT,LG,RESULT,10회말,False,False,normal
20170816NCHT02017,2017-08-16,NC,HT,NC,KIA,RESULT,9회초,False,False,normal
20170816OBLT02017,2017-08-16,OB,LT,두산,롯데,RESULT,9회초,False,False,normal
20170816SKHH02017,2017-08-16,SK,HH,SK,한화,RESULT,9회초,False,False,normal
20170816WOSS02017,2017-08-16,WO,SS,넥센,삼성,RESULT,9회말,False,False,normal
20170817HHNC02017,2017-08-17,HH,NC,한화,NC,RESULT,9회초,False,False,normal
20170817HTOB02017,2017-08-17,HT,OB,KIA,두산,RESULT,9회초,False,False,normal
20170817LGSK02017,2017-08-17,LG,SK,LG,SK,RESULT,9회초,False,False,normal
20170817LTWO02017,2017-08-17,LT,WO,롯데,넥센,RESULT,9회말,False,False,normal
20170817SSKT02017,2017-08-17,SS,KT,삼성,KT,RESULT,9회말,False,False,normal
20170818HHNC02017,2017-08-18,HH,NC,한화,NC,RESULT,9회말,False,False,normal
20170818HTOB02017,2017-08-18,HT,OB,KIA,두산,RESULT,9회초,False,False,normal
20170818LGSK02017,2017-08-18,LG,SK,LG,SK,RESULT,9회초,False,False,normal
20170818LTWO02017,2017-08-18,LT,WO,롯데,넥센,RESULT,12회말,False,False,normal
20170818SSKT02017,2017-08-18,SS,KT,삼성,KT,RESULT,10회말,False,False,normal
20170819LTHH02017,2017-08-19,LT,HH,롯데,한화,RESULT,9회초,False,False,normal
20170819NCWO02017,2017-08-19,NC,WO,NC,넥센,RESULT,9회초,False,False,normal
20170819OBKT02017,2017-08-19,OB,KT,두산,KT,RESULT,9회말,False,False,normal
20170819SKHT02017,2017-08-19,SK,HT,SK,KIA,RESULT,9회말,False,False,normal
20170819SSLG02017,2017-08-19,SS,LG,삼성,LG,RESULT,9회초,False,False,normal
20170820LTHH02017,2017-08-20,LT,HH,롯데,한화,RESULT,9회말,False,False,normal
20170820NCWO02017,2017-08-20,NC,WO,NC,넥센,RESULT,9회말,False,False,normal
20170820OBKT02017,2017-08-20,OB,KT,두산,KT,RESULT,6회초,False,False,called
20170820SKHT02017,2017-08-20,SK,HT,SK,KIA,BEFORE,경기취소,True,False,cancelled
20170820SSLG02017,2017-08-20,SS,LG,삼성,LG,BEFORE,경기취소,True,False,cancelled
20170822HHKT02017,2017-08-22,HH,KT,한화,KT,RESULT,9회말,False,False,normal
20170822LTHT02017,2017-08-22,LT,HT,롯데,KIA,RESULT,9회말,False,False,normal
20170822NCLG02017,2017-08-22,NC,LG,NC,LG,RESULT,10회말,False,False,normal
20170822OBSK02017,2017-08-22,OB,SK,두산,SK,RESULT,9회말,False,False,normal
20170822SSWO02017,2017-08-22,SS,WO,삼성,넥센,RESULT,9회초,False,False,normal
20170823HHKT02017,2017-08-23,HH,KT,한화,KT,RESULT,11회말,False,False,normal
20170823LTHT02017,2017-08-23,LT,HT,롯데,KIA,RESULT,9회말,False,False,normal
20170823NCLG02017,2017-08-23,NC,LG,NC,LG,RESULT,9회초,False,False,normal
20170823OBSK02017,2017-08-23,OB,SK,두산,SK,RESULT,9회말,False,False,normal
20170823SSWO02017,2017-08-23,SS,WO,삼성,넥센,RESULT,9회초,False,False,normal
20170824HTHH02017,2017-08-24,HT,HH,KIA,한화,BEFORE,경기취소,True,False,cancelled
20170824KTNC02017,2017-08-24,KT,NC,KT,NC,RESULT,9회초,False,False,normal
20170824LGLT02017,2017-08-24,LG,LT,LG,롯데,RESULT,9회초,False,False,normal
20170824SKSS02017,2017-08-24,SK,SS,SK,삼성,RESULT,9회말,False,False,normal
20170824WOOB02017,2017-08-24,WO,OB,넥센,두산,RESULT,9회초,False,False,normal
20170825HTHH02017,2017-08-25,HT,HH,KIA,한화,RESULT,9회초,False,False,normal
20170825KTNC02017,2017-08-25,KT,NC,KT,NC,RESULT,9회말,False,False,normal
20170825LGLT02017,2017-08-25,LG,LT,LG,롯데,RESULT,9회초,False,False,normal
20170825SKSS02017,2017-08-25,SK,SS,SK,삼성,RESULT,9회말,False,False,normal
20170825WOOB02017,2017-08-25,WO,OB,넥센,두산,RESULT,9회초,False,False,normal
20170826HHSK02017,2017-08-26,HH,SK,한화,SK,RESULT,9회초,False,False,normal
20170826HTNC02017,2017-08-26,HT,NC,KIA,NC,RESULT,9회말,False,False,normal
20170826KTSS02017,2017-08-26,KT,SS,KT,삼성,RESULT,9회초,False,False,normal
20170826LGOB02017,2017-08-26,LG,OB,LG,두산,RESULT,9회초,False,False,normal
20170826WOLT02017,2017-08-26,WO,LT,넥센,롯데,RESULT,9회초,False,False,normal
20170827HHSK02017,2017-08-27,HH,SK,한화,SK,RESULT,9회초,False,False,normal
20170827HTNC02017,2017-08-27,HT,NC,KIA,NC,RESULT,9회초,False,False,normal
20170827KTSS02017,2017-08-27,KT,SS,KT,삼성,RESULT,9회말,False,False,normal
20170827LGOB02017,2017-08-27,LG,OB,LG,두산,RESULT,12회말,False,False,normal
20170827WOLT02017,2017-08-27,WO,LT,넥센,롯데,RESULT,9회말,False,False,normal
20170829HTSS02017,2017-08-29,HT,SS,KIA,삼성,RESULT,9회말,False,False,normal
20170829LGHH02017,2017-08-29,LG,HH,LG,한화,RESULT,9회초,False,False,normal
20170829LTOB02017,2017-08-29,LT,OB,롯데,두산,RESULT,9회초,False,False,normal
20170829NCKT02017,2017-08-29,NC,KT,NC,KT,RESULT,9회말,False,False,normal
20170829SKWO02017,2017-08-29,SK,WO,SK,넥센,RESULT,9회초,False,False,normal
20170830HTSS02017,2017-08-30,HT,SS,KIA,삼성,RESULT,9회말,False,False,normal
20170830LGHH02017,2017-08-30,LG,HH,LG,한화,RESULT,9회말,False,False,normal
20170830LTOB02017,2017-08-30,LT,OB,롯데,두산,RESULT,9회말,False,False,normal
20170830NCKT02017,2017-08-30,NC,KT,NC,KT,RESULT,9회초,False,False,normal
20170830SKWO02017,2017-08-30,SK,WO,SK,넥센,RESULT,9회초,False,False,normal
20170831KTHH02017,2017-08-31,KT,HH,KT,한화,RESULT,9회초,False,False,normal
20170831NCLT02017,2017-08-31,NC,LT,NC,롯데,RESULT,9회초,False,False,normal
20170831OBHT02017,2017-08-31,OB,HT,두산,KIA,RESULT,9회초,False,False,normal
20170831SSSK02017,2017-08-31,SS,SK,삼성,SK,RESULT,9회말,False,False,normal
20170831WOLG02017,2017-08-31,WO,LG,넥센,LG,RESULT,9회말,False,False,normal
20170901KTHH02017,2017-09-01,KT,HH,KT,한화,RESULT,9회말,False,False,normal
20170901NCLT02017,2017-09-01,NC,LT,NC,롯데,RESULT,9회초,False,False,normal
20170901OBHT02017,2017-09-01,OB,HT,두산,KIA,RESULT,9회초,False,False,normal
20170901SSSK02017,2017-09-01,SS,SK,삼성,SK,RESULT,9회초,False,False,normal
20170901WOLG02017,2017-09-01,WO,LG,넥센,LG,RESULT,9회초,False,False,normal
20170902HHLT02017,2017-09-02,HH,LT,한화,롯데,RESULT,9회초,False,False,normal
20170902HTWO02017,2017-09-02,HT,WO,KIA,넥센,RESULT,9회말,False,False,normal
20170902LGNC02017,2017-09-02,LG,NC,LG,NC,RESULT,9회초,False,False,normal
20170902SKKT02017,2017-09-02,SK,KT,SK,KT,RESULT,9회말,False,False,normal
20170902SSOB02017,2017-09-02,SS,OB,삼성,두산,RESULT,9회말,False,False,normal
20170903HHLT02017,2017-09-03,HH,LT,한화,롯데,RESULT,9회초,False,False,normal
20170903HTWO02017,2017-09-03,HT,WO,KIA,넥센,RESULT,9회말,False,False,normal
20170903LGNC02017,2017-09-03,LG,NC,LG,NC,RESULT,9회초,False,False,normal
20170903SKKT02017,2017-09-03,SK,KT,SK,KT,RESULT,9회초,False,False,normal
20170903SSOB02017,2017-09-03,SS,OB,삼성,두산,RESULT,9회초,False,False,normal
20170905HTLG02017,2017-09-05,HT,LG,KIA,LG,RESULT,10회말,False,False,normal
20170905LTSK02017,2017-09-05,LT,SK,롯데,SK,RESULT,9회초,False,False,normal
20170905NCSS02017,2017-09-05,NC,SS,NC,삼성,RESULT,9회초,False,False,normal
20170905OBHH02017,2017-09-05,OB,HH,두산,한화,RESULT,9회초,False,False,normal
20170905WOKT02017,2017-09-05,WO,KT,넥센,KT,RESULT,9회초,False,False,normal
20170906HTLG02017,2017-09-06,HT,LG,KIA,LG,RESULT,9회초,False,False,normal
20170906LTSK02017,2017-09-06,LT,SK,롯데,SK,BEFORE,경기취소,True,False,cancelled
20170906NCSS02017,2017-09-06,NC,SS,NC,삼성,BEFORE,경기취소,True,False,cancelled
20170906OBHH02017,2017-09-06,OB,HH,두산,한화,RESULT,9회말,False,False,normal
20170906WOKT02017,2017-09-06,WO,KT,넥센,KT,RESULT,9회초,False,False,normal
20170907HHHT02017,2017-09-07,HH,HT,한화,KIA,RESULT,9회말,False,False,normal
20170907KTOB02017,2017-09-07,KT,OB,KT,두산,RESULT,10회말,False,False,normal
20170907LGWO02017,2017-09-07,LG,WO,LG,넥센,RESULT,12회말,False,False,normal
20170907SKNC02017,2017-09-07,SK,NC,SK,NC,RESULT,9회초,False,False,normal
20170907SSLT02017,2017-09-07,SS,LT,삼성,롯데,RESULT,9회말,False,False,normal
20170908HHHT02017,2017-09-08,HH,HT,한화,KIA,RESULT,9회초,False,False,normal
20170908KTOB02017,2017-09-08,KT,OB,KT,두산,RESULT,9회초,False,False,normal
20170908LGWO02017,2017-09-08,LG,WO,LG,넥센,RESULT,10회말,False,False,normal
20170908SKNC02017,2017-09-08,SK,NC,SK,NC,RESULT,9회초,False,False,normal
20170908SSLT02017,2017-09-08,SS,LT,삼성,롯데,RESULT,9회초,False,False,normal
20170909LTKT02017,2017-09-09,LT,KT,롯데,KT,RESULT,9회초,False,False,normal
20170909NCHH02017,2017-09-09,NC,HH,NC,한화,RESULT,9회초,False,False,normal
20170909OBLG02017,2017-09-09,OB,LG,두산,LG,RESULT,9회초,False,False,normal
20170909SSHT02017,2017-09-09,SS,HT,삼성,KIA,RESULT,11회말,False,False,normal
20170909WOSK02017,2017-09-09,WO,SK,넥센,SK,RESULT,9회말,False,False,normal
20170910LTKT02017,2017-09-10,LT,KT,롯데,KT,RESULT,9회말,False,False,normal
20170910NCHH02017,2017-09-10,NC,HH,NC,한화,RESULT,9회말,False,False,normal
20170910OBLG02017,2017-09-10,OB,LG,두산,LG,RESULT,9회말,False,False,normal
20170910SSHT02017,2017-09-10,SS,HT,삼성,KIA,RESULT,9회말,False,False,normal
20170910WOSK02017,2017-09-10,WO,SK,넥센,SK,RESULT,9회초,False,False,normal
20170912HHSS02017,2017-09-12,HH,SS,한화,삼성,RESULT,9회말,False,False,normal
20170912HTSK02017,2017-09-12,HT,SK,KIA,SK,RESULT,9회말,False,False,normal
20170912KTWO02017,2017-09-12,KT,WO,KT,넥센,RESULT,10회말,False,False,normal
20170912LTLG02017,2017-09-12,LT,LG,롯데,LG,RESULT,9회말,False,False,normal
20170912OBNC02017,2017-09-12,OB,NC,두산,NC,RESULT,9회말,False,False,normal
20170913HHSS02017,2017-09-13,HH,SS,한화,삼성,RESULT,9회초,False,False,normal
20170913HTSK02017,2017-09-13,HT,SK,KIA,SK,RESULT,9회초,False,False,normal
20170913KTWO02017,2017-09-13,KT,WO,KT,넥센,RESULT,9회초,False,False,normal
20170913LTLG02017,2017-09-13,LT,LG,롯데,LG,RESULT,9회초,False,False,normal
20170913OBNC02017,2017-09-13,OB,NC,두산,NC,RESULT,9회말,False,False,normal
20170914HTLT02017,2017-09-14,HT,LT,KIA,롯데,RESULT,9회말,False,False,normal
20170914LGKT02017,2017-09-14,LG,KT,LG,KT,RESULT,9회말,False,False,normal
20170914SKOB02017,2017-09-14,SK,OB,SK,두산,RESULT,9회말,False,False,normal
20170914SSNC02017,2017-09-14,SS,NC,삼성,NC,RESULT,12회말,False,False,normal
20170914WOHH02017,2017-09-14,WO,HH,넥센,한화,RESULT,9회초,False,False,normal
20170915HTLT02017,2017-09-15,HT,LT,KIA,롯데,RESULT,9회말,False,False,normal
20170915LGKT02017,2017-09-15,LG,KT,LG,KT,RESULT,11회말,False,False,normal
20170915SKOB02017,2017-09-15,SK,OB,SK,두산,RESULT,9회말,False,False,normal
20170915SSNC02017,2017-09-15,SS,NC,삼성,NC,RESULT,9회말,False,False,normal
20170915WOHH02017,2017-09-15,WO,HH,넥센,한화,RESULT,9회초,False,False,normal
20170916HHLG02017,2017-09-16,HH,LG,한화,LG,RESULT,9회말,False,False,normal
20170916KTHT02017,2017-09-16,KT,HT,KT,KIA,RESULT,9회초,False,False,normal
20170916OBSS02017,2017-09-16,OB,SS,두산,삼성,RESULT,9회말,False,False,normal
20170916SKLT02017,2017-09-16,SK,LT,SK,롯데,RESULT,9회초,False,False,normal
20170916WONC02017,2017-09-16,WO,NC,넥센,NC,RESULT,10회말,False,False,normal
20170917HHLG02017,2017-09-17,HH,LG,한화,LG,RESULT,9회초,False,False,normal
20170917KTHT02017,2017-09-17,KT,HT,KT,KIA,RESULT,9회초,False,False,normal
20170917OBSS02017,2017-09-17,OB,SS,두산,삼성,RESULT,9회말,False,False,normal
20170917SKLT02017,2017-09-17,SK,LT,SK,롯데,RESULT,9회초,False,False,normal
20170917WONC02017,2017-09-17,WO,NC,넥센,NC,RESULT,9회말,False,False,normal
20170919KTLG02017,2017-09-19,KT,LG,KT,LG,RESULT,9회말,False,False,normal
20170919OBLT02017,2017-09-19,OB,LT,두산,롯데,RESULT,9회말,False,False,normal
20170919SKHT02017,2017-09-19,SK,HT,SK,KIA,RESULT,9회말,False,False,normal
20170920HHLG02017,2017-09-20,HH,LG,한화,LG,RESULT,9회말,False,False,normal
20170920OBNC02017,2017-09-20,OB,NC,두산,NC,RESULT,9회말,False,False,normal
20170920SKHT02017,2017-09-20,SK,HT,SK,KIA,RESULT,9회말,False,False,normal
20170921LGSS02017,2017-09-21,LG,SS,LG,삼성,RESULT,9회초,False,False,normal
20170921WOKT02017,2017-09-21,WO,KT,넥센,KT,RESULT,9회말,False,False,normal
20170922LGSS02017,2017-09-22,LG,SS,LG,삼성,RESULT,9회말,False,False,normal
20170922LTHH02017,2017-09-22,LT,HH,롯데,한화,RESULT,9회말,False,False,normal
20170922OBHT02017,2017-09-22,OB,HT,두산,KIA,RESULT,9회말,False,False,normal
20170923KTHT02017,2017-09-23,KT,HT,KT,KIA,RESULT,9회초,False,False,normal
20170923LGNC02017,2017-09-23,LG,NC,LG,NC,RESULT,9회말,False,False,normal
20170923SSHH02017,2017-09-23,SS,HH,삼성,한화,STARTED,1회초,False,False,not_completed
20170923WOLT02017,2017-09-23,WO,LT,넥센,롯데,RESULT,9회초,False,False,normal
20170924HHHT02017,2017-09-24,HH,HT,한화,KIA,RESULT,9회말,False,False,normal
20170924KTOB02017,2017-09-24,KT,OB,KT,두산,RESULT,9회초,False,False,normal
20170924LGNC02017,2017-09-24,LG,NC,LG,NC,RESULT,9회말,False,False,normal
20170926HHLT02017,2017-09-26,HH,LT,한화,롯데,RESULT,9회초,False,False,normal
20170926LGHT02017,2017-09-26,LG,HT,LG,KIA,RESULT,9회초,False,False,normal
20170927NCSS02017,2017-09-27,NC,SS,NC,삼성,RESULT,9회말,False,False,normal
20170927OBKT02017,2017-09-27,OB,KT,두산,KT,RESULT,9회초,False,False,normal
20170928HTHH02017,2017-09-28,HT,HH,KIA,한화,RESULT,9회말,False,False,normal
20170928LGKT02017,2017-09-28,LG,KT,LG,KT,RESULT,9회말,False,False,normal
20170929HTHH02017,2017-09-29,HT,HH,KIA,한화,RESULT,9회말,False,False,normal
20170929LTSK02017,2017-09-29,LT,SK,롯데,SK,RESULT,9회말,False,False,normal
20170929OBLG02017,2017-09-29,OB,LG,두산,LG,RESULT,9회말,False,False,normal
20170929WONC02017,2017-09-29,WO,NC,넥센,NC,RESULT,9회초,False,False,normal
20170930SKHH02017,2017-09-30,SK,HH,SK,한화,RESULT,9회말,False,False,normal
20170930SSLG02017,2017-09-30,SS,LG,삼성,LG,RESULT,9회말,False,False,normal
20170930WONC02017,2017-09-30,WO,NC,넥센,NC,RESULT,9회초,False,False,normal
20171001HTKT02017,2017-10-01,HT,KT,KIA,KT,RESULT,9회초,False,False,normal
20171001OBHH02017,2017-10-01,OB,HH,두산,한화,RESULT,9회말,False,False,normal
20171001SSLG02017,2017-10-01,SS,LG,삼성,LG,RESULT,9회말,False,False,normal
20171002HTKT02017,2017-10-02,HT,KT,KIA,KT,RESULT,9회말,False,False,normal
20171003HTKT02017,2017-10-03,HT,KT,KIA,KT,RESULT,9회말,False,False,normal
20171003LGLT02017,2017-10-03,LG,LT,LG,롯데,RESULT,9회초,False,False,normal
20171003NCHH02017,2017-10-03,NC,HH,NC,한화,RESULT,12회말,False,False,normal
20171003SKOB02017,2017-10-03,SK,OB,SK,두산,RESULT,9회말,False,False,normal
20171003WOSS02017,2017-10-03,WO,SS,넥센,삼성,RESULT,9회초,False,False,normal
20180313LGLT02018,2018-03-13,LG,LT,LG,롯데,RESULT,9회말,False,False,normal
20180313OBHT02018,2018-03-13,OB,HT,두산,KIA,RESULT,9회초,False,False,normal
20180313SKNC02018,2018-03-13,SK,NC,SK,NC,RESULT,9회말,False,False,normal
20180313SSKT02018,2018-03-13,SS,KT,삼성,KT,RESULT,9회초,False,False,normal
20180313WOHH02018,2018-03-13,WO,HH,넥센,한화,RESULT,9회말,False,False,normal
20180314LGLT02018,2018-03-14,LG,LT,LG,롯데,RESULT,9회말,False,False,normal
20180314OBHT02018,2018-03-14,OB,HT,두산,KIA,RESULT,9회말,False,False,normal
20180314SKNC02018,2018-03-14,SK,NC,SK,NC,RESULT,9회말,False,False,normal
20180314SSKT02018,2018-03-14,SS,KT,삼성,KT,RESULT,9회초,False,False,normal
20180314WOHH02018,2018-03-14,WO,HH,넥센,한화,RESULT,9회초,False,False,normal
20180315KTHH02018,2018-03-15,KT,HH,KT,한화,BEFORE,경기취소,True,False,cancelled
20180315LGNC02018,2018-03-15,LG,NC,LG,NC,BEFORE,경기취소,True,False,cancelled
20180315OBLT02018,2018-03-15,OB,LT,두산,롯데,BEFORE,경기취소,True,False,cancelled
20180315SKSS02018,2018-03-15,SK,SS,SK,삼성,BEFORE,경기취소,True,False,cancelled
20180315WOHT02018,2018-03-15,WO,HT,넥센,KIA,BEFORE,경기취소,True,False,cancelled
20180316KTHH02018,2018-03-16,KT,HH,KT,한화,RESULT,9회말,False,False,normal
20180316LGNC02018,2018-03-16,LG,NC,LG,NC,RESULT,9회초,False,False,normal
20180316OBLT02018,2018-03-16,OB,LT,두산,롯데,RESULT,9회초,False,False,normal
20180316SKSS02018,2018-03-16,SK,SS,SK,삼성,RESULT,9회말,False,False,normal
20180316WOHT02018,2018-03-16,WO,HT,넥센,KIA,RESULT,9회초,False,False,normal
20180317HTSS02018,2018-03-17,HT,SS,KIA,삼성,RESULT,9회말,False,False,normal
20180317LGOB02018,2018-03-17,LG,OB,LG,두산,RESULT,9회초,False,False,normal
20180317LTKT02018,2018-03-17,LT,KT,롯데,KT,RESULT,9회말,False,False,normal
20180317NCHH02018,2018-03-17,NC,HH,NC,한화,RESULT,9회초,False,False,normal
20180317WOSK02018,2018-03-17,WO,SK,넥센,SK,RESULT,9회초,False,False,normal
20180318HTSS02018,2018-03-18,HT,SS,KIA,삼성,RESULT,9회말,False,False,normal
20180318LTKT02018,2018-03-18,LT,KT,롯데,KT,RESULT,9회말,False,False,normal
20180318NCHH02018,2018-03-18,NC,HH,NC,한화,RESULT,9회초,False,False,normal
20180318OBLG02018,2018-03-18,OB,LG,두산,LG,RESULT,9회초,False,False,normal
20180318WOSK02018,2018-03-18,WO,SK,넥센,SK,RESULT,9회말,False,False,normal
20180320HHOB02018,2018-03-20,HH,OB,한화,두산,RESULT,9회초,False,False,normal
20180320HTLT02018,2018-03-20,HT,LT,KIA,롯데,BEFORE,경기취소,True,False,cancelled
20180320KTSK02018,2018-03-20,KT,SK,KT,SK,RESULT,9회말,False,False,normal
20180320LGWO02018,2018-03-20,LG,WO,LG,넥센,RESULT,9회말,False,False,normal
20180320NCSS02018,2018-03-20,NC,SS,NC,삼성,RESULT,5회말,False,False,called
20180321HHOB02018,2018-03-21,HH,OB,한화,두산,BEFORE,경기취소,True,False,cancelled
20180321HTLT02018,2018-03-21,HT,LT,KIA,롯데,BEFORE,경기취소,True,False,cancelled
20180321KTSK02018,2018-03-21,KT,SK,KT,SK,BEFORE,경기취소,True,False,cancelled
20180321LGWO02018,2018-03-21,LG,WO,LG,넥센,RESULT,9회초,False,False,normal
20180321NCSS02018,2018-03-21,NC,SS,NC,삼성,BEFORE,경기취소,True,False,cancelled
20180324HHWO02018,2018-03-24,HH,WO,한화,넥센,RESULT,9회초,False,False,normal
20180324KTHT02018,2018-03-24,KT,HT,KT,KIA,RESULT,9회말,False,False,normal
20180324LGNC02018,2018-03-24,LG,NC,LG,NC,RESULT,9회초,False,False,normal
20180324LTSK02018,2018-03-24,LT,SK,롯데,SK,RESULT,9회초,False,False,normal
20180324SSOB02018,2018-03-24,SS,OB,삼성,두산,RESULT,9회말,False,False,normal
20180325HHWO02018,2018-03-25,HH,WO,한화,넥센,RESULT,9회말,False,False,normal
20180325KTHT02018,2018-03-25,KT,HT,KT,KIA,RESULT,9회초,False,False,normal
20180325LGNC02018,2018-03-25,LG,NC,LG,NC,RESULT,9회초,False,False,normal
20180325LTSK02018,2018-03-25,LT,SK,롯데,SK,RESULT,9회초,False,False,normal
20180325SSOB02018,2018-03-25,SS,OB,삼성,두산,RESULT,9회초,False,False,normal
20180327HHNC02018,2018-03-27,HH,NC,한화,NC,RESULT,9회초,False,False,normal
20180327KTSK02018,2018-03-27,KT,SK,KT,SK,RESULT,9회초,False,False,normal
20180327LGWO02018,2018-03-27,LG,WO,LG,넥센,RESULT,10회말,False,False,normal
20180327LTOB02018,2018-03-27,LT,OB,롯데,두산,RESULT,9회초,False,False,normal
20180327SSHT02018,2018-03-27,SS,HT,삼성,KIA,RESULT,9회초,False,False,normal
20180328HHNC02018,2018-03-28,HH,NC,한화,NC,RESULT,9회말,False,False,normal
20180328KTSK02018,2018-03-28,KT,SK,KT,SK,RESULT,9회말,False,False,normal
20180328LGWO02018,2018-03-28,LG,WO,LG,넥센,RESULT,9회말,False,False,normal
20180328LTOB02018,2018-03-28,LT,OB,롯데,두산,RESULT,9회초,False,False,normal
20180328SSHT02018,2018-03-28,SS,HT,삼성,KIA,RESULT,9회말,False,False,normal
20180329HHNC02018,2018-03-29,HH,NC,한화,NC,RESULT,9회초,False,False,normal
20180329KTSK02018,2018-03-29,KT,SK,KT,SK,RESULT,9회말,False,False,normal
20180329LGWO02018,2018-03-29,LG,WO,LG,넥센,RESULT,9회초,False,False,normal
20180329LTOB02018,2018-03-29,LT,OB,롯데,두산,RESULT,9회초,False,False,normal
20180329SSHT02018,2018-03-29,SS,HT,삼성,KIA,RESULT,9회초,False,False,normal
20180330HTLG02018,2018-03-30,HT,LG,KIA,LG,RESULT,9회말,False,False,normal
20180330NCLT02018,2018-03-30,NC,LT,NC,롯데,RESULT,9회말,False,False,normal
20180330OBKT02018,2018-03-30,OB,KT,두산,KT,RESULT,9회말,False,False,normal
20180330SKHH02018,2018-03-30,SK,HH,SK,한화,RESULT,9회말,False,False,normal
20180330WOSS02018,2018-03-30,WO,SS,넥센,삼성,RESULT,12회말,False,False,normal
20180331HTLG02018,2018-03-31,HT,LG,KIA,LG,RESULT,9회초,False,False,normal
20180331NCLT02018,2018-03-31,NC,LT,NC,롯데,RESULT,9회말,False,False,normal
20180331OBKT02018,2018-03-31,OB,KT,두산,KT,RESULT,9회초,False,False,normal
20180331SKHH02018,2018-03-31,SK,HH,SK,한화,RESULT,9회말,False,False,normal
20180331WOSS02018,2018-03-31,WO,SS,넥센,삼성,RESULT,9회말,False,False,normal
20180401HTLG02018,2018-04-01,HT,LG,KIA,LG,RESULT,9회말,False,False,normal
20180401NCLT02018,2018-04-01,NC,LT,NC,롯데,RESULT,9회초,False,False,normal
20180401OBKT02018,2018-04-01,OB,KT,두산,KT,RESULT,9회초,False,False,normal
20180401SKHH02018,2018-04-01,SK,HH,SK,한화,RESULT,9회말,False,False,normal
20180401WOSS02018,2018-04-01,WO,SS,넥센,삼성,RESULT,9회초,False,False,normal
20180403HTSK02018,2018-04-03,HT,SK,KIA,SK,RESULT,9회초,False,False,normal
20180403KTWO02018,2018-04-03,KT,WO,KT,넥센,RESULT,9회말,False,False,normal
20180403LGOB02018,2018-04-03,LG,OB,LG,두산,RESULT,11회말,False,False,normal
20180403LTHH02018,2018-04-03,LT,HH,롯데,한화,RESULT,9회초,False,False,normal
20180403SSNC02018,2018-04-03,SS,NC,삼성,NC,RESULT,10회말,False,False,normal
20180404HTSK02018,2018-04-04,HT,SK,KIA,SK,RESULT,10회말,False,False,normal
20180404KTWO02018,2018-04-04,KT,WO,KT,넥센,RESULT,9회초,False,False,normal
20180404LGOB02018,2018-04-04,LG,OB,LG,두산,RESULT,9회초,False,False,normal
20180404LTHH02018,2018-04-04,LT,HH,롯데,한화,RESULT,9회초,False,False,normal
20180404SSNC02018,2018-04-04,SS,NC,삼성,NC,RESULT,9회초,False,False,normal
20180405HTSK02018,2018-04-05,HT,SK,KIA,SK,BEFORE,경기취소,True,False,cancelled
20180405KTWO02018,2018-04-05,KT,WO,KT,넥센,RESULT,10회말,False,False,normal
20180405LGOB02018,2018-04-05,LG,OB,LG,두산,BEFORE,경기취소,True,False,cancelled
20180405LTHH02018,2018-04-05,LT,HH,롯데,한화,BEFORE,경기취소,True,False,cancelled
20180405SSNC02018,2018-04-05,SS,NC,삼성,NC,RESULT,9회말,False,False,normal
20180406HHKT02018,2018-04-06,HH,KT,한화,KT,BEFORE,경기취소,True,False,cancelled
20180406LGLT02018,2018-04-06,LG,LT,LG,롯데,RESULT,9회말,False,False,normal
20180406NCOB02018,2018-04-06,NC,OB,NC,두산,BEFORE,경기취소,True,False,cancelled
20180406SSSK02018,2018-04-06,SS,SK,삼성,SK,BEFORE,경기취소,True,False,cancelled
20180406WOHT02018,2018-04-06,WO,HT,넥센,KIA,RESULT,9회초,False,False,normal
20180407HHKT02018,2018-04-07,HH,KT,한화,KT,RESULT,9회초,False,False,normal
20180407LGLT02018,2018-04-07,LG,LT,LG,롯데,RESULT,9회초,False,False,normal
20180407NCOB02018,2018-04-07,NC,OB,NC,두산,RESULT,9회초,False,False,normal
20180407SSSK02018,2018-04-07,SS,SK,삼성,SK,RESULT,12회말,False,False,normal
20180407WOHT02018,2018-04-07,WO,HT,넥센,KIA,RESULT,9회초,False,False,normal
20180408HHKT02018,2018-04-08,HH,KT,한화,KT,RESULT,10회말,False,False,normal
20180408LGLT02018,2018-04-08,LG,LT,LG,롯데,RESULT,9회말,False,False,normal
20180408NCOB02018,2018-04-08,NC,OB,NC,두산,RESULT,9회말,False,False,normal
20180408SSSK02018,2018-04-08,SS,SK,삼성,SK,RESULT,9회말,False,False,normal
20180408WOHT02018,2018-04-08,WO,HT,넥센,KIA,RESULT,9회초,False,False,normal
20180410HTHH02018,2018-04-10,HT,HH,KIA,한화,RESULT,9회초,False,False,normal
20180410KTNC02018,2018-04-10,KT,NC,KT,NC,RESULT,9회말,False,False,normal
20180410OBSS02018,2018-04-10,OB,SS,두산,삼성,RESULT,9회말,False,False,normal
20180410SKLG02018,2018-04-10,SK,LG,SK,LG,RESULT,9회말,False,False,normal
20180410WOLT02018,2018-04-10,WO,LT,넥센,롯데,RESULT,9회초,False,False,normal
20180411HTHH02018,2018-04-11,HT,HH,KIA,한화,RESULT,9회초,False,False,normal
20180411KTNC02018,2018-04-11,KT,NC,KT,NC,RESULT,9회말,False,False,normal
20180411OBSS02018,2018-04-11,OB,SS,두산,삼성,RESULT,9회말,False,False,normal
20180411SKLG02018,2018-04-11,SK,LG,SK,LG,RESULT,9회초,False,False,normal
20180411WOLT02018,2018-04-11,WO,LT,넥센,롯데,RESULT,9회초,False,False,normal
20180412HTHH02018,2018-04-12,HT,HH,KIA,한화,RESULT,9회초,False,False,normal
20180412KTNC02018,2018-04-12,KT,NC,KT,NC,RESULT,9회말,False,False,normal
20180412OBSS02018,2018-04-12,OB,SS,두산,삼성,RESULT,9회말,False,False,normal
20180412SKLG02018,2018-04-12,SK,LG,SK,LG,RESULT,9회말,False,False,normal
20180412WOLT02018,2018-04-12,WO,LT,넥센,롯데,RESULT,9회말,False,False,normal
20180413KTLG02018,2018-04-13,KT,LG,KT,LG,RESULT,9회초,False,False,normal
20180413LTHT02018,2018-04-13,LT,HT,롯데,KIA,RESULT,9회말,False,False,normal
20180413NCSK02018,2018-04-13,NC,SK,NC,SK,RESULT,9회초,False,False,normal
20180413OBWO02018,2018-04-13,OB,WO,두산,넥센,RESULT,9회말,False,False,normal
20180413SSHH02018,2018-04-13,SS,HH,삼성,한화,RESULT,9회말,False,False,normal
20180414KTLG02018,2018-04-14,KT,LG,KT,LG,RESULT,9회초,False,False,normal
20180414LTHT02018,2018-04-14,LT,HT,롯데,KIA,BEFORE,경기취소,True,False,cancelled
20180414NCSK02018,2018-04-14,NC,SK,NC,SK,RESULT,9회초,False,False,normal
20180414OBWO02018,2018-04-14,OB,WO,두산,넥센,RESULT,9회초,False,False,normal
20180414SSHH02018,2018-04-14,SS,HH,삼성,한화,RESULT,9회초,False,False,normal
20180415KTLG02018,2018-04-15,KT,LG,KT,LG,RESULT,9회초,False,False,normal
20180415LTHT02018,2018-04-15,LT,HT,롯데,KIA,BEFORE,경기취소,True,False,cancelled
20180415NCSK02018,2018-04-15,NC,SK,NC,SK,RESULT,9회초,False,False,normal
20180415OBWO02018,2018-04-15,OB,WO,두산,넥센,RESULT,9회말,False,False,normal
20180415SSHH02018,2018-04-15,SS,HH,삼성,한화,RESULT,9회초,False,False,normal
20180417HHOB02018,2018-04-17,HH,OB,한화,두산,RESULT,9회말,False,False,normal
20180417LGHT02018,2018-04-17,LG,HT,LG,KIA,RESULT,9회말,False,False,normal
20180417NCWO02018,2018-04-17,NC,WO,NC,넥센,RESULT,11회말,False,False,normal
20180417SKKT02018,2018-04-17,SK,KT,SK,KT,RESULT,9회말,False,False,normal
20180417SSLT02018,2018-04-17,SS,LT,삼성,롯데,RESULT,9회말,False,False,normal
20180418HHOB02018,2018-04-18,HH,OB,한화,두산,RESULT,9회초,False,False,normal
20180418LGHT02018,2018-04-18,LG,HT,LG,KIA,RESULT,9회초,False,False,normal
20180418NCWO02018,2018-04-18,NC,WO,NC,넥센,RESULT,9회말,False,False,normal
20180418SKKT02018,2018-04-18,SK,KT,SK,KT,RESULT,9회말,False,False,normal
20180418SSLT02018,2018-04-18,SS,LT,삼성,롯데,RESULT,12회말,False,False,normal
20180419HHOB02018,2018-04-19,HH,OB,한화,두산,RESULT,9회초,False,False,normal
20180419LGHT02018,2018-04-19,LG,HT,LG,KIA,RESULT,9회초,False,False,normal
20180419NCWO02018,2018-04-19,NC,WO,NC,넥센,RESULT,9회초,False,False,normal
20180419SKKT02018,2018-04-19,SK,KT,SK,KT,RESULT,9회말,False,False,normal
20180419SSLT02018,2018-04-19,SS,LT,삼성,롯데,RESULT,9회말,False,False,normal
20180420HTOB02018,2018-04-20,HT,OB,KIA,두산,RESULT,9회초,False,False,normal
20180420KTSS02018,2018-04-20,KT,SS,KT,삼성,RESULT,9회말,False,False,normal
20180420LGNC02018,2018-04-20,LG,NC,LG,NC,RESULT,9회말,False,False,normal
20180420SKLT02018,2018-04-20,SK,LT,SK,롯데,RESULT,9회초,False,False,normal
20180420WOHH02018,2018-04-20,WO,HH,넥센,한화,RESULT,9회말,False,False,normal
20180421HTOB02018,2018-04-21,HT,OB,KIA,두산,RESULT,9회초,False,False,normal
20180421KTSS02018,2018-04-21,KT,SS,KT,삼성,RESULT,9회초,False,False,normal
20180421LGNC02018,2018-04-21,LG,NC,LG,NC,RESULT,9회말,False,False,normal
20180421SKLT02018,2018-04-21,SK,LT,SK,롯데,RESULT,9회말,False,False,normal
20180421WOHH02018,2018-04-21,WO,HH,넥센,한화,RESULT,9회말,False,False,normal
20180422HTOB02018,2018-04-22,HT,OB,KIA,두산,RESULT,9회말,False,False,normal
20180422KTSS02018,2018-04-22,KT,SS,KT,삼성,RESULT,9회말,False,False,normal
20180422LGNC02018,2018-04-22,LG,NC,LG,NC,RESULT,9회말,False,False,normal
20180422SKLT02018,2018-04-22,SK,LT,SK,롯데,RESULT,9회말,False,False,normal
20180422WOHH02018,2018-04-22,WO,HH,넥센,한화,RESULT,9회말,False,False,normal
20180424HHHT02018,2018-04-24,HH,HT,한화,KIA,BEFORE,경기취소,True,False,cancelled
20180424LTKT02018,2018-04-24,LT,KT,롯데,KT,RESULT,9회말,False,False,normal
20180424NCSS02018,2018-04-24,NC,SS,NC,삼성,RESULT,9회초,False,False,normal
20180424OBSK02018,2018-04-24,OB,SK,두산,SK,RESULT,9회말,False,False,normal
20180424WOLG02018,2018-04-24,WO,LG,넥센,LG,RESULT,9회초,False,False,normal
20180425HHHT02018,2018-04-25,HH,HT,한화,KIA,RESULT,9회말,False,False,normal
20180425LTKT02018,2018-04-25,LT,KT,롯데,KT,RESULT,9회말,False,False,normal
20180425NCSS02018,2018-04-25,NC,SS,NC,삼성,RESULT,9회말,False,False,normal
20180425OBSK02018,2018-04-25,OB,SK,두산,SK,RESULT,10회말,False,False,normal
20180425WOLG02018,2018-04-25,WO,LG,넥센,LG,RESULT,9회초,False,False,normal
20180426HHHT02018,2018-04-26,HH,HT,한화,KIA,RESULT,9회말,False,False,normal
20180426LTKT02018,2018-04-26,LT,KT,롯데,KT,RESULT,9회초,False,False,normal
20180426NCSS02018,2018-04-26,NC,SS,NC,삼성,RESULT,9회말,False,False,normal
20180426OBSK02018,2018-04-26,OB,SK,두산,SK,RESULT,9회초,False,False,normal
20180426WOLG02018,2018-04-26,WO,LG,넥센,LG,RESULT,9회초,False,False,normal
20180427HHLT02018,2018-04-27,HH,LT,한화,롯데,RESULT,9회초,False,False,normal
20180427HTKT02018,2018-04-27,HT,KT,KIA,KT,RESULT,9회말,False,False,normal
20180427OBNC02018,2018-04-27,OB,NC,두산,NC,RESULT,9회말,False,False,normal
20180427SKWO02018,2018-04-27,SK,WO,SK,넥센,RESULT,9회말,False,False,normal
20180427SSLG02018,2018-04-27,SS,LG,삼성,LG,RESULT,9회초,False,False,normal
20180428HHLT02018,2018-04-28,HH,LT,한화,롯데,RESULT,9회말,False,False,normal
20180428HTKT02018,2018-04-28,HT,KT,KIA,KT,RESULT,9회초,False,False,normal
20180428OBNC02018,2018-04-28,OB,NC,두산,NC,RESULT,9회초,False,False,normal
20180428SKWO02018,2018-04-28,SK,WO,SK,넥센,RESULT,9회말,False,False,normal
20180428SSLG02018,2018-04-28,SS,LG,삼성,LG,RESULT,9회초,False,False,normal
20180429HHLT02018,2018-04-29,HH,LT,한화,롯데,RESULT,9회초,False,False,normal
20180429HTKT02018,2018-04-29,HT,KT,KIA,KT,RESULT,9회초,False,False,normal
20180429OBNC02018,2018-04-29,OB,NC,두산,NC,RESULT,9회말,False,False,normal
20180429SKWO02018,2018-04-29,SK,WO,SK,넥센,RESULT,9회초,False,False,normal
20180429SSLG02018,2018-04-29,SS,LG,삼성,LG,RESULT,9회말,False,False,normal
20180501HTLT02018,2018-05-01,HT,LT,KIA,롯데,RESULT,9회초,False,False,normal
20180501KTOB02018,2018-05-01,KT,OB,KT,두산,RESULT,9회초,False,False,normal
20180501LGHH02018,2018-05-01,LG,HH,LG,한화,RESULT,9회초,False,False,normal
20180501SKSS02018,2018-05-01,SK,SS,SK,삼성,RESULT,9회말,False,False,normal
20180501WONC02018,2018-05-01,WO,NC,넥센,NC,RESULT,9회말,False,False,normal
20180502HTLT02018,2018-05-02,HT,LT,KIA,롯데,RESULT,9회말,False,False,normal
20180502KTOB02018,2018-05-02,KT,OB,KT,두산,BEFORE,경기취소,True,False,cancelled
20180502LGHH02018,2018-05-02,LG,HH,LG,한화,RESULT,9회말,False,False,normal
20180502SKSS02018,2018-05-02,SK,SS,SK,삼성,RESULT,9회말,False,False,normal
20180502WONC02018,2018-05-02,WO,NC,넥센,NC,RESULT,9회초,False,False,normal
20180503HTLT02018,2018-05-03,HT,LT,KIA,롯데,RESULT,9회말,False,False,normal
20180503KTOB02018,2018-05-03,KT,OB,KT,두산,RESULT,11회말,False,False,normal
20180503LGHH02018,2018-05-03,LG,HH,LG,한화,RESULT,9회초,False,False,normal
20180503SKSS02018,2018-05-03,SK,SS,SK,삼성,RESULT,9회초,False,False,normal
20180503WONC02018,2018-05-03,WO,NC,넥센,NC,RESULT,9회말,False,False,normal
20180504HHSS02018,2018-05-04,HH,SS,한화,삼성,RESULT,9회말,False,False,normal
20180504LTSK02018,2018-05-04,LT,SK,롯데,SK,RESULT,9회초,False,False,normal
20180504NCHT02018,2018-05-04,NC,HT,NC,KIA,RESULT,9회말,False,False,normal
20180504OBLG02018,2018-05-04,OB,LG,두산,LG,RESULT,9회말,False,False,normal
20180504WOKT02018,2018-05-04,WO,KT,넥센,KT,RESULT,9회말,False,False,normal
20180505HHSS02018,2018-05-05,HH,SS,한화,삼성,RESULT,9회초,False,False,normal
20180505LTSK02018,2018-05-05,LT,SK,롯데,SK,RESULT,9회말,False,False,normal
20180505NCHT02018,2018-05-05,NC,HT,NC,KIA,RESULT,9회초,False,False,normal
20180505OBLG02018,2018-05-05,OB,LG,두산,LG,RESULT,9회말,False,False,normal
20180505WOKT02018,2018-05-05,WO,KT,넥센,KT,RESULT,9회말,False,False,normal
20180506HHSS02018,2018-05-06,HH,SS,한화,삼성,BEFORE,경기취소,True,False,cancelled
20180506LTSK02018,2018-05-06,LT,SK,롯데,SK,BEFORE,경기취소,True,False,cancelled
20180506NCHT02018,2018-05-06,NC,HT,NC,KIA,RESULT,9회초,False,False,normal
20180506OBLG02018,2018-05-06,OB,LG,두산,LG,RESULT,9회말,False,False,normal
20180506WOKT02018,2018-05-06,WO,KT,넥센,KT,BEFORE,경기취소,True,False,cancelled
20180508HHWO02018,2018-05-08,HH,WO,한화,넥센,RESULT,9회말,False,False,normal
20180508LTLG02018,2018-05-08,LT,LG,롯데,LG,RESULT,9회말,False,False,normal
20180508OBHT02018,2018-05-08,OB,HT,두산,KIA,RESULT,9회초,False,False,normal
20180508SKNC02018,2018-05-08,SK,NC,SK,NC,RESULT,9회초,False,False,normal
20180508SSKT02018,2018-05-08,SS,KT,삼성,KT,RESULT,9회말,False,False,normal
20180509HHWO02018,2018-05-09,HH,WO,한화,넥센,RESULT,9회말,False,False,normal
20180509LTLG02018,2018-05-09,LT,LG,롯데,LG,RESULT,9회초,False,False,normal
20180509OBHT02018,2018-05-09,OB,HT,두산,KIA,RESULT,9회말,False,False,normal
20180509SKNC02018,2018-05-09,SK,NC,SK,NC,RESULT,9회말,False,False,normal
20180509SSKT02018,2018-05-09,SS,KT,삼성,KT,RESULT,9회말,False,False,normal
20180510HHWO02018,2018-05-10,HH,WO,한화,넥센,RESULT,9회말,False,False,normal
20180510LTLG02018,2018-05-10,LT,LG,롯데,LG,RESULT,9회말,False,False,normal
20180510OBHT02018,2018-05-10,OB,HT,두산,KIA,RESULT,11회말,False,False,normal
20180510SKNC02018,2018-05-10,SK,NC,SK,NC,RESULT,9회말,False,False,normal
20180510SSKT02018,2018-05-10,SS,KT,삼성,KT,RESULT,11회말,False,False,normal
20180511HTSS02018,2018-05-11,HT,SS,KIA,삼성,RESULT,9회초,False,False,normal
20180511KTLT02018,2018-05-11,KT,LT,KT,롯데,RESULT,9회초,False,False,normal
20180511LGSK02018,2018-05-11,LG,SK,LG,SK,RESULT,9회말,False,False,normal
20180511NCHH02018,2018-05-11,NC,HH,NC,한화,RESULT,11회말,False,False,normal
20180511WOOB02018,2018-05-11,WO,OB,넥센,두산,RESULT,9회말,False,False,normal
20180512HTSS02018,2018-05-12,HT,SS,KIA,삼성,BEFORE,경기취소,True,False,cancelled
20180512KTLT02018,2018-05-12,KT,LT,KT,롯데,BEFORE,경기취소,True,False,cancelled
20180512LGSK02018,2018-05-12,LG,SK,LG,SK,BEFORE,경기취소,True,False,cancelled
20180512NCHH02018,2018-05-12,NC,HH,NC,한화,BEFORE,경기취소,True,False,cancelled
20180512WOOB02018,2018-05-12,WO,OB,넥센,두산,BEFORE,경기취소,True,False,cancelled
20180513HTSS02018,2018-05-13,HT,SS,KIA,삼성,RESULT,9회말,False,False,normal
20180513KTLT02018,2018-05-13,KT,LT,KT,롯데,RESULT,9회초,False,False,normal
20180513LGSK02018,2018-05-13,LG,SK,LG,SK,RESULT,9회초,False,False,normal
20180513NCHH02018,2018-05-13,NC,HH,NC,한화,RESULT,9회초,False,False,normal
20180513WOOB02018,2018-05-13,WO,OB,넥센,두산,RESULT,9회말,False,False,normal
20180515HTWO02018,2018-05-15,HT,WO,KIA,넥센,RESULT,9회말,False,False,normal
20180515KTHH02018,2018-05-15,KT,HH,KT,한화,RESULT,9회말,False,False,normal
20180515LGSS02018,2018-05-15,LG,SS,LG,삼성,RESULT,9회초,False,False,normal
20180515LTNC02018,2018-05-15,LT,NC,롯데,NC,RESULT,10회말,False,False,normal
20180515SKOB02018,2018-05-15,SK,OB,SK,두산,RESULT,9회말,False,False,normal
20180516HTWO02018,2018-05-16,HT,WO,KIA,넥센,RESULT,9회말,False,False,normal
20180516KTHH02018,2018-05-16,KT,HH,KT,한화,RESULT,9회초,False,False,normal
20180516LGSS02018,2018-05-16,LG,SS,LG,삼성,RESULT,9회말,False,False,normal
20180516LTNC02018,2018-05-16,LT,NC,롯데,NC,BEFORE,경기취소,True,False,cancelled
20180516SKOB02018,2018-05-16,SK,OB,SK,두산,RESULT,9회초,False,False,normal
20180517HTWO02018,2018-05-17,HT,WO,KIA,넥센,RESULT,9회초,False,False,normal
20180517KTHH02018,2018-05-17,KT,HH,KT,한화,RESULT,9회초,False,False,normal
20180517LGSS02018,2018-05-17,LG,SS,LG,삼성,RESULT,9회말,False,False,normal
20180517LTNC02018,2018-05-17,LT,NC,롯데,NC,RESULT,9회말,False,False,normal
20180517SKOB02018,2018-05-17,SK,OB,SK,두산,BEFORE,경기취소,True,False,cancelled
20180518HHLG02018,2018-05-18,HH,LG,한화,LG,RESULT,9회말,False,False,normal
20180518NCKT02018,2018-05-18,NC,KT,NC,KT,RESULT,9회말,False,False,normal
20180518OBLT02018,2018-05-18,OB,LT,두산,롯데,RESULT,9회말,False,False,normal
20180518SKHT02018,2018-05-18,SK,HT,SK,KIA,RESULT,9회초,False,False,normal
20180518SSWO02018,2018-05-18,SS,WO,삼성,넥센,RESULT,9회말,False,False,normal
20180519HHLG02018,2018-05-19,HH,LG,한화,LG,RESULT,9회말,False,False,normal
20180519NCKT02018,2018-05-19,NC,KT,NC,KT,RESULT,9회말,False,False,normal
20180519OBLT02018,2018-05-19,OB,LT,두산,롯데,RESULT,9회초,False,False,normal
20180519SKHT02018,2018-05-19,SK,HT,SK,KIA,RESULT,9회초,False,False,normal
20180519SSWO02018,2018-05-19,SS,WO,삼성,넥센,RESULT,9회초,False,False,normal
20180520HHLG02018,2018-05-20,HH,LG,한화,LG,RESULT,9회초,False,False,normal
20180520NCKT02018,2018-05-20,NC,KT,NC,KT,RESULT,9회초,False,False,normal
20180520OBLT02018,2018-05-20,OB,LT,두산,롯데,RESULT,10회말,False,False,normal
20180520SKHT02018,2018-05-20,SK,HT,SK,KIA,RESULT,9회초,False,False,normal
20180520SSWO02018,2018-05-20,SS,WO,삼성,넥센,RESULT,9회말,False,False,normal
20180522KTHT02018,2018-05-22,KT,HT,KT,KIA,RESULT,9회초,False,False,normal
20180522LTSS02018,2018-05-22,LT,SS,롯데,삼성,RESULT,9회초,False,False,normal
20180522NCLG02018,2018-05-22,NC,LG,NC,LG,RESULT,9회초,False,False,normal
20180522OBHH02018,2018-05-22,OB,HH,두산,한화,RESULT,11회말,False,False,normal
20180522WOSK02018,2018-05-22,WO,SK,넥센,SK,RESULT,9회말,False,False,normal
20180523KTHT02018,2018-05-23,KT,HT,KT,KIA,RESULT,9회말,False,False,normal
20180523LTSS02018,2018-05-23,LT,SS,롯데,삼성,RESULT,9회초,False,False,normal
20180523NCLG02018,2018-05-23,NC,LG,NC,LG,RESULT,9회초,False,False,normal
20180523OBHH02018,2018-05-23,OB,HH,두산,한화,RESULT,9회초,False,False,normal
20180523WOSK02018,2018-05-23,WO,SK,넥센,SK,RESULT,9회초,False,False,normal
20180524KTHT02018,2018-05-24,KT,HT,KT,KIA,RESULT,9회말,False,False,normal
20180524LTSS02018,2018-05-24,LT,SS,롯데,삼성,RESULT,9회초,False,False,normal
20180524NCLG02018,2018-05-24,NC,LG,NC,LG,RESULT,9회초,False,False,normal
20180524OBHH02018,2018-05-24,OB,HH,두산,한화,RESULT,9회말,False,False,normal
20180524WOSK02018,2018-05-24,WO,SK,넥센,SK,RESULT,9회초,False,False,normal
20180525HHSK02018,2018-05-25,HH,SK,한화,SK,RESULT,9회초,False,False,normal
20180525HTNC02018,2018-05-25,HT,NC,KIA,NC,RESULT,9회말,False,False,normal
20180525LGKT02018,2018-05-25,LG,KT,LG,KT,RESULT,9회초,False,False,normal
20180525LTWO02018,2018-05-25,LT,WO,롯데,넥센,RESULT,9회초,False,False,normal
20180525SSOB02018,2018-05-25,SS,OB,삼성,두산,RESULT,9회말,False,False,normal
20180526HHSK02018,2018-05-26,HH,SK,한화,SK,RESULT,9회초,False,False,normal
20180526HTNC02018,2018-05-26,HT,NC,KIA,NC,RESULT,9회초,False,False,normal
20180526LGKT02018,2018-05-26,LG,KT,LG,KT,RESULT,9회말,False,False,normal
20180526LTWO02018,2018-05-26,LT,WO,롯데,넥센,RESULT,9회초,False,False,normal
20180526SSOB02018,2018-05-26,SS,OB,삼성,두산,RESULT,9회초,False,False,normal
20180527HHSK02018,2018-05-27,HH,SK,한화,SK,RESULT,10회말,False,False,normal
20180527HTNC02018,2018-05-27,HT,NC,KIA,NC,RESULT,9회말,False,False,normal
20180527LGKT02018,2018-05-27,LG,KT,LG,KT,RESULT,9회초,False,False,normal
20180527LTWO02018,2018-05-27,LT,WO,롯데,넥센,RESULT,9회말,False,False,normal
20180527SSOB02018,2018-05-27,SS,OB,삼성,두산,RESULT,9회초,False,False,normal
20180529KTSS02018,2018-05-29,KT,SS,KT,삼성,RESULT,9회말,False,False,normal
20180529LGLT02018,2018-05-29,LG,LT,LG,롯데,RESULT,9회말,False,False,normal
20180529NCHH02018,2018-05-29,NC,HH,NC,한화,RESULT,9회초,False,False,normal
20180529SKOB02018,2018-05-29,SK,OB,SK,두산,BEFORE,경기취소,True,False,cancelled
20180529WOHT02018,2018-05-29,WO,HT,넥센,KIA,RESULT,9회말,False,False,normal
20180530KTSS02018,2018-05-30,KT,SS,KT,삼성,RESULT,9회초,False,False,normal
20180530LGLT02018,2018-05-30,LG,LT,LG,롯데,RESULT,9회말,False,False,normal
20180530NCHH02018,2018-05-30,NC,HH,NC,한화,RESULT,9회초,False,False,normal
20180530SKOB02018,2018-05-30,SK,OB,SK,두산,RESULT,9회초,False,False,normal
20180530WOHT02018,2018-05-30,WO,HT,넥센,KIA,RESULT,9회말,False,False,normal
20180531KTSS02018,2018-05-31,KT,SS,KT,삼성,RESULT,9회초,False,False,normal
20180531LGLT02018,2018-05-31,LG,LT,LG,롯데,RESULT,9회말,False,False,normal
20180531NCHH02018,2018-05-31,NC,HH,NC,한화,RESULT,9회말,False,False,normal
20180531SKOB02018,2018-05-31,SK,OB,SK,두산,RESULT,9회말,False,False,normal
20180531WOHT02018,2018-05-31,WO,HT,넥센,KIA,RESULT,9회초,False,False,normal
20180601HHLT02018,2018-06-01,HH,LT,한화,롯데,RESULT,9회말,False,False,normal
20180601KTSK02018,2018-06-01,KT,SK,KT,SK,RESULT,9회초,False,False,normal
20180601OBHT02018,2018-06-01,OB,HT,두산,KIA,RESULT,9회말,False,False,normal
20180601SSNC02018,2018-06-01,SS,NC,삼성,NC,RESULT,9회말,False,False,normal
20180601WOLG02018,2018-06-01,WO,LG,넥센,LG,RESULT,9회초,False,False,normal
20180602HHLT02018,2018-06-02,HH,LT,한화,롯데,RESULT,9회말,False,False,normal
20180602KTSK02018,2018-06-02,KT,SK,KT,SK,RESULT,9회초,False,False,normal
20180602OBHT02018,2018-06-02,OB,HT,두산,KIA,RESULT,9회말,False,False,normal
20180602SSNC02018,2018-06-02,SS,NC,삼성,NC,RESULT,9회말,False,False,normal
20180602WOLG02018,2018-06-02,WO,LG,넥센,LG,RESULT,9회초,False,False,normal
20180603HHLT02018,2018-06-03,HH,LT,한화,롯데,RESULT,9회초,False,False,normal
20180603KTSK02018,2018-06-03,KT,SK,KT,SK,RESULT,9회말,False,False,normal
20180603OBHT02018,2018-06-03,OB,HT,두산,KIA,RESULT,10회말,False,False,normal
20180603SSNC02018,2018-06-03,SS,NC,삼성,NC,RESULT,9회말,False,False,normal
20180603WOLG02018,2018-06-03,WO,LG,넥센,LG,RESULT,9회초,False,False,normal
20180605HHLG02018,2018-06-05,HH,LG,한화,LG,RESULT,9회초,False,False,normal
20180605HTKT02018,2018-06-05,HT,KT,KIA,KT,RESULT,9회말,False,False,normal
20180605LTNC02018,2018-06-05,LT,NC,롯데,NC,RESULT,9회말,False,False,normal
20180605OBWO02018,2018-06-05,OB,WO,두산,넥센,RESULT,9회초,False,False,normal
20180605SSSK02018,2018-06-05,SS,SK,삼성,SK,RESULT,9회초,False,False,normal
20180606HHLG02018,2018-06-06,HH,LG,한화,LG,RESULT,9회말,False,False,normal
20180606HTKT02018,2018-06-06,HT,KT,KIA,KT,RESULT,9회말,False,False,normal
20180606LTNC02018,2018-06-06,LT,NC,롯데,NC,RESULT,9회말,False,False,normal
20180606OBWO02018,2018-06-06,OB,WO,두산,넥센,RESULT,9회말,False,False,normal
20180606SSSK02018,2018-06-06,SS,SK,삼성,SK,RESULT,9회초,False,False,normal
20180607HHLG02018,2018-06-07,HH,LG,한화,LG,RESULT,9회초,False,False,normal
20180607HTKT02018,2018-06-07,HT,KT,KIA,KT,RESULT,9회말,False,False,normal
20180607LTNC02018,2018-06-07,LT,NC,롯데,NC,RESULT,9회초,False,False,normal
20180607OBWO02018,2018-06-07,OB,WO,두산,넥센,RESULT,9회말,False,False,normal
20180607SSSK02018,2018-06-07,SS,SK,삼성,SK,RESULT,9회말,False,False,normal
20180608HTLT02018,2018-06-08,HT,LT,KIA,롯데,RESULT,9회초,False,False,normal
20180608LGSS02018,2018-06-08,LG,SS,LG,삼성,RESULT,9회말,False,False,normal
20180608NCOB02018,2018-06-08,NC,OB,NC,두산,RESULT,9회초,False,False,normal
20180608SKHH02018,2018-06-08,SK,HH,SK,한화,RESULT,9회초,False,False,normal
20180608WOKT02018,2018-06-08,WO,KT,넥센,KT,RESULT,9회말,False,False,normal
20180609HTLT02018,2018-06-09,HT,LT,KIA,롯데,RESULT,9회말,False,False,normal
20180609LGSS02018,2018-06-09,LG,SS,LG,삼성,RESULT,9회말,False,False,normal
20180609NCOB02018,2018-06-09,NC,OB,NC,두산,RESULT,9회초,False,False,normal
20180609SKHH02018,2018-06-09,SK,HH,SK,한화,RESULT,10회말,False,False,normal
20180609WOKT02018,2018-06-09,WO,KT,넥센,KT,RESULT,9회초,False,False,normal
20180610HTLT02018,2018-06-10,HT,LT,KIA,롯데,BEFORE,경기취소,True,False,cancelled
20180610LGSS02018,2018-06-10,LG,SS,LG,삼성,RESULT,9회초,False,False,normal
20180610NCOB02018,2018-06-10,NC,OB,NC,두산,RESULT,9회말,False,False,normal
20180610SKHH02018,2018-06-10,SK,HH,SK,한화,RESULT,9회말,False,False,normal
20180610WOKT02018,2018-06-10,WO,KT,넥센,KT,RESULT,9회말,False,False,normal
20180612HHWO02018,2018-06-12,HH,WO,한화,넥센,RESULT,9회말,False,False,normal
20180612KTOB02018,2018-06-12,KT,OB,KT,두산,RESULT,9회말,False,False,normal
20180612LGNC02018,2018-06-12,LG,NC,LG,NC,RESULT,9회초,False,False,normal
20180612SKHT02018,2018-06-12,SK,HT,SK,KIA,RESULT,9회초,False,False,normal
20180612SSLT02018,2018-06-12,SS,LT,삼성,롯데,RESULT,9회말,False,False,normal
20180613HHWO02018,2018-06-13,HH,WO,한화,넥센,RESULT,9회초,False,False,normal
20180613KTOB02018,2018-06-13,KT,OB,KT,두산,RESULT,9회초,False,False,normal
20180613LGNC02018,2018-06-13,LG,NC,LG,NC,RESULT,9회초,False,False,normal
20180613SKHT02018,2018-06-13,SK,HT,SK,KIA,RESULT,9회말,False,False,normal
20180613SSLT02018,2018-06-13,SS,LT,삼성,롯데,RESULT,11회말,False,False,normal
20180614HHWO02018,2018-06-14,HH,WO,한화,넥센,RESULT,9회말,False,False,normal
20180614KTOB02018,2018-06-14,KT,OB,KT,두산,RESULT,9회초,False,False,normal
20180614LGNC02018,2018-06-14,LG,NC,LG,NC,RESULT,9회초,False,False,normal
20180614SKHT02018,2018-06-14,SK,HT,SK,KIA,RESULT,9회말,False,False,normal
20180614SSLT02018,2018-06-14,SS,LT,삼성,롯데,RESULT,9회말,False,False,normal
20180615HTLG02018,2018-06-15,HT,LG,KIA,LG,RESULT,9회말,False,False,normal
20180615KTNC02018,2018-06-15,KT,NC,KT,NC,RESULT,9회초,False,False,normal
20180615LTSK02018,2018-06-15,LT,SK,롯데,SK,RESULT,9회말,False,False,normal
20180615OBHH02018,2018-06-15,OB,HH,두산,한화,RESULT,9회말,False,False,normal
20180615SSWO02018,2018-06-15,SS,WO,삼성,넥센,RESULT,9회초,False,False,normal
20180616HTLG02018,2018-06-16,HT,LG,KIA,LG,RESULT,9회말,False,False,normal
20180616KTNC02018,2018-06-16,KT,NC,KT,NC,RESULT,9회초,False,False,normal
20180616LTSK02018,2018-06-16,LT,SK,롯데,SK,RESULT,9회말,False,False,normal
20180616OBHH02018,2018-06-16,OB,HH,두산,한화,RESULT,9회말,False,False,normal
20180616SSWO02018,2018-06-16,SS,WO,삼성,넥센,RESULT,9회초,False,False,normal
20180617HTLG02018,2018-06-17,HT,LG,KIA,LG,RESULT,9회초,False,False,normal
20180617KTNC02018,2018-06-17,KT,NC,KT,NC,RESULT,9회말,False,False,normal
20180617LTSK02018,2018-06-17,LT,SK,롯데,SK,RESULT,9회말,False,False,normal
20180617OBHH02018,2018-06-17,OB,HH,두산,한화,RESULT,9회초,False,False,normal
20180617SSWO02018,2018-06-17,SS,WO,삼성,넥센,RESULT,9회초,False,False,normal
20180619LGHH02018,2018-06-19,LG,HH,LG,한화,RESULT,9회말,False,False,normal
20180619LTKT02018,2018-06-19,LT,KT,롯데,KT,RESULT,9회말,False,False,normal
20180619NCHT02018,2018-06-19,NC,HT,NC,KIA,BEFORE,경기취소,True,False,cancelled
20180619SKSS02018,2018-06-19,SK,SS,SK,삼성,RESULT,5회말,False,False,called
20180619WOOB02018,2018-06-19,WO,OB,넥센,두산,RESULT,10회말,False,False,normal
20180620LGHH02018,2018-06-20,LG,HH,LG,한화,RESULT,9회초,False,False,normal
20180620LTKT02018,2018-06-20,LT,KT,롯데,KT,RESULT,9회말,False,False,normal
20180620NCHT02018,2018-06-20,NC,HT,NC,KIA,RESULT,9회초,False,False,normal
20180620SKSS02018,2018-06-20,SK,SS,SK,삼성,RESULT,9회초,False,False,normal
20180620WOOB02018,2018-06-20,WO,OB,넥센,두산,RESULT,9회말,False,False,normal
20180621LGHH02018,2018-06-21,LG,HH,LG,한화,RESULT,9회말,False,False,normal
20180621LTKT02018,2018-06-21,LT,KT,롯데,KT,RESULT,12회말,False,False,normal
20180621NCHT02018,2018-06-21,NC,HT,NC,KIA,RESULT,9회말,False,False,normal
20180621SKSS02018,2018-06-21,SK,SS,SK,삼성,RESULT,9회말,False,False,normal
20180621WOOB02018,2018-06-21,WO,OB,넥센,두산,RESULT,9회초,False,False,normal
20180622HHNC02018,2018-06-22,HH,NC,한화,NC,RESULT,9회말,False,False,normal
20180622HTWO02018,2018-06-22,HT,WO,KIA,넥센,RESULT,9회말,False,False,normal
20180622LTLG02018,2018-06-22,LT,LG,롯데,LG,RESULT,9회초,False,False,normal
20180622OBSS02018,2018-06-22,OB,SS,두산,삼성,RESULT,9회초,False,False,normal
20180622SKKT02018,2018-06-22,SK,KT,SK,KT,RESULT,9회말,False,False,normal
20180623HHNC02018,2018-06-23,HH,NC,한화,NC,RESULT,9회말,False,False,normal
20180623HTWO02018,2018-06-23,HT,WO,KIA,넥센,RESULT,9회초,False,False,normal
20180623LTLG02018,2018-06-23,LT,LG,롯데,LG,RESULT,9회초,False,False,normal
20180623OBSS02018,2018-06-23,OB,SS,두산,삼성,RESULT,9회말,False,False,normal
20180623SKKT02018,2018-06-23,SK,KT,SK,KT,RESULT,9회말,False,False,normal
20180624HHNC02018,2018-06-24,HH,NC,한화,NC,RESULT,9회말,False,False,normal
20180624HTWO02018,2018-06-24,HT,WO,KIA,넥센,RESULT,9회말,False,False,normal
20180624LTLG02018,2018-06-24,LT,LG,롯데,LG,RESULT,12회말,False,False,normal
20180624OBSS02018,2018-06-24,OB,SS,두산,삼성,RESULT,9회말,False,False,normal
20180624SKKT02018,2018-06-24,SK,KT,SK,KT,RESULT,9회초,False,False,normal
20180626HTSK02018,2018-06-26,HT,SK,KIA,SK,BEFORE,경기취소,True,False,cancelled
20180626KTLG02018,2018-06-26,KT,LG,KT,LG,BEFORE,경기취소,True,False,cancelled
20180626OBNC02018,2018-06-26,OB,NC,두산,NC,RESULT,9회초,False,False,normal
20180626SSHH02018,2018-06-26,SS,HH,삼성,한화,RESULT,9회말,False,False,normal
20180626WOLT02018,2018-06-26,WO,LT,넥센,롯데,RESULT,9회말,False,False,normal
20180627HTSK02018,2018-06-27,HT,SK,KIA,SK,RESULT,9회초,False,False,normal
20180627KTLG02018,2018-06-27,KT,LG,KT,LG,RESULT,9회초,False,False,normal
20180627OBNC02018,2018-06-27,OB,NC,두산,NC,RESULT,9회말,False,False,normal
20180627SSHH02018,2018-06-27,SS,HH,삼성,한화,RESULT,9회초,False,False,normal
20180627WOLT02018,2018-06-27,WO,LT,넥센,롯데,RESULT,12회말,False,False,normal
20180628HTSK02018,2018-06-28,HT,SK,KIA,SK,BEFORE,경기취소,True,False,cancelled
20180628KTLG02018,2018-06-28,KT,LG,KT,LG,BEFORE,경기취소,True,False,cancelled
20180628OBNC02018,2018-06-28,OB,NC,두산,NC,RESULT,9회말,False,False,normal
20180628SSHH02018,2018-06-28,SS,HH,삼성,한화,RESULT,9회초,False,False,normal
20180628WOLT02018,2018-06-28,WO,LT,넥센,롯데,RESULT,9회초,False,False,normal
20180629HTOB02018,2018-06-29,HT,OB,KIA,두산,RESULT,10회말,False,False,normal
20180629LGSK02018,2018-06-29,LG,SK,LG,SK,RESULT,9회초,False,False,normal
20180629LTHH02018,2018-06-29,LT,HH,롯데,한화,RESULT,9회초,False,False,normal
20180629NCKT02018,2018-06-29,NC,KT,NC,KT,RESULT,9회초,False,False,normal
20180629WOSS02018,2018-06-29,WO,SS,넥센,삼성,RESULT,9회말,False,False,normal
20180630HTOB02018,2018-06-30,HT,OB,KIA,두산,RESULT,9회초,False,False,normal
20180630LGSK02018,2018-06-30,LG,SK,LG,SK,RESULT,9회말,False,False,normal
20180630LTHH02018,2018-06-30,LT,HH,롯데,한화,RESULT,9회말,False,False,normal
20180630NCKT02018,2018-06-30,NC,KT,NC,KT,RESULT,6회초,False,False,called
20180630WOSS02018,2018-06-30,WO,SS,넥센,삼성,BEFORE,경기취소,True,False,cancelled
20180701HTOB02018,2018-07-01,HT,OB,KIA,두산,BEFORE,경기취소,True,False,cancelled
20180701LGSK02018,2018-07-01,LG,SK,LG,SK,BEFORE,경기취소,True,False,cancelled
20180701LTHH02018,2018-07-01,LT,HH,롯데,한화,BEFORE,경기취소,True,False,cancelled
20180701NCKT02018,2018-07-01,NC,KT,NC,KT,BEFORE,경기취소,True,False,cancelled
20180701WOSS02018,2018-07-01,WO,SS,넥센,삼성,RESULT,9회말,False,False,normal
20180703HHHT02018,2018-07-03,HH,HT,한화,KIA,RESULT,9회초,False,False,normal
20180703NCLG02018,2018-07-03,NC,LG,NC,LG,RESULT,10회말,False,False,normal
20180703OBLT02018,2018-07-03,OB,LT,두산,롯데,BEFORE,경기취소,True,False,cancelled
20180703SKWO02018,2018-07-03,SK,WO,SK,넥센,RESULT,9회말,False,False,normal
20180703SSKT02018,2018-07-03,SS,KT,삼성,KT,BEFORE,경기취소,True,False,cancelled
20180704HHHT02018,2018-07-04,HH,HT,한화,KIA,RESULT,9회초,False,False,normal
20180704NCLG02018,2018-07-04,NC,LG,NC,LG,RESULT,9회초,False,False,normal
20180704OBLT02018,2018-07-04,OB,LT,두산,롯데,RESULT,9회말,False,False,normal
20180704SKWO02018,2018-07-04,SK,WO,SK,넥센,RESULT,12회말,False,False,normal
20180704SSKT02018,2018-07-04,SS,KT,삼성,KT,RESULT,9회초,False,False,normal
20180705HHHT02018,2018-07-05,HH,HT,한화,KIA,RESULT,9회말,False,False,normal
20180705NCLG02018,2018-07-05,NC,LG,NC,LG,RESULT,9회말,False,False,normal
20180705OBLT02018,2018-07-05,OB,LT,두산,롯데,RESULT,9회말,False,False,normal
20180705SKWO02018,2018-07-05,SK,WO,SK,넥센,RESULT,9회초,False,False,normal
20180705SSKT02018,2018-07-05,SS,KT,삼성,KT,RESULT,12회말,False,False,normal
20180706HHSK02018,2018-07-06,HH,SK,한화,SK,RESULT,9회초,False,False,normal
20180706KTLT02018,2018-07-06,KT,LT,KT,롯데,RESULT,9회초,False,False,normal
20180706LGHT02018,2018-07-06,LG,HT,LG,KIA,RESULT,9회초,False,False,normal
20180706NCWO02018,2018-07-06,NC,WO,NC,넥센,RESULT,9회초,False,False,normal
20180706SSOB02018,2018-07-06,SS,OB,삼성,두산,RESULT,9회초,False,False,normal
20180707HHSK02018,2018-07-07,HH,SK,한화,SK,RESULT,9회초,False,False,normal
20180707KTLT02018,2018-07-07,KT,LT,KT,롯데,RESULT,9회말,False,False,normal
20180707LGHT02018,2018-07-07,LG,HT,LG,KIA,RESULT,9회말,False,False,normal
20180707NCWO02018,2018-07-07,NC,WO,NC,넥센,RESULT,9회초,False,False,normal
20180707SSOB02018,2018-07-07,SS,OB,삼성,두산,RESULT,9회초,False,False,normal
20180708HHSK02018,2018-07-08,HH,SK,한화,SK,RESULT,9회말,False,False,normal
20180708KTLT02018,2018-07-08,KT,LT,KT,롯데,RESULT,9회초,False,False,normal
20180708LGHT02018,2018-07-08,LG,HT,LG,KIA,RESULT,9회말,False,False,normal
20180708NCWO02018,2018-07-08,NC,WO,NC,넥센,RESULT,9회말,False,False,normal
20180708SSOB02018,2018-07-08,SS,OB,삼성,두산,RESULT,9회말,False,False,normal
20180710HTNC02018,2018-07-10,HT,NC,KIA,NC,RESULT,9회초,False,False,normal
20180710LTSS02018,2018-07-10,LT,SS,롯데,삼성,RESULT,9회초,False,False,normal
20180710OBKT02018,2018-07-10,OB,KT,두산,KT,RESULT,9회초,False,False,normal
20180710SKLG02018,2018-07-10,SK,LG,SK,LG,RESULT,9회말,False,False,normal
20180710WOHH02018,2018-07-10,WO,HH,넥센,한화,RESULT,9회초,False,False,normal
20180711HTNC02018,2018-07-11,HT,NC,KIA,NC,RESULT,9회초,False,False,normal
20180711LTSS02018,2018-07-11,LT,SS,롯데,삼성,RESULT,9회초,False,False,normal
20180711OBKT02018,2018-07-11,OB,KT,두산,KT,RESULT,9회말,False,False,normal
20180711SKLG02018,2018-07-11,SK,LG,SK,LG,RESULT,9회초,False,False,normal
20180711WOHH02018,2018-07-11,WO,HH,넥센,한화,RESULT,9회말,False,False,normal
20180712HTNC02018,2018-07-12,HT,NC,KIA,NC,RESULT,9회초,False,False,normal
20180712LTSS02018,2018-07-12,LT,SS,롯데,삼성,RESULT,9회초,False,False,normal
20180712OBKT02018,2018-07-12,OB,KT,두산,KT,RESULT,9회초,False,False,normal
20180712SKLG02018,2018-07-12,SK,LG,SK,LG,RESULT,9회말,False,False,normal
20180712WOHH02018,2018-07-12,WO,HH,넥센,한화,RESULT,9회초,False,False,normal
20180717HHKT02018,2018-07-17,HH,KT,한화,KT,RESULT,9회말,False,False,normal
20180717LGWO02018,2018-07-17,LG,WO,LG,넥센,RESULT,9회말,False,False,normal
20180717LTOB02018,2018-07-17,LT,OB,롯데,두산,RESULT,9회말,False,False,normal
20180717NCSK02018,2018-07-17,NC,SK,NC,SK,RESULT,9회초,False,False,normal
20180717SSHT02018,2018-07-17,SS,HT,삼성,KIA,RESULT,9회초,False,False,normal
20180718HHKT02018,2018-07-18,HH,KT,한화,KT,RESULT,12회말,False,False,normal
20180718LGWO02018,2018-07-18,LG,WO,LG,넥센,RESULT,9회말,False,False,normal
20180718LTOB02018,2018-07-18,LT,OB,롯데,두산,RESULT,9회초,False,False,normal
20180718NCSK02018,2018-07-18,NC,SK,NC,SK,RESULT,9회말,False,False,normal
20180718SSHT02018,2018-07-18,SS,HT,삼성,KIA,RESULT,9회말,False,False,normal
20180719HHKT02018,2018-07-19,HH,KT,한화,KT,RESULT,9회초,False,False,normal
20180719LGWO02018,2018-07-19,LG,WO,LG,넥센,RESULT,9회말,False,False,normal
20180719LTOB02018,2018-07-19,LT,OB,롯데,두산,RESULT,9회초,False,False,normal
20180719NCSK02018,2018-07-19,NC,SK,NC,SK,RESULT,9회초,False,False,normal
20180719SSHT02018,2018-07-19,SS,HT,삼성,KIA,RESULT,9회말,False,False,normal
20180720HHSS02018,2018-07-20,HH,SS,한화,삼성,RESULT,9회말,False,False,normal
20180720KTHT02018,2018-07-20,KT,HT,KT,KIA,RESULT,9회초,False,False,normal
20180720OBLG02018,2018-07-20,OB,LG,두산,LG,RESULT,12회말,False,False,normal
20180720SKLT02018,2018-07-20,SK,LT,SK,롯데,RESULT,9회말,False,False,normal
20180720WONC02018,2018-07-20,WO,NC,넥센,NC,RESULT,9회초,False,False,normal
20180721HHSS02018,2018-07-21,HH,SS,한화,삼성,RESULT,9회말,False,False,normal
20180721KTHT02018,2018-07-21,KT,HT,KT,KIA,RESULT,9회초,False,False,normal
20180721OBLG02018,2018-07-21,OB,LG,두산,LG,RESULT,9회말,False,False,normal
20180721SKLT02018,2018-07-21,SK,LT,SK,롯데,RESULT,9회말,False,False,normal
20180721WONC02018,2018-07-21,WO,NC,넥센,NC,RESULT,9회말,False,False,normal
20180722HHSS02018,2018-07-22,HH,SS,한화,삼성,RESULT,9회말,False,False,normal
20180722KTHT02018,2018-07-22,KT,HT,KT,KIA,RESULT,9회말,False,False,normal
20180722OBLG02018,2018-07-22,OB,LG,두산,LG,RESULT,9회말,False,False,normal
20180722SKLT02018,2018-07-22,SK,LT,SK,롯데,RESULT,9회초,False,False,normal
20180722WONC02018,2018-07-22,WO,NC,넥센,NC,RESULT,9회말,False,False,normal
20180724HTHH02018,2018-07-24,HT,HH,KIA,한화,RESULT,9회초,False,False,normal
20180724KTWO02018,2018-07-24,KT,WO,KT,넥센,RESULT,9회말,False,False,normal
20180724NCLT02018,2018-07-24,NC,LT,NC,롯데,RESULT,12회말,False,False,normal
20180724OBSK02018,2018-07-24,OB,SK,두산,SK,RESULT,9회초,False,False,normal
20180724SSLG02018,2018-07-24,SS,LG,삼성,LG,RESULT,9회말,False,False,normal
20180725HTHH02018,2018-07-25,HT,HH,KIA,한화,RESULT,9회말,False,False,normal
20180725KTWO02018,2018-07-25,KT,WO,KT,넥센,RESULT,9회초,False,False,normal
20180725NCLT02018,2018-07-25,NC,LT,NC,롯데,RESULT,9회말,False,False,normal
20180725OBSK02018,2018-07-25,OB,SK,두산,SK,RESULT,9회초,False,False,normal
20180725SSLG02018,2018-07-25,SS,LG,삼성,LG,RESULT,9회말,False,False,normal
20180726HTHH02018,2018-07-26,HT,HH,KIA,한화,RESULT,9회초,False,False,normal
20180726KTWO02018,2018-07-26,KT,WO,KT,넥센,RESULT,9회말,False,False,normal
20180726NCLT02018,2018-07-26,NC,LT,NC,롯데,RESULT,9회초,False,False,normal
20180726OBSK02018,2018-07-26,OB,SK,두산,SK,RESULT,9회초,False,False,normal
20180726SSLG02018,2018-07-26,SS,LG,삼성,LG,RESULT,9회말,False,False,normal
20180727HHOB02018,2018-07-27,HH,OB,한화,두산,RESULT,9회말,False,False,normal
20180727HTSS02018,2018-07-27,HT,SS,KIA,삼성,RESULT,11회말,False,False,normal
20180727LGKT02018,2018-07-27,LG,KT,LG,KT,RESULT,9회초,False,False,normal
20180727LTWO02018,2018-07-27,LT,WO,롯데,넥센,RESULT,9회말,False,False,normal
20180727SKNC02018,2018-07-27,SK,NC,SK,NC,RESULT,9회말,False,False,normal
20180728HHOB02018,2018-07-28,HH,OB,한화,두산,RESULT,9회초,False,False,normal
20180728HTSS02018,2018-07-28,HT,SS,KIA,삼성,RESULT,9회초,False,False,normal
20180728LGKT02018,2018-07-28,LG,KT,LG,KT,RESULT,9회말,False,False,normal
20180728LTWO02018,2018-07-28,LT,WO,롯데,넥센,RESULT,9회말,False,False,normal
20180728SKNC02018,2018-07-28,SK,NC,SK,NC,RESULT,9회말,False,False,normal
20180729HHOB02018,2018-07-29,HH,OB,한화,두산,RESULT,9회초,False,False,normal
20180729HTSS02018,2018-07-29,HT,SS,KIA,삼성,RESULT,9회초,False,False,normal
20180729LGKT02018,2018-07-29,LG,KT,LG,KT,RESULT,9회말,False,False,normal
20180729LTWO02018,2018-07-29,LT,WO,롯데,넥센,RESULT,9회말,False,False,normal
20180729SKNC02018,2018-07-29,SK,NC,SK,NC,RESULT,9회초,False,False,normal
20180731KTHH02018,2018-07-31,KT,HH,KT,한화,RESULT,9회말,False,False,normal
20180731LGOB02018,2018-07-31,LG,OB,LG,두산,RESULT,9회초,False,False,normal
20180731LTHT02018,2018-07-31,LT,HT,롯데,KIA,RESULT,9회초,False,False,normal
20180731NCSS02018,2018-07-31,NC,SS,NC,삼성,RESULT,12회말,False,False,normal
20180731WOSK02018,2018-07-31,WO,SK,넥센,SK,RESULT,9회말,False,False,normal
20180801KTHH02018,2018-08-01,KT,HH,KT,한화,RESULT,9회초,False,False,normal
20180801LGOB02018,2018-08-01,LG,OB,LG,두산,RESULT,9회초,False,False,normal
20180801LTHT02018,2018-08-01,LT,HT,롯데,KIA,RESULT,9회초,False,False,normal
20180801NCSS02018,2018-08-01,NC,SS,NC,삼성,RESULT,9회말,False,False,normal
20180801WOSK02018,2018-08-01,WO,SK,넥센,SK,RESULT,9회초,False,False,normal
20180802KTHH02018,2018-08-02,KT,HH,KT,한화,RESULT,9회말,False,False,normal
20180802LGOB02018,2018-08-02,LG,OB,LG,두산,RESULT,9회초,False,False,normal
20180802LTHT02018,2018-08-02,LT,HT,롯데,KIA,RESULT,9회말,False,False,normal
20180802NCSS02018,2018-08-02,NC,SS,NC,삼성,RESULT,9회초,False,False,normal
20180802WOSK02018,2018-08-02,WO,SK,넥센,SK,RESULT,9회말,False,False,normal
20180804NCHH02018,2018-08-04,NC,HH,NC,한화,RESULT,9회말,False,False,normal
20180804OBHT02018,2018-08-04,OB,HT,두산,KIA,RESULT,9회초,False,False,normal
20180804SKLG02018,2018-08-04,SK,LG,SK,LG,RESULT,9회말,False,False,normal
20180804SSLT02018,2018-08-04,SS,LT,삼성,롯데,RESULT,9회초,False,False,normal
20180804WOKT02018,2018-08-04,WO,KT,넥센,KT,RESULT,9회말,False,False,normal
20180805NCHH02018,2018-08-05,NC,HH,NC,한화,RESULT,9회말,False,False,normal
20180805OBHT02018,2018-08-05,OB,HT,두산,KIA,RESULT,9회초,False,False,normal
20180805SKLG02018,2018-08-05,SK,LG,SK,LG,RESULT,9회말,False,False,normal
20180805SSLT02018,2018-08-05,SS,LT,삼성,롯데,RESULT,9회말,False,False,normal
20180805WOKT02018,2018-08-05,WO,KT,넥센,KT,RESULT,9회말,False,False,normal
20180807HHOB02018,2018-08-07,HH,OB,한화,두산,RESULT,9회초,False,False,normal
20180807HTWO02018,2018-08-07,HT,WO,KIA,넥센,RESULT,9회초,False,False,normal
20180807KTNC02018,2018-08-07,KT,NC,KT,NC,RESULT,9회말,False,False,normal
20180807LGLT02018,2018-08-07,LG,LT,LG,롯데,RESULT,9회초,False,False,normal
20180807SSSK02018,2018-08-07,SS,SK,삼성,SK,RESULT,9회말,False,False,normal
20180808HHOB02018,2018-08-08,HH,OB,한화,두산,RESULT,9회말,False,False,normal
20180808HTWO02018,2018-08-08,HT,WO,KIA,넥센,RESULT,10회말,False,False,normal
20180808KTNC02018,2018-08-08,KT,NC,KT,NC,RESULT,9회초,False,False,normal
20180808LGLT02018,2018-08-08,LG,LT,LG,롯데,RESULT,9회초,False,False,normal
20180808SSSK02018,2018-08-08,SS,SK,삼성,SK,RESULT,9회초,False,False,normal
20180809LTHT02018,2018-08-09,LT,HT,롯데,KIA,RESULT,9회말,False,False,normal
20180809OBKT02018,2018-08-09,OB,KT,두산,KT,RESULT,9회말,False,False,normal
20180809SKNC02018,2018-08-09,SK,NC,SK,NC,RESULT,9회초,False,False,normal
20180809SSLG02018,2018-08-09,SS,LG,삼성,LG,RESULT,9회말,False,False,normal
20180809WOHH02018,2018-08-09,WO,HH,넥센,한화,RESULT,9회말,False,False,normal
20180810LTHT02018,2018-08-10,LT,HT,롯데,KIA,BEFORE,경기취소,True,False,cancelled
20180810OBKT02018,2018-08-10,OB,KT,두산,KT,RESULT,9회초,False,False,normal
20180810SKNC02018,2018-08-10,SK,NC,SK,NC,RESULT,9회말,False,False,normal
20180810SSLG02018,2018-08-10,SS,LG,삼성,LG,RESULT,9회초,False,False,normal
20180810WOHH02018,2018-08-10,WO,HH,넥센,한화,RESULT,9회말,False,False,normal
20180811HTSK02018,2018-08-11,HT,SK,KIA,SK,RESULT,9회말,False,False,normal
20180811KTHH02018,2018-08-11,KT,HH,KT,한화,RESULT,9회초,False,False,normal
20180811LGWO02018,2018-08-11,LG,WO,LG,넥센,RESULT,9회초,False,False,normal
20180811LTOB02018,2018-08-11,LT,OB,롯데,두산,RESULT,9회초,False,False,normal
20180811NCSS02018,2018-08-11,NC,SS,NC,삼성,RESULT,9회말,False,False,normal
20180812HTSK02018,2018-08-12,HT,SK,KIA,SK,RESULT,9회말,False,False,normal
20180812KTHH02018,2018-08-12,KT,HH,KT,한화,RESULT,10회말,False,False,normal
20180812LGWO02018,2018-08-12,LG,WO,LG,넥센,RESULT,9회초,False,False,normal
20180812LTOB02018,2018-08-12,LT,OB,롯데,두산,RESULT,9회말,False,False,normal
20180812NCSS02018,2018-08-12,NC,SS,NC,삼성,RESULT,9회초,False,False,normal
20180814HHLT02018,2018-08-14,HH,LT,한화,롯데,RESULT,9회초,False,False,normal
20180814LGHT02018,2018-08-14,LG,HT,LG,KIA,RESULT,9회초,False,False,normal
20180814NCKT02018,2018-08-14,NC,KT,NC,KT,RESULT,9회초,False,False,normal
20180814SKOB02018,2018-08-14,SK,OB,SK,두산,RESULT,9회초,False,False,normal
20180814WOSS02018,2018-08-14,WO,SS,넥센,삼성,RESULT,9회말,False,False,normal
20180815HHLT02018,2018-08-15,HH,LT,한화,롯데,BEFORE,경기취소,True,False,cancelled
20180815LGHT02018,2018-08-15,LG,HT,LG,KIA,RESULT,9회말,False,False,normal
20180815NCKT02018,2018-08-15,NC,KT,NC,KT,RESULT,9회말,False,False,normal
20180815SKOB02018,2018-08-15,SK,OB,SK,두산,RESULT,9회말,False,False,normal
20180815WOSS02018,2018-08-15,WO,SS,넥센,삼성,RESULT,9회말,False,False,normal
20180816HHSS02018,2018-08-16,HH,SS,한화,삼성,RESULT,9회초,False,False,normal
20180816HTLT02018,2018-08-16,HT,LT,KIA,롯데,RESULT,9회초,False,False,normal
20180816LGSK02018,2018-08-16,LG,SK,LG,SK,RESULT,9회말,False,False,normal
20180816NCKT02018,2018-08-16,NC,KT,NC,KT,RESULT,9회초,False,False,normal
20180816WOOB02018,2018-08-16,WO,OB,넥센,두산,RESULT,9회초,False,False,normal
20180904HTOB02018,2018-09-04,HT,OB,KIA,두산,RESULT,9회말,False,False,normal
20180904LGKT02018,2018-09-04,LG,KT,LG,KT,RESULT,9회말,False,False,normal
20180904LTHH02018,2018-09-04,LT,HH,롯데,한화,RESULT,9회초,False,False,normal
20180904SSNC02018,2018-09-04,SS,NC,삼성,NC,RESULT,9회말,False,False,normal
20180904WOSK02018,2018-09-04,WO,SK,넥센,SK,RESULT,9회말,False,False,normal
20180905HTOB02018,2018-09-05,HT,OB,KIA,두산,RESULT,9회초,False,False,normal
20180905LGKT02018,2018-09-05,LG,KT,LG,KT,RESULT,9회말,False,False,normal
20180905LTHH02018,2018-09-05,LT,HH,롯데,한화,RESULT,9회초,False,False,normal
20180905SSNC02018,2018-09-05,SS,NC,삼성,NC,RESULT,9회말,False,False,normal
20180905WOSK02018,2018-09-05,WO,SK,넥센,SK,RESULT,10회말,False,False,normal
20180906HHKT02018,2018-09-06,HH,KT,한화,KT,RESULT,9회말,False,False,normal
20180906NCLG02018,2018-09-06,NC,LG,NC,LG,RESULT,9회초,False,False,normal
20180906OBSS02018,2018-09-06,OB,SS,두산,삼성,RESULT,9회말,False,False,normal
20180906SKLT02018,2018-09-06,SK,LT,SK,롯데,RESULT,9회초,False,False,normal
20180906WOHT02018,2018-09-06,WO,HT,넥센,KIA,RESULT,9회초,False,False,normal
20180907HHKT02018,2018-09-07,HH,KT,한화,KT,RESULT,9회초,False,False,normal
20180907NCLG02018,2018-09-07,NC,LG,NC,LG,RESULT,9회말,False,False,normal
20180907OBSS02018,2018-09-07,OB,SS,두산,삼성,RESULT,9회말,False,False,normal
20180907SKLT02018,2018-09-07,SK,LT,SK,롯데,RESULT,9회말,False,False,normal
20180907WOHT02018,2018-09-07,WO,HT,넥센,KIA,RESULT,9회초,False,False,normal
20180908HHLG02018,2018-09-08,HH,LG,한화,LG,RESULT,9회초,False,False,normal
20180908KTWO02018,2018-09-08,KT,WO,KT,넥센,RESULT,9회말,False,False,normal
20180908LTNC02018,2018-09-08,LT,NC,롯데,NC,RESULT,9회초,False,False,normal
20180908OBSK02018,2018-09-08,OB,SK,두산,SK,RESULT,9회말,False,False,normal
20180908SSHT02018,2018-09-08,SS,HT,삼성,KIA,RESULT,9회초,False,False,normal
20180909HHLG02018,2018-09-09,HH,LG,한화,LG,RESULT,9회초,False,False,normal
20180909KTWO02018,2018-09-09,KT,WO,KT,넥센,RESULT,9회초,False,False,normal
20180909LTNC02018,2018-09-09,LT,NC,롯데,NC,RESULT,9회초,False,False,normal
20180909OBSK02018,2018-09-09,OB,SK,두산,SK,RESULT,9회초,False,False,normal
20180909SSHT02018,2018-09-09,SS,HT,삼성,KIA,RESULT,9회말,False,False,normal
20180911HHSS02018,2018-09-11,HH,SS,한화,삼성,RESULT,12회말,False,False,normal
20180911HTNC02018,2018-09-11,HT,NC,KIA,NC,RESULT,9회초,False,False,normal
20180911KTSK02018,2018-09-11,KT,SK,KT,SK,RESULT,10회말,False,False,normal
20180911OBLT02018,2018-09-11,OB,LT,두산,롯데,RESULT,9회말,False,False,normal
20180911WOLG02018,2018-09-11,WO,LG,넥센,LG,RESULT,9회말,False,False,normal
20180912HHSS02018,2018-09-12,HH,SS,한화,삼성,RESULT,9회말,False,False,normal
20180912HTNC02018,2018-09-12,HT,NC,KIA,NC,RESULT,9회말,False,False,normal
20180912KTSK02018,2018-09-12,KT,SK,KT,SK,RESULT,9회초,False,False,normal
20180912OBLT02018,2018-09-12,OB,LT,두산,롯데,RESULT,9회말,False,False,normal
20180912WOLG02018,2018-09-12,WO,LG,넥센,LG,RESULT,10회말,False,False,normal
20180913HTLT02018,2018-09-13,HT,LT,KIA,롯데,BEFORE,경기취소,True,False,cancelled
20180913KTOB02018,2018-09-13,KT,OB,KT,두산,RESULT,9회초,False,False,normal
20180913LGSS02018,2018-09-13,LG,SS,LG,삼성,RESULT,9회말,False,False,normal
20180913SKHH02018,2018-09-13,SK,HH,SK,한화,RESULT,9회말,False,False,normal
20180913WONC02018,2018-09-13,WO,NC,넥센,NC,BEFORE,경기취소,True,False,cancelled
20180914HTLT02018,2018-09-14,HT,LT,KIA,롯데,RESULT,9회말,False,False,normal
20180914KTOB02018,2018-09-14,KT,OB,KT,두산,RESULT,9회초,False,False,normal
20180914LGSS02018,2018-09-14,LG,SS,LG,삼성,RESULT,9회초,False,False,normal
20180914SKHH02018,2018-09-14,SK,HH,SK,한화,RESULT,9회말,False,False,normal
20180914WONC02018,2018-09-14,WO,NC,넥센,NC,RESULT,9회초,False,False,normal
20180915LGHH02018,2018-09-15,LG,HH,LG,한화,RESULT,9회말,False,False,normal
20180915NCOB02018,2018-09-15,NC,OB,NC,두산,RESULT,9회말,False,False,normal
20180915SKHT02018,2018-09-15,SK,HT,SK,KIA,RESULT,9회초,False,False,normal
20180915SSKT02018,2018-09-15,SS,KT,삼성,KT,RESULT,9회말,False,False,normal
20180915WOLT02018,2018-09-15,WO,LT,넥센,롯데,RESULT,9회말,False,False,normal
20180916LGHH02018,2018-09-16,LG,HH,LG,한화,RESULT,9회초,False,False,normal
20180916NCOB02018,2018-09-16,NC,OB,NC,두산,RESULT,9회초,False,False,normal
20180916SKHT02018,2018-09-16,SK,HT,SK,KIA,RESULT,10회말,False,False,normal
20180916SSKT02018,2018-09-16,SS,KT,삼성,KT,RESULT,9회초,False,False,normal
20180916WOLT02018,2018-09-16,WO,LT,넥센,롯데,RESULT,9회말,False,False,normal
20180918HHNC02018,2018-09-18,HH,NC,한화,NC,RESULT,9회초,False,False,normal
20180918HTSS02018,2018-09-18,HT,SS,KIA,삼성,RESULT,9회말,False,False,normal
20180918LTLG02018,2018-09-18,LT,LG,롯데,LG,RESULT,9회말,False,False,normal
20180918OBWO02018,2018-09-18,OB,WO,두산,넥센,RESULT,9회초,False,False,normal
20180918SKKT02018,2018-09-18,SK,KT,SK,KT,RESULT,9회초,False,False,normal
20180919HHNC02018,2018-09-19,HH,NC,한화,NC,RESULT,9회말,False,False,normal
20180919HTSS02018,2018-09-19,HT,SS,KIA,삼성,RESULT,9회말,False,False,normal
20180919LTLG02018,2018-09-19,LT,LG,롯데,LG,RESULT,10회말,False,False,normal
20180919OBWO02018,2018-09-19,OB,WO,두산,넥센,RESULT,10회말,False,False,normal
20180919SKKT02018,2018-09-19,SK,KT,SK,KT,RESULT,9회말,False,False,normal
20180920HHSK02018,2018-09-20,HH,SK,한화,SK,RESULT,9회말,False,False,normal
20180920KTLT02018,2018-09-20,KT,LT,KT,롯데,RESULT,9회초,False,False,normal
20180920NCHT02018,2018-09-20,NC,HT,NC,KIA,RESULT,9회말,False,False,normal
20180920OBLG02018,2018-09-20,OB,LG,두산,LG,RESULT,9회말,False,False,normal
20180920SSWO02018,2018-09-20,SS,WO,삼성,넥센,RESULT,9회초,False,False,normal
20180921HHSK02018,2018-09-21,HH,SK,한화,SK,RESULT,9회초,False,False,normal
20180921KTLT02018,2018-09-21,KT,LT,KT,롯데,BEFORE,경기취소,True,False,cancelled
20180921NCHT02018,2018-09-21,NC,HT,NC,KIA,RESULT,9회초,False,False,normal
20180921OBLG02018,2018-09-21,OB,LG,두산,LG,RESULT,9회말,False,False,normal
20180921SSWO02018,2018-09-21,SS,WO,삼성,넥센,RESULT,9회말,False,False,normal
20180922HTHH02018,2018-09-22,HT,HH,KIA,한화,RESULT,9회말,False,False,normal
20180922KTLG02018,2018-09-22,KT,LG,KT,LG,RESULT,9회말,False,False,normal
20180922LTSS02018,2018-09-22,LT,SS,롯데,삼성,RESULT,9회말,False,False,normal
20180922OBNC02018,2018-09-22,OB,NC,두산,NC,RESULT,9회말,False,False,normal
20180922SKWO02018,2018-09-22,SK,WO,SK,넥센,RESULT,9회초,False,False,normal
20180923HTHH02018,2018-09-23,HT,HH,KIA,한화,RESULT,9회초,False,False,normal
20180923KTLG02018,2018-09-23,KT,LG,KT,LG,RESULT,10회말,False,False,normal
20180923LTSS02018,2018-09-23,LT,SS,롯데,삼성,RESULT,9회초,False,False,normal
20180923OBNC02018,2018-09-23,OB,NC,두산,NC,RESULT,9회초,False,False,normal
20180923SKWO02018,2018-09-23,SK,WO,SK,넥센,RESULT,9회초,False,False,normal
20180925HTKT02018,2018-09-25,HT,KT,KIA,KT,RESULT,9회말,False,False,normal
20180925LGSK02018,2018-09-25,LG,SK,LG,SK,RESULT,9회초,False,False,normal
20180925NCLT02018,2018-09-25,NC,LT,NC,롯데,RESULT,9회초,False,False,normal
20180925SSHH02018,2018-09-25,SS,HH,삼성,한화,RESULT,9회말,False,False,normal
20180925WOOB02018,2018-09-25,WO,OB,넥센,두산,RESULT,9회초,False,False,normal
20180926HTKT02018,2018-09-26,HT,KT,KIA,KT,RESULT,9회초,False,False,normal
20180926LGSK02018,2018-09-26,LG,SK,LG,SK,RESULT,9회초,False,False,normal
20180926NCLT02018,2018-09-26,NC,LT,NC,롯데,RESULT,9회초,False,False,normal
20180926SSHH02018,2018-09-26,SS,HH,삼성,한화,RESULT,9회초,False,False,normal
20180926WOOB02018,2018-09-26,WO,OB,넥센,두산,RESULT,9회말,False,False,normal
20180927HTLG02018,2018-09-27,HT,LG,KIA,LG,RESULT,9회초,False,False,normal
20180927KTSS02018,2018-09-27,KT,SS,KT,삼성,RESULT,9회초,False,False,normal
20180927LTWO02018,2018-09-27,LT,WO,롯데,넥센,RESULT,9회말,False,False,normal
20180927NCSK02018,2018-09-27,NC,SK,NC,SK,RESULT,9회초,False,False,normal
20180927OBHH02018,2018-09-27,OB,HH,두산,한화,RESULT,9회초,False,False,normal
20180928HTLG02018,2018-09-28,HT,LG,KIA,LG,RESULT,9회말,False,False,normal
20180928KTSS02018,2018-09-28,KT,SS,KT,삼성,RESULT,12회말,False,False,normal
20180928LTWO02018,2018-09-28,LT,WO,롯데,넥센,RESULT,9회초,False,False,normal
20180928NCSK02018,2018-09-28,NC,SK,NC,SK,RESULT,9회초,False,False,normal
20180928OBHH02018,2018-09-28,OB,HH,두산,한화,RESULT,10회말,False,False,normal
20180929HHHT02018,2018-09-29,HH,HT,한화,KIA,RESULT,9회초,False,False,normal
20180929LGOB02018,2018-09-29,LG,OB,LG,두산,RESULT,9회초,False,False,normal
20180929LTKT02018,2018-09-29,LT,KT,롯데,KT,RESULT,9회말,False,False,normal
20180929NCWO02018,2018-09-29,NC,WO,NC,넥센,RESULT,9회말,False,False,normal
20180929SKSS02018,2018-09-29,SK,SS,SK,삼성,RESULT,9회초,False,False,normal
20180930HHHT02018,2018-09-30,HH,HT,한화,KIA,RESULT,9회초,False,False,normal
20180930LGOB02018,2018-09-30,LG,OB,LG,두산,RESULT,9회초,False,False,normal
20180930LTKT02018,2018-09-30,LT,KT,롯데,KT,RESULT,9회말,False,False,normal
20180930NCWO02018,2018-09-30,NC,WO,NC,넥센,RESULT,9회초,False,False,normal
20180930SKSS02018,2018-09-30,SK,SS,SK,삼성,RESULT,9회말,False,False,normal
20181002KTLG02018,2018-10-02,KT,LG,KT,LG,RESULT,9회초,False,False,normal
20181002LTSK02018,2018-10-02,LT,SK,롯데,SK,RESULT,10회말,False,False,normal
20181002NCHT02018,2018-10-02,NC,HT,NC,KIA,RESULT,11회말,False,False,normal
20181003HTSS02018,2018-10-03,HT,SS,KIA,삼성,RESULT,9회초,False,False,normal
20181003KTLG02018,2018-10-03,KT,LG,KT,LG,RESULT,9회말,False,False,normal
20181003LTHH02018,2018-10-03,LT,HH,롯데,한화,RESULT,9회초,False,False,normal
20181004HTSK02018,2018-10-04,HT,SK,KIA,SK,RESULT,9회말,False,False,normal
20181004LTHH02018,2018-10-04,LT,HH,롯데,한화,RESULT,9회말,False,False,normal
20181005HTSK02018,2018-10-05,HT,SK,KIA,SK,BEFORE,경기취소,True,False,cancelled
20181005OBLT02018,2018-10-05,OB,LT,두산,롯데,BEFORE,경기취소,True,False,cancelled
20181006HHLT02018,2018-10-06,HH,LT,한화,롯데,RESULT,9회초,False,False,normal
20181006HTSK12018,2018-10-06,HT,SK,KIA,SK,RESULT,9회말,False,False,normal
20181006HTSK22018,2018-10-06,HT,SK,KIA,SK,RESULT,9회초,False,False,normal
20181006LGOB02018,2018-10-06,LG,OB,LG,두산,RESULT,9회말,False,False,normal
20181006SSKT02018,2018-10-06,SS,KT,삼성,KT,RESULT,9회초,False,False,normal
20181006WONC02018,2018-10-06,WO,NC,넥센,NC,RESULT,9회말,False,False,normal
20181007HTOB02018,2018-10-07,HT,OB,KIA,두산,RESULT,10회말,False,False,normal
20181007LTNC02018,2018-10-07,LT,NC,롯데,NC,RESULT,9회말,False,False,normal
20181009HHKT02018,2018-10-09,HH,KT,한화,KT,RESULT,9회말,False,False,normal
20181009HTLT02018,2018-10-09,HT,LT,KIA,롯데,RESULT,11회말,False,False,normal
20181009SSSK02018,2018-10-09,SS,SK,삼성,SK,RESULT,9회말,False,False,normal
20181010HHHT02018,2018-10-10,HH,HT,한화,KIA,RESULT,9회초,False,False,normal
20181010KTLT12018,2018-10-10,KT,LT,KT,롯데,RESULT,9회말,False,False,normal
20181010KTLT22018,2018-10-10,KT,LT,KT,롯데,RESULT,9회말,False,False,normal
20181010SKOB02018,2018-10-10,SK,OB,SK,두산,RESULT,9회말,False,False,normal
20181011LTHT02018,2018-10-11,LT,HT,롯데,KIA,RESULT,9회말,False,False,normal
20181011SKOB02018,2018-10-11,SK,OB,SK,두산,RESULT,9회초,False,False,normal
20181012LTHT02018,2018-10-12,LT,HT,롯데,KIA,RESULT,9회초,False,False,normal
20181012NCOB02018,2018-10-12,NC,OB,NC,두산,RESULT,9회초,False,False,normal
20181012WOKT02018,2018-10-12,WO,KT,넥센,KT,RESULT,9회말,False,False,normal
20181013KTOB02018,2018-10-13,KT,OB,KT,두산,RESULT,10회말,False,False,normal
20181013LGSK02018,2018-10-13,LG,SK,LG,SK,RESULT,9회말,False,False,normal
20181013LTHT02018,2018-10-13,LT,HT,롯데,KIA,RESULT,9회말,False,False,normal
20181013NCHH02018,2018-10-13,NC,HH,NC,한화,RESULT,9회초,False,False,normal
20181013WOSS02018,2018-10-13,WO,SS,넥센,삼성,RESULT,9회초,False,False,normal
20181014OBLT02018,2018-10-14,OB,LT,두산,롯데,RESULT,9회말,False,False,normal
20190312KTSS02019,2019-03-12,KT,SS,KT,삼성,RESULT,9회말,False,False,normal
20190312LGWO02019,2019-03-12,LG,WO,LG,키움,RESULT,9회초,False,False,normal
20190312NCLT02019,2019-03-12,NC,LT,NC,롯데,RESULT,9회초,False,False,normal
20190312OBHH02019,2019-03-12,OB,HH,두산,한화,RESULT,9회초,False,False,normal
20190312SKHT02019,2019-03-12,SK,HT,SSG,KIA,RESULT,9회초,False,False,normal
20190313KTSS02019,2019-03-13,KT,SS,KT,삼성,RESULT,9회초,False,False,normal
20190313LGWO02019,2019-03-13,LG,WO,LG,키움,RESULT,9회말,False,False,normal
20190313NCLT02019,2019-03-13,NC,LT,NC,롯데,RESULT,7회말,False,False,called
20190313OBHH02019,2019-03-13,OB,HH,두산,한화,RESULT,9회초,False,False,normal
20190313SKHT02019,2019-03-13,SK,HT,SSG,KIA,RESULT,9회말,False,False,normal
20190314KTHT02019,2019-03-14,KT,HT,KT,KIA,RESULT,9회초,False,False,normal
20190314LTWO02019,2019-03-14,LT,WO,롯데,키움,RESULT,9회초,False,False,normal
20190314NCSS02019,2019-03-14,NC,SS,NC,삼성,RESULT,9회말,False,False,normal
20190314OBLG02019,2019-03-14,OB,LG,두산,LG,RESULT,9회말,False,False,normal
20190314SKHH02019,2019-03-14,SK,HH,SSG,한화,RESULT,9회초,False,False,normal
20190315KTHT02019,2019-03-15,KT,HT,KT,KIA,BEFORE,경기취소,True,False,cancelled
20190315LTWO02019,2019-03-15,LT,WO,롯데,키움,RESULT,9회초,False,False,normal
20190315NCSS02019,2019-03-15,NC,SS,NC,삼성,RESULT,8회초,False,False,called
20190315OBLG02019,2019-03-15,OB,LG,두산,LG,BEFORE,경기취소,True,False,cancelled
20190315SKHH02019,2019-03-15,SK,HH,SSG,한화,RESULT,9회말,False,False,normal
20190316LGSS02019,2019-03-16,LG,SS,LG,삼성,RESULT,9회말,False,False,normal
20190316LTHH02019,2019-03-16,LT,HH,롯데,한화,RESULT,9회초,False,False,normal
20190316NCHT02019,2019-03-16,NC,HT,NC,KIA,RESULT,9회말,False,False,normal
20190316OBWO02019,2019-03-16,OB,WO,두산,키움,RESULT,9회말,False,False,normal
20190316SKKT02019,2019-03-16,SK,KT,SSG,KT,RESULT,9회말,False,False,normal
20190317LGSS02019,2019-03-17,LG,SS,LG,삼성,RESULT,9회말,False,False,normal
20190317LTHH02019,2019-03-17,LT,HH,롯데,한화,RESULT,9회말,False,False,normal
20190317NCHT02019,2019-03-17,NC,HT,NC,KIA,RESULT,9회초,False,False,normal
20190317OBWO02019,2019-03-17,OB,WO,두산,키움,RESULT,9회말,False,False,normal
20190317SKKT02019,2019-03-17,SK,KT,SSG,KT,RESULT,9회말,False,False,normal
20190319HHNC02019,2019-03-19,HH,NC,한화,NC,RESULT,9회말,False,False,normal
20190319HTWO02019,2019-03-19,HT,WO,KIA,키움,RESULT,9회초,False,False,normal
20190319LGKT02019,2019-03-19,LG,KT,LG,KT,RESULT,9회말,False,False,normal
20190319OBSK02019,2019-03-19,OB,SK,두산,SSG,RESULT,9회말,False,False,normal
20190319SSLT02019,2019-03-19,SS,LT,삼성,롯데,RESULT,9회초,False,False,normal
20190320HHNC02019,2019-03-20,HH,NC,한화,NC,RESULT,9회초,False,False,normal
20190320HTWO02019,2019-03-20,HT,WO,KIA,키움,RESULT,9회초,False,False,normal
20190320LGKT02019,2019-03-20,LG,KT,LG,KT,BEFORE,경기취소,True,False,cancelled
20190320OBSK02019,2019-03-20,OB,SK,두산,SSG,RESULT,8회초,False,False,called
20190320SSLT02019,2019-03-20,SS,LT,삼성,롯데,RESULT,9회초,False,False,normal
20190323HHOB02019,2019-03-23,HH,OB,한화,두산,RESULT,9회초,False,False,normal
20190323KTSK02019,2019-03-23,KT,SK,KT,SSG,RESULT,9회초,False,False,normal
20190323LGHT02019,2019-03-23,LG,HT,LG,KIA,RESULT,9회말,False,False,normal
20190323SSNC02019,2019-03-23,SS,NC,삼성,NC,RESULT,9회초,False,False,normal
20190323WOLT02019,2019-03-23,WO,LT,키움,롯데,RESULT,9회말,False,False,normal
20190324HHOB02019,2019-03-24,HH,OB,한화,두산,RESULT,9회말,False,False,normal
20190324KTSK02019,2019-03-24,KT,SK,KT,SSG,RESULT,9회초,False,False,normal
20190324LGHT02019,2019-03-24,LG,HT,LG,KIA,RESULT,9회말,False,False,normal
20190324SSNC02019,2019-03-24,SS,NC,삼성,NC,RESULT,9회말,False,False,normal
20190324WOLT02019,2019-03-24,WO,LT,키움,롯데,RESULT,9회초,False,False,normal
20190326HHHT02019,2019-03-26,HH,HT,한화,KIA,RESULT,9회말,False,False,normal
20190326KTNC02019,2019-03-26,KT,NC,KT,NC,RESULT,11회말,False,False,normal
20190326LGSK02019,2019-03-26,LG,SK,LG,SSG,RESULT,9회말,False,False,normal
20190326SSLT02019,2019-03-26,SS,LT,삼성,롯데,RESULT,9회초,False,False,normal
20190326WOOB02019,2019-03-26,WO,OB,키움,두산,RESULT,9회초,False,False,normal
20190327HHHT02019,2019-03-27,HH,HT,한화,KIA,RESULT,9회초,False,False,normal
20190327KTNC02019,2019-03-27,KT,NC,KT,NC,RESULT,9회초,False,False,normal
20190327LGSK02019,2019-03-27,LG,SK,LG,SSG,RESULT,11회말,False,False,normal
20190327SSLT02019,2019-03-27,SS,LT,삼성,롯데,RESULT,9회말,False,False,normal
20190327WOOB02019,2019-03-27,WO,OB,키움,두산,RESULT,10회말,False,False,normal
20190328HHHT02019,2019-03-28,HH,HT,한화,KIA,RESULT,9회초,False,False,normal
20190328KTNC02019,2019-03-28,KT,NC,KT,NC,RESULT,9회초,False,False,normal
20190328LGSK02019,2019-03-28,LG,SK,LG,SSG,RESULT,9회말,False,False,normal
20190328SSLT02019,2019-03-28,SS,LT,삼성,롯데,RESULT,9회말,False,False,normal
20190328WOOB02019,2019-03-28,WO,OB,키움,두산,RESULT,9회말,False,False,normal
20190329HTKT02019,2019-03-29,HT,KT,KIA,KT,RESULT,9회초,False,False,normal
20190329LTLG02019,2019-03-29,LT,LG,롯데,LG,RESULT,9회초,False,False,normal
20190329NCHH02019,2019-03-29,NC,HH,NC,한화,RESULT,9회초,False,False,normal
20190329OBSS02019,2019-03-29,OB,SS,두산,삼성,RESULT,9회말,False,False,normal
20190329SKWO02019,2019-03-29,SK,WO,SSG,키움,RESULT,9회말,False,False,normal
20190330HTKT02019,2019-03-30,HT,KT,KIA,KT,RESULT,9회초,False,False,normal
20190330LTLG02019,2019-03-30,LT,LG,롯데,LG,RESULT,9회말,False,False,normal
20190330NCHH02019,2019-03-30,NC,HH,NC,한화,RESULT,9회초,False,False,normal
20190330OBSS02019,2019-03-30,OB,SS,두산,삼성,RESULT,9회말,False,False,normal
20190330SKWO02019,2019-03-30,SK,WO,SSG,키움,RESULT,9회초,False,False,normal
20190331HTKT02019,2019-03-31,HT,KT,KIA,KT,RESULT,9회말,False,False,normal
20190331LTLG02019,2019-03-31,LT,LG,롯데,LG,RESULT,10회말,False,False,normal
20190331NCHH02019,2019-03-31,NC,HH,NC,한화,RESULT,9회말,False,False,normal
20190331OBSS02019,2019-03-31,OB,SS,두산,삼성,RESULT,9회말,False,False,normal
20190331SKWO02019,2019-03-31,SK,WO,SSG,키움,RESULT,9회말,False,False,normal
20190402HTSS02019,2019-04-02,HT,SS,KIA,삼성,RESULT,9회말,False,False,normal
20190402KTOB02019,2019-04-02,KT,OB,KT,두산,RESULT,9회초,False,False,normal
20190402LGHH02019,2019-04-02,LG,HH,LG,한화,RESULT,9회초,False,False,normal
20190402LTSK02019,2019-04-02,LT,SK,롯데,SSG,RESULT,9회말,False,False,normal
20190402WONC02019,2019-04-02,WO,NC,키움,NC,RESULT,9회말,False,False,normal
20190403HTSS02019,2019-04-03,HT,SS,KIA,삼성,RESULT,9회초,False,False,normal
20190403KTOB02019,2019-04-03,KT,OB,KT,두산,RESULT,9회초,False,False,normal
20190403LGHH02019,2019-04-03,LG,HH,LG,한화,RESULT,9회말,False,False,normal
20190403LTSK02019,2019-04-03,LT,SK,롯데,SSG,RESULT,9회말,False,False,normal
20190403WONC02019,2019-04-03,WO,NC,키움,NC,RESULT,9회초,False,False,normal
20190404HTSS02019,2019-04-04,HT,SS,KIA,삼성,RESULT,9회초,False,False,normal
20190404KTOB02019,2019-04-04,KT,OB,KT,두산,RESULT,9회초,False,False,normal
20190404LGHH02019,2019-04-04,LG,HH,LG,한화,RESULT,9회말,False,False,normal
20190404LTSK02019,2019-04-04,LT,SK,롯데,SSG,RESULT,11회말,False,False,normal
20190404WONC02019,2019-04-04,WO,NC,키움,NC,RESULT,9회말,False,False,normal
20190405HHLT02019,2019-04-05,HH,LT,한화,롯데,RESULT,9회초,False,False,normal
20190405LGKT02019,2019-04-05,LG,KT,LG,KT,RESULT,9회말,False,False,normal
20190405NCOB02019,2019-04-05,NC,OB,NC,두산,RESULT,9회말,False,False,normal
20190405SSSK02019,2019-04-05,SS,SK,삼성,SSG,RESULT,9회초,False,False,normal
20190405WOHT02019,2019-04-05,WO,HT,키움,KIA,RESULT,9회초,False,False,normal
20190406HHLT02019,2019-04-06,HH,LT,한화,롯데,RESULT,9회초,False,False,normal
20190406LGKT02019,2019-04-06,LG,KT,LG,KT,RESULT,9회초,False,False,normal
20190406NCOB02019,2019-04-06,NC,OB,NC,두산,RESULT,9회말,False,False,normal
20190406SSSK02019,2019-04-06,SS,SK,삼성,SSG,RESULT,9회말,False,False,normal
20190406WOHT02019,2019-04-06,WO,HT,키움,KIA,RESULT,9회말,False,False,normal
20190407HHLT02019,2019-04-07,HH,LT,한화,롯데,RESULT,7회초,False,False,called
20190407LGKT02019,2019-04-07,LG,KT,LG,KT,RESULT,9회초,False,False,normal
20190407NCOB02019,2019-04-07,NC,OB,NC,두산,RESULT,9회말,False,False,normal
20190407SSSK02019,2019-04-07,SS,SK,삼성,SSG,RESULT,9회말,False,False,normal
20190407WOHT02019,2019-04-07,WO,HT,키움,KIA,BEFORE,경기취소,True,False,cancelled
20190409KTWO02019,2019-04-09,KT,WO,KT,키움,RESULT,9회초,False,False,normal
20190409NCHT02019,2019-04-09,NC,HT,NC,KIA,BEFORE,경기취소,True,False,cancelled
20190409OBLT02019,2019-04-09,OB,LT,두산,롯데,BEFORE,경기취소,True,False,cancelled
20190409SKHH02019,2019-04-09,SK,HH,SSG,한화,BEFORE,경기취소,True,False,cancelled
20190409SSLG02019,2019-04-09,SS,LG,삼성,LG,BEFORE,경기취소,True,False,cancelled
20190410KTWO02019,2019-04-10,KT,WO,KT,키움,RESULT,9회초,False,False,normal
20190410NCHT02019,2019-04-10,NC,HT,NC,KIA,RESULT,10회말,False,False,normal
20190410OBLT02019,2019-04-10,OB,LT,두산,롯데,RESULT,9회말,False,False,normal
20190410SKHH02019,2019-04-10,SK,HH,SSG,한화,RESULT,9회말,False,False,normal
20190410SSLG02019,2019-04-10,SS,LG,삼성,LG,RESULT,9회말,False,False,normal
20190411KTWO02019,2019-04-11,KT,WO,KT,키움,RESULT,9회말,False,False,normal
20190411NCHT02019,2019-04-11,NC,HT,NC,KIA,RESULT,9회말,False,False,normal
20190411OBLT02019,2019-04-11,OB,LT,두산,롯데,RESULT,9회말,False,False,normal
20190411SKHH02019,2019-04-11,SK,HH,SSG,한화,RESULT,9회말,False,False,normal
20190411SSLG02019,2019-04-11,SS,LG,삼성,LG,RESULT,9회초,False,False,normal
20190412HHWO02019,2019-04-12,HH,WO,한화,키움,RESULT,9회초,False,False,normal
20190412HTSK02019,2019-04-12,HT,SK,KIA,SSG,RESULT,12회말,False,False,normal
20190412KTSS02019,2019-04-12,KT,SS,KT,삼성,RESULT,9회초,False,False,normal
20190412LTNC02019,2019-04-12,LT,NC,롯데,NC,RESULT,9회말,False,False,normal
20190412OBLG02019,2019-04-12,OB,LG,두산,LG,RESULT,9회초,False,False,normal
20190413HHWO02019,2019-04-13,HH,WO,한화,키움,RESULT,9회초,False,False,normal
20190413HTSK02019,2019-04-13,HT,SK,KIA,SSG,RESULT,9회말,False,False,normal
20190413KTSS02019,2019-04-13,KT,SS,KT,삼성,RESULT,9회말,False,False,normal
20190413LTNC02019,2019-04-13,LT,NC,롯데,NC,RESULT,9회초,False,False,normal
20190413OBLG02019,2019-04-13,OB,LG,두산,LG,RESULT,9회초,False,False,normal
20190414HHWO02019,2019-04-14,HH,WO,한화,키움,RESULT,10회말,False,False,normal
20190414HTSK02019,2019-04-14,HT,SK,KIA,SSG,RESULT,9회말,False,False,normal
20190414KTSS02019,2019-04-14,KT,SS,KT,삼성,RESULT,9회초,False,False,normal
20190414LTNC02019,2019-04-14,LT,NC,롯데,NC,RESULT,9회초,False,False,normal
20190414OBLG02019,2019-04-14,OB,LG,두산,LG,RESULT,9회말,False,False,normal
20190416HHKT02019,2019-04-16,HH,KT,한화,KT,RESULT,9회초,False,False,normal
20190416HTLT02019,2019-04-16,HT,LT,KIA,롯데,RESULT,9회초,False,False,normal
20190416LGNC02019,2019-04-16,LG,NC,LG,NC,RESULT,11회말,False,False,normal
20190416SKOB02019,2019-04-16,SK,OB,SSG,두산,RESULT,9회초,False,False,normal
20190416WOSS02019,2019-04-16,WO,SS,키움,삼성,RESULT,9회말,False,False,normal
20190417HHKT02019,2019-04-17,HH,KT,한화,KT,RESULT,9회말,False,False,normal
20190417HTLT02019,2019-04-17,HT,LT,KIA,롯데,RESULT,10회말,False,False,normal
20190417LGNC02019,2019-04-17,LG,NC,LG,NC,RESULT,12회말,False,False,normal
20190417SKOB02019,2019-04-17,SK,OB,SSG,두산,RESULT,9회초,False,False,normal
20190417WOSS02019,2019-04-17,WO,SS,키움,삼성,RESULT,9회말,False,False,normal
20190418HHKT02019,2019-04-18,HH,KT,한화,KT,RESULT,9회초,False,False,normal
20190418HTLT02019,2019-04-18,HT,LT,KIA,롯데,RESULT,9회말,False,False,normal
20190418LGNC02019,2019-04-18,LG,NC,LG,NC,RESULT,9회말,False,False,normal
20190418SKOB02019,2019-04-18,SK,OB,SSG,두산,RESULT,9회말,False,False,normal
20190418WOSS02019,2019-04-18,WO,SS,키움,삼성,RESULT,11회말,False,False,normal
20190419KTLT02019,2019-04-19,KT,LT,KT,롯데,RESULT,9회말,False,False,normal
20190419NCSK02019,2019-04-19,NC,SK,NC,SSG,RESULT,9회말,False,False,normal
20190419OBHT02019,2019-04-19,OB,HT,두산,KIA,RESULT,9회말,False,False,normal
20190419SSHH02019,2019-04-19,SS,HH,삼성,한화,RESULT,11회말,False,False,normal
20190419WOLG02019,2019-04-19,WO,LG,키움,LG,RESULT,9회말,False,False,normal
20190420KTLT02019,2019-04-20,KT,LT,KT,롯데,RESULT,10회말,False,False,normal
20190420NCSK02019,2019-04-20,NC,SK,NC,SSG,RESULT,9회초,False,False,normal
20190420OBHT02019,2019-04-20,OB,HT,두산,KIA,RESULT,9회말,False,False,normal
20190420SSHH02019,2019-04-20,SS,HH,삼성,한화,RESULT,9회초,False,False,normal
20190420WOLG02019,2019-04-20,WO,LG,키움,LG,RESULT,9회말,False,False,normal
20190421KTLT02019,2019-04-21,KT,LT,KT,롯데,RESULT,9회말,False,False,normal
20190421NCSK02019,2019-04-21,NC,SK,NC,SSG,RESULT,9회초,False,False,normal
20190421OBHT02019,2019-04-21,OB,HT,두산,KIA,RESULT,9회말,False,False,normal
20190421SSHH02019,2019-04-21,SS,HH,삼성,한화,RESULT,9회말,False,False,normal
20190421WOLG02019,2019-04-21,WO,LG,키움,LG,RESULT,9회초,False,False,normal
20190423HTLG02019,2019-04-23,HT,LG,KIA,LG,RESULT,9회초,False,False,normal
20190423LTHH02019,2019-04-23,LT,HH,롯데,한화,BEFORE,경기취소,True,False,cancelled
20190423NCKT02019,2019-04-23,NC,KT,NC,KT,RESULT,9회말,False,False,normal
20190423OBWO02019,2019-04-23,OB,WO,두산,키움,RESULT,9회말,False,False,normal
20190423SKSS02019,2019-04-23,SK,SS,SSG,삼성,BEFORE,경기취소,True,False,cancelled
20190424HTLG02019,2019-04-24,HT,LG,KIA,LG,RESULT,9회초,False,False,normal
20190424LTHH02019,2019-04-24,LT,HH,롯데,한화,RESULT,11회말,False,False,normal
20190424NCKT02019,2019-04-24,NC,KT,NC,KT,RESULT,9회말,False,False,normal
20190424OBWO02019,2019-04-24,OB,WO,두산,키움,RESULT,9회초,False,False,normal
20190424SKSS02019,2019-04-24,SK,SS,SSG,삼성,RESULT,11회말,False,False,normal
20190425HTLG02019,2019-04-25,HT,LG,KIA,LG,BEFORE,경기취소,True,False,cancelled
20190425LTHH02019,2019-04-25,LT,HH,롯데,한화,BEFORE,경기취소,True,False,cancelled
20190425NCKT02019,2019-04-25,NC,KT,NC,KT,BEFORE,경기취소,True,False,cancelled
20190425OBWO02019,2019-04-25,OB,WO,두산,키움,RESULT,9회초,False,False,normal
20190425SKSS02019,2019-04-25,SK,SS,SSG,삼성,RESULT,10회말,False,False,normal
20190426HHNC02019,2019-04-26,HH,NC,한화,NC,BEFORE,경기취소,True,False,cancelled
20190426HTWO02019,2019-04-26,HT,WO,KIA,키움,RESULT,9회초,False,False,normal
20190426LGSS02019,2019-04-26,LG,SS,LG,삼성,BEFORE,경기취소,True,False,cancelled
20190426LTOB02019,2019-04-26,LT,OB,롯데,두산,RESULT,9회초,False,False,normal
20190426SKKT02019,2019-04-26,SK,KT,SSG,KT,RESULT,9회말,False,False,normal
20190427HHNC02019,2019-04-27,HH,NC,한화,NC,RESULT,9회초,False,False,normal
20190427HTWO02019,2019-04-27,HT,WO,KIA,키움,RESULT,9회말,False,False,normal
20190427LGSS02019,2019-04-27,LG,SS,LG,삼성,RESULT,9회말,False,False,normal
20190427LTOB02019,2019-04-27,LT,OB,롯데,두산,RESULT,9회초,False,False,normal
20190427SKKT02019,2019-04-27,SK,KT,SSG,KT,RESULT,9회말,False,False,normal
20190428HHNC02019,2019-04-28,HH,NC,한화,NC,RESULT,9회초,False,False,normal
20190428HTWO02019,2019-04-28,HT,WO,KIA,키움,RESULT,9회초,False,False,normal
20190428LGSS02019,2019-04-28,LG,SS,LG,삼성,RESULT,9회말,False,False,normal
20190428LTOB02019,2019-04-28,LT,OB,롯데,두산,RESULT,9회초,False,False,normal
20190428SKKT02019,2019-04-28,SK,KT,SSG,KT,RESULT,9회말,False,False,normal
20190430KTLG02019,2019-04-30,KT,LG,KT,LG,RESULT,11회말,False,False,normal
20190430NCLT02019,2019-04-30,NC,LT,NC,롯데,RESULT,9회초,False,False,normal
20190430OBHH02019,2019-04-30,OB,HH,두산,한화,RESULT,9회초,False,False,normal
20190430SSHT02019,2019-04-30,SS,HT,삼성,KIA,RESULT,9회초,False,False,normal
20190430WOSK02019,2019-04-30,WO,SK,키움,SSG,RESULT,9회말,False,False,normal
20190501KTLG02019,2019-05-01,KT,LG,KT,LG,RESULT,9회초,False,False,normal
20190501NCLT02019,2019-05-01,NC,LT,NC,롯데,RESULT,9회말,False,False,normal
20190501OBHH02019,2019-05-01,OB,HH,두산,한화,RESULT,9회초,False,False,normal
20190501SSHT02019,2019-05-01,SS,HT,삼성,KIA,RESULT,9회말,False,False,normal
20190501WOSK02019,2019-05-01,WO,SK,키움,SSG,RESULT,9회초,False,False,normal
20190502KTLG02019,2019-05-02,KT,LG,KT,LG,RESULT,9회초,False,False,normal
20190502NCLT02019,2019-05-02,NC,LT,NC,롯데,RESULT,12회말,False,False,normal
20190502OBHH02019,2019-05-02,OB,HH,두산,한화,RESULT,9회말,False,False,normal
20190502SSHT02019,2019-05-02,SS,HT,삼성,KIA,RESULT,9회초,False,False,normal
20190502WOSK02019,2019-05-02,WO,SK,키움,SSG,RESULT,9회말,False,False,normal
20190503HTNC02019,2019-05-03,HT,NC,KIA,NC,RESULT,9회말,False,False,normal
20190503KTHH02019,2019-05-03,KT,HH,KT,한화,RESULT,9회말,False,False,normal
20190503LGOB02019,2019-05-03,LG,OB,LG,두산,RESULT,9회초,False,False,normal
20190503SKLT02019,2019-05-03,SK,LT,SSG,롯데,RESULT,9회말,False,False,normal
20190503SSWO02019,2019-05-03,SS,WO,삼성,키움,RESULT,9회초,False,False,normal
20190504HTNC02019,2019-05-04,HT,NC,KIA,NC,RESULT,9회초,False,False,normal
20190504KTHH02019,2019-05-04,KT,HH,KT,한화,RESULT,9회말,False,False,normal
20190504LGOB02019,2019-05-04,LG,OB,LG,두산,RESULT,9회초,False,False,normal
20190504SKLT02019,2019-05-04,SK,LT,SSG,롯데,RESULT,9회말,False,False,normal
20190504SSWO02019,2019-05-04,SS,WO,삼성,키움,RESULT,9회말,False,False,normal
20190505HTNC02019,2019-05-05,HT,NC,KIA,NC,RESULT,9회초,False,False,normal
20190505KTHH02019,2019-05-05,KT,HH,KT,한화,RESULT,9회초,False,False,normal
20190505LGOB02019,2019-05-05,LG,OB,LG,두산,RESULT,9회초,False,False,normal
20190505SKLT02019,2019-05-05,SK,LT,SSG,롯데,RESULT,9회말,False,False,normal
20190505SSWO02019,2019-05-05,SS,WO,삼성,키움,RESULT,9회초,False,False,normal
20190507HHSK02019,2019-05-07,HH,SK,한화,SSG,RESULT,9회초,False,False,normal
20190507HTOB02019,2019-05-07,HT,OB,KIA,두산,RESULT,9회말,False,False,normal
20190507LGWO02019,2019-05-07,LG,WO,LG,키움,RESULT,9회말,False,False,normal
20190507LTKT02019,2019-05-07,LT,KT,롯데,KT,RESULT,9회초,False,False,normal
20190507NCSS02019,2019-05-07,NC,SS,NC,삼성,RESULT,9회초,False,False,normal
20190508HHSK02019,2019-05-08,HH,SK,한화,SSG,RESULT,9회초,False,False,normal
20190508HTOB02019,2019-05-08,HT,OB,KIA,두산,RESULT,9회초,False,False,normal
20190508LGWO02019,2019-05-08,LG,WO,LG,키움,RESULT,9회초,False,False,normal
20190508LTKT02019,2019-05-08,LT,KT,롯데,KT,RESULT,9회초,False,False,normal
20190508NCSS02019,2019-05-08,NC,SS,NC,삼성,RESULT,9회초,False,False,normal
20190509HHSK02019,2019-05-09,HH,SK,한화,SSG,RESULT,9회말,False,False,normal
20190509HTOB02019,2019-05-09,HT,OB,KIA,두산,RESULT,9회말,False,False,normal
20190509LGWO02019,2019-05-09,LG,WO,LG,키움,RESULT,9회초,False,False,normal
20190509LTKT02019,2019-05-09,LT,KT,롯데,KT,RESULT,9회말,False,False,normal
20190509NCSS02019,2019-05-09,NC,SS,NC,삼성,RESULT,9회초,False,False,normal
20190510HHLG02019,2019-05-10,HH,LG,한화,LG,RESULT,9회말,False,False,normal
20190510LTSS02019,2019-05-10,LT,SS,롯데,삼성,RESULT,9회말,False,False,normal
20190510OBNC02019,2019-05-10,OB,NC,두산,NC,RESULT,9회말,False,False,normal
20190510SKHT02019,2019-05-10,SK,HT,SSG,KIA,RESULT,9회말,False,False,normal
20190510WOKT02019,2019-05-10,WO,KT,키움,KT,RESULT,9회초,False,False,normal
20190511HHLG02019,2019-05-11,HH,LG,한화,LG,RESULT,9회초,False,False,normal
20190511LTSS02019,2019-05-11,LT,SS,롯데,삼성,RESULT,9회초,False,False,normal
20190511OBNC02019,2019-05-11,OB,NC,두산,NC,RESULT,9회말,False,False,normal
20190511SKHT02019,2019-05-11,SK,HT,SSG,KIA,RESULT,9회말,False,False,normal
20190511WOKT02019,2019-05-11,WO,KT,키움,KT,RESULT,9회말,False,False,normal
20190512HHLG02019,2019-05-12,HH,LG,한화,LG,RESULT,9회초,False,False,normal
20190512LTSS02019,2019-05-12,LT,SS,롯데,삼성,RESULT,10회말,False,False,normal
20190512OBNC02019,2019-05-12,OB,NC,두산,NC,RESULT,9회말,False,False,normal
20190512SKHT02019,2019-05-12,SK,HT,SSG,KIA,RESULT,9회말,False,False,normal
20190512WOKT02019,2019-05-12,WO,KT,키움,KT,RESULT,9회초,False,False,normal
20190514KTHT02019,2019-05-14,KT,HT,KT,KIA,RESULT,9회말,False,False,normal
20190514LGLT02019,2019-05-14,LG,LT,LG,롯데,RESULT,9회초,False,False,normal
20190514SKNC02019,2019-05-14,SK,NC,SSG,NC,RESULT,9회초,False,False,normal
20190514SSOB02019,2019-05-14,SS,OB,삼성,두산,RESULT,10회말,False,False,normal
20190514WOHH02019,2019-05-14,WO,HH,키움,한화,RESULT,9회초,False,False,normal
20190515KTHT02019,2019-05-15,KT,HT,KT,KIA,RESULT,9회말,False,False,normal
20190515LGLT02019,2019-05-15,LG,LT,LG,롯데,RESULT,9회초,False,False,normal
20190515SKNC02019,2019-05-15,SK,NC,SSG,NC,RESULT,9회말,False,False,normal
20190515SSOB02019,2019-05-15,SS,OB,삼성,두산,RESULT,9회초,False,False,normal
20190515WOHH02019,2019-05-15,WO,HH,키움,한화,RESULT,11회말,False,False,normal
20190516KTHT02019,2019-05-16,KT,HT,KT,KIA,RESULT,9회말,False,False,normal
20190516LGLT02019,2019-05-16,LG,LT,LG,롯데,RESULT,9회말,False,False,normal
20190516SKNC02019,2019-05-16,SK,NC,SSG,NC,RESULT,9회초,False,False,normal
20190516SSOB02019,2019-05-16,SS,OB,삼성,두산,RESULT,9회초,False,False,normal
20190516WOHH02019,2019-05-16,WO,HH,키움,한화,RESULT,9회초,False,False,normal
20190517HTHH02019,2019-05-17,HT,HH,KIA,한화,RESULT,9회말,False,False,normal
20190517LTWO02019,2019-05-17,LT,WO,롯데,키움,RESULT,9회초,False,False,normal
20190517NCLG02019,2019-05-17,NC,LG,NC,LG,RESULT,9회말,False,False,normal
20190517OBSK02019,2019-05-17,OB,SK,두산,SSG,RESULT,9회말,False,False,normal
20190517SSKT02019,2019-05-17,SS,KT,삼성,KT,RESULT,9회말,False,False,normal
20190518HTHH02019,2019-05-18,HT,HH,KIA,한화,RESULT,9회초,False,False,normal
20190518LTWO02019,2019-05-18,LT,WO,롯데,키움,RESULT,9회초,False,False,normal
20190518NCLG02019,2019-05-18,NC,LG,NC,LG,RESULT,9회말,False,False,normal
20190518OBSK02019,2019-05-18,OB,SK,두산,SSG,RESULT,11회말,False,False,normal
20190518SSKT02019,2019-05-18,SS,KT,삼성,KT,RESULT,9회초,False,False,normal
20190519HTHH02019,2019-05-19,HT,HH,KIA,한화,RESULT,9회말,False,False,normal
20190519LTWO02019,2019-05-19,LT,WO,롯데,키움,RESULT,9회초,False,False,normal
20190519NCLG02019,2019-05-19,NC,LG,NC,LG,BEFORE,경기취소,True,False,cancelled
20190519OBSK02019,2019-05-19,OB,SK,두산,SSG,BEFORE,경기취소,True,False,cancelled
20190519SSKT02019,2019-05-19,SS,KT,삼성,KT,BEFORE,경기취소,True,False,cancelled
20190521HHSS02019,2019-05-21,HH,SS,한화,삼성,RESULT,9회초,False,False,normal
20190521LTHT02019,2019-05-21,LT,HT,롯데,KIA,RESULT,9회초,False,False,normal
20190521NCWO02019,2019-05-21,NC,WO,NC,키움,RESULT,9회말,False,False,normal
20190521OBKT02019,2019-05-21,OB,KT,두산,KT,RESULT,9회초,False,False,normal
20190521SKLG02019,2019-05-21,SK,LG,SSG,LG,RESULT,9회말,False,False,normal
20190522HHSS02019,2019-05-22,HH,SS,한화,삼성,RESULT,12회말,False,False,normal
20190522LTHT02019,2019-05-22,LT,HT,롯데,KIA,RESULT,10회말,False,False,normal
20190522NCWO02019,2019-05-22,NC,WO,NC,키움,RESULT,9회초,False,False,normal
20190522OBKT02019,2019-05-22,OB,KT,두산,KT,RESULT,9회초,False,False,normal
20190522SKLG02019,2019-05-22,SK,LG,SSG,LG,RESULT,9회말,False,False,normal
20190523HHSS02019,2019-05-23,HH,SS,한화,삼성,RESULT,9회말,False,False,normal
20190523LTHT02019,2019-05-23,LT,HT,롯데,KIA,RESULT,9회초,False,False,normal
20190523NCWO02019,2019-05-23,NC,WO,NC,키움,RESULT,9회말,False,False,normal
20190523OBKT02019,2019-05-23,OB,KT,두산,KT,RESULT,10회말,False,False,normal
20190523SKLG02019,2019-05-23,SK,LG,SSG,LG,RESULT,9회말,False,False,normal
20190524HHOB02019,2019-05-24,HH,OB,한화,두산,RESULT,9회말,False,False,normal
20190524KTHT02019,2019-05-24,KT,HT,KT,KIA,RESULT,9회초,False,False,normal
20190524LGLT02019,2019-05-24,LG,LT,LG,롯데,RESULT,9회초,False,False,normal
20190524SKNC02019,2019-05-24,SK,NC,SSG,NC,RESULT,9회말,False,False,normal
20190524WOSS02019,2019-05-24,WO,SS,키움,삼성,RESULT,9회말,False,False,normal
20190525HHOB02019,2019-05-25,HH,OB,한화,두산,RESULT,9회초,False,False,normal
20190525KTHT02019,2019-05-25,KT,HT,KT,KIA,RESULT,9회초,False,False,normal
20190525LGLT02019,2019-05-25,LG,LT,LG,롯데,RESULT,9회말,False,False,normal
20190525SKNC02019,2019-05-25,SK,NC,SSG,NC,RESULT,9회초,False,False,normal
20190525WOSS02019,2019-05-25,WO,SS,키움,삼성,RESULT,9회초,False,False,normal
20190526HHOB02019,2019-05-26,HH,OB,한화,두산,RESULT,9회초,False,False,normal
20190526KTHT02019,2019-05-26,KT,HT,KT,KIA,RESULT,9회초,False,False,normal
20190526LGLT02019,2019-05-26,LG,LT,LG,롯데,RESULT,9회말,False,False,normal
20190526SKNC02019,2019-05-26,SK,NC,SSG,NC,RESULT,9회말,False,False,normal
20190526WOSS02019,2019-05-26,WO,SS,키움,삼성,RESULT,9회말,False,False,normal
20190528HTHH02019,2019-05-28,HT,HH,KIA,한화,RESULT,9회초,False,False,normal
20190528KTSK02019,2019-05-28,KT,SK,KT,SSG,RESULT,9회초,False,False,normal
20190528LGWO02019,2019-05-28,LG,WO,LG,키움,RESULT,9회초,False,False,normal
20190528LTNC02019,2019-05-28,LT,NC,롯데,NC,RESULT,9회말,False,False,normal
20190528SSOB02019,2019-05-28,SS,OB,삼성,두산,RESULT,9회초,False,False,normal
20190529HTHH02019,2019-05-29,HT,HH,KIA,한화,RESULT,9회말,False,False,normal
20190529KTSK02019,2019-05-29,KT,SK,KT,SSG,RESULT,9회말,False,False,normal
20190529LGWO02019,2019-05-29,LG,WO,LG,키움,RESULT,9회말,False,False,normal
20190529LTNC02019,2019-05-29,LT,NC,롯데,NC,RESULT,9회초,False,False,normal
20190529SSOB02019,2019-05-29,SS,OB,삼성,두산,RESULT,10회말,False,False,normal
20190530HTHH02019,2019-05-30,HT,HH,KIA,한화,RESULT,9회말,False,False,normal
20190530KTSK02019,2019-05-30,KT,SK,KT,SSG,RESULT,10회말,False,False,normal
20190530LGWO02019,2019-05-30,LG,WO,LG,키움,RESULT,9회말,False,False,normal
20190530LTNC02019,2019-05-30,LT,NC,롯데,NC,RESULT,9회말,False,False,normal
20190530SSOB02019,2019-05-30,SS,OB,삼성,두산,RESULT,9회말,False,False,normal
20190531HHSK02019,2019-05-31,HH,SK,한화,SSG,RESULT,9회초,False,False,normal
20190531NCLG02019,2019-05-31,NC,LG,NC,LG,RESULT,9회초,False,False,normal
20190531OBKT02019,2019-05-31,OB,KT,두산,KT,RESULT,9회말,False,False,normal
20190531SSLT02019,2019-05-31,SS,LT,삼성,롯데,RESULT,9회초,False,False,normal
20190531WOHT02019,2019-05-31,WO,HT,키움,KIA,RESULT,9회초,False,False,normal
20190601HHSK02019,2019-06-01,HH,SK,한화,SSG,RESULT,9회말,False,False,normal
20190601NCLG02019,2019-06-01,NC,LG,NC,LG,RESULT,9회초,False,False,normal
20190601OBKT02019,2019-06-01,OB,KT,두산,KT,RESULT,9회초,False,False,normal
20190601SSLT02019,2019-06-01,SS,LT,삼성,롯데,STARTED,9회초,False,False,not_completed
20190601WOHT02019,2019-06-01,WO,HT,키움,KIA,RESULT,9회말,False,False,normal
20190602HHSK02019,2019-06-02,HH,SK,한화,SSG,RESULT,9회초,False,False,normal
20190602NCLG02019,2019-06-02,NC,LG,NC,LG,RESULT,9회말,False,False,normal
20190602OBKT02019,2019-06-02,OB,KT,두산,KT,RESULT,9회말,False,False,normal
20190602SSLT02019,2019-06-02,SS,LT,삼성,롯데,RESULT,9회말,False,False,normal
20190602WOHT02019,2019-06-02,WO,HT,키움,KIA,RESULT,9회말,False,False,normal
20190604HHLT02019,2019-06-04,HH,LT,한화,롯데,RESULT,11회말,False,False,normal
20190604KTLG02019,2019-06-04,KT,LG,KT,LG,RESULT,9회초,False,False,normal
20190604NCSS02019,2019-06-04,NC,SS,NC,삼성,RESULT,9회초,False,False,normal
20190604OBHT02019,2019-06-04,OB,HT,두산,KIA,RESULT,9회말,False,False,normal
20190604SKWO02019,2019-06-04,SK,WO,SSG,키움,RESULT,9회말,False,False,normal
20190605HHLT02019,2019-06-05,HH,LT,한화,롯데,RESULT,9회말,False,False,normal
20190605KTLG02019,2019-06-05,KT,LG,KT,LG,STARTED,2회말,False,False,not_completed
20190605NCSS02019,2019-06-05,NC,SS,NC,삼성,RESULT,9회초,False,False,normal
20190605OBHT02019,2019-06-05,OB,HT,두산,KIA,RESULT,9회말,False,False,normal
20190605SKWO02019,2019-06-05,SK,WO,SSG,키움,RESULT,9회말,False,False,normal
20190606HHLT02019,2019-06-06,HH,LT,한화,롯데,RESULT,9회말,False,False,normal
20190606KTLG02019,2019-06-06,KT,LG,KT,LG,RESULT,9회말,False,False,normal
20190606NCSS02019,2019-06-06,NC,SS,NC,삼성,RESULT,9회초,False,False,normal
20190606OBHT02019,2019-06-06,OB,HT,두산,KIA,RESULT,9회초,False,False,normal
20190606SKWO02019,2019-06-06,SK,WO,SSG,키움,RESULT,9회초,False,False,normal
20190607HTNC02019,2019-06-07,HT,NC,KIA,NC,RESULT,9회말,False,False,normal
20190607LGHH02019,2019-06-07,LG,HH,LG,한화,RESULT,9회초,False,False,normal
20190607LTKT02019,2019-06-07,LT,KT,롯데,KT,RESULT,9회초,False,False,normal
20190607SSSK02019,2019-06-07,SS,SK,삼성,SSG,RESULT,12회말,False,False,normal
20190607WOOB02019,2019-06-07,WO,OB,키움,두산,RESULT,9회초,False,False,normal
20190608HTNC02019,2019-06-08,HT,NC,KIA,NC,RESULT,9회말,False,False,normal
20190608LGHH02019,2019-06-08,LG,HH,LG,한화,RESULT,9회말,False,False,normal
20190608LTKT02019,2019-06-08,LT,KT,롯데,KT,RESULT,9회초,False,False,normal
20190608SSSK02019,2019-06-08,SS,SK,삼성,SSG,RESULT,9회초,False,False,normal
20190608WOOB02019,2019-06-08,WO,OB,키움,두산,RESULT,9회말,False,False,normal
20190609HTNC02019,2019-06-09,HT,NC,KIA,NC,RESULT,9회초,False,False,normal
20190609LGHH02019,2019-06-09,LG,HH,LG,한화,RESULT,11회말,False,False,normal
20190609LTKT02019,2019-06-09,LT,KT,롯데,KT,RESULT,9회초,False,False,normal
20190609SSSK02019,2019-06-09,SS,SK,삼성,SSG,RESULT,9회말,False,False,normal
20190609WOOB02019,2019-06-09,WO,OB,키움,두산,RESULT,9회말,False,False,normal
20190611LTLG02019,2019-06-11,LT,LG,롯데,LG,RESULT,12회말,False,False,normal
20190611OBHH02019,2019-06-11,OB,HH,두산,한화,RESULT,9회초,False,False,normal
20190611SKKT02019,2019-06-11,SK,KT,SSG,KT,RESULT,9회말,False,False,normal
20190611SSHT02019,2019-06-11,SS,HT,삼성,KIA,RESULT,9회초,False,False,normal
20190611WONC02019,2019-06-11,WO,NC,키움,NC,RESULT,10회말,False,False,normal
20190612LTLG02019,2019-06-12,LT,LG,롯데,LG,RESULT,10회말,False,False,normal
20190612OBHH02019,2019-06-12,OB,HH,두산,한화,RESULT,9회말,False,False,normal
20190612SKKT02019,2019-06-12,SK,KT,SSG,KT,RESULT,9회말,False,False,normal
20190612SSHT02019,2019-06-12,SS,HT,삼성,KIA,RESULT,9회초,False,False,normal
20190612WONC02019,2019-06-12,WO,NC,키움,NC,RESULT,11회말,False,False,normal
20190613LTLG02019,2019-06-13,LT,LG,롯데,LG,RESULT,10회말,False,False,normal
20190613OBHH02019,2019-06-13,OB,HH,두산,한화,RESULT,9회말,False,False,normal
20190613SKKT02019,2019-06-13,SK,KT,SSG,KT,RESULT,9회초,False,False,normal
20190613SSHT02019,2019-06-13,SS,HT,삼성,KIA,RESULT,9회말,False,False,normal
20190613WONC02019,2019-06-13,WO,NC,키움,NC,RESULT,9회초,False,False,normal
20190614HHWO02019,2019-06-14,HH,WO,한화,키움,RESULT,9회초,False,False,normal
20190614HTLT02019,2019-06-14,HT,LT,KIA,롯데,BEFORE,경기취소,True,False,cancelled
20190614KTSS02019,2019-06-14,KT,SS,KT,삼성,RESULT,9회초,False,False,normal
20190614LGOB02019,2019-06-14,LG,OB,LG,두산,RESULT,9회초,False,False,normal
20190614NCSK02019,2019-06-14,NC,SK,NC,SSG,RESULT,9회초,False,False,normal
20190615HHWO02019,2019-06-15,HH,WO,한화,키움,RESULT,9회초,False,False,normal
20190615HTLT02019,2019-06-15,HT,LT,KIA,롯데,RESULT,9회초,False,False,normal
20190615KTSS02019,2019-06-15,KT,SS,KT,삼성,RESULT,9회말,False,False,normal
20190615LGOB02019,2019-06-15,LG,OB,LG,두산,RESULT,9회말,False,False,normal
20190615NCSK02019,2019-06-15,NC,SK,NC,SSG,RESULT,9회초,False,False,normal
20190616HHWO02019,2019-06-16,HH,WO,한화,키움,RESULT,9회초,False,False,normal
20190616HTLT02019,2019-06-16,HT,LT,KIA,롯데,RESULT,9회초,False,False,normal
20190616KTSS02019,2019-06-16,KT,SS,KT,삼성,RESULT,10회말,False,False,normal
20190616LGOB02019,2019-06-16,LG,OB,LG,두산,RESULT,9회초,False,False,normal
20190616NCSK02019,2019-06-16,NC,SK,NC,SSG,RESULT,9회초,False,False,normal
20190618KTWO02019,2019-06-18,KT,WO,KT,키움,RESULT,9회초,False,False,normal
20190618LGSS02019,2019-06-18,LG,SS,LG,삼성,RESULT,9회초,False,False,normal
20190618LTHH02019,2019-06-18,LT,HH,롯데,한화,RESULT,9회말,False,False,normal
20190618NCOB02019,2019-06-18,NC,OB,NC,두산,RESULT,9회초,False,False,normal
20190618SKHT02019,2019-06-18,SK,HT,SSG,KIA,RESULT,9회초,False,False,normal
20190619KTWO02019,2019-06-19,KT,WO,KT,키움,RESULT,9회초,False,False,normal
20190619LGSS02019,2019-06-19,LG,SS,LG,삼성,RESULT,9회말,False,False,normal
20190619LTHH02019,2019-06-19,LT,HH,롯데,한화,RESULT,10회말,False,False,normal
20190619NCOB02019,2019-06-19,NC,OB,NC,두산,RESULT,9회초,False,False,normal
20190619SKHT02019,2019-06-19,SK,HT,SSG,KIA,RESULT,9회말,False,False,normal
20190620KTWO02019,2019-06-20,KT,WO,KT,키움,RESULT,9회초,False,False,normal
20190620LGSS02019,2019-06-20,LG,SS,LG,삼성,RESULT,9회말,False,False,normal
20190620LTHH02019,2019-06-20,LT,HH,롯데,한화,RESULT,9회말,False,False,normal
20190620NCOB02019,2019-06-20,NC,OB,NC,두산,RESULT,9회초,False,False,normal
20190620SKHT02019,2019-06-20,SK,HT,SSG,KIA,RESULT,9회초,False,False,normal
20190621HTLG02019,2019-06-21,HT,LG,KIA,LG,RESULT,9회말,False,False,normal
20190621NCKT02019,2019-06-21,NC,KT,NC,KT,RESULT,9회초,False,False,normal
20190621OBSK02019,2019-06-21,OB,SK,두산,SSG,RESULT,9회초,False,False,normal
20190621SSHH02019,2019-06-21,SS,HH,삼성,한화,RESULT,9회말,False,False,normal
20190621WOLT02019,2019-06-21,WO,LT,키움,롯데,RESULT,9회말,False,False,normal
20190622HTLG02019,2019-06-22,HT,LG,KIA,LG,RESULT,9회말,False,False,normal
20190622NCKT02019,2019-06-22,NC,KT,NC,KT,RESULT,9회말,False,False,normal
20190622OBSK02019,2019-06-22,OB,SK,두산,SSG,RESULT,9회초,False,False,normal
20190622SSHH02019,2019-06-22,SS,HH,삼성,한화,RESULT,9회초,False,False,normal
20190622WOLT02019,2019-06-22,WO,LT,키움,롯데,RESULT,9회초,False,False,normal
20190623HTLG02019,2019-06-23,HT,LG,KIA,LG,RESULT,9회말,False,False,normal
20190623NCKT02019,2019-06-23,NC,KT,NC,KT,RESULT,9회초,False,False,normal
20190623OBSK02019,2019-06-23,OB,SK,두산,SSG,RESULT,9회초,False,False,normal
20190623SSHH02019,2019-06-23,SS,HH,삼성,한화,RESULT,9회말,False,False,normal
20190623WOLT02019,2019-06-23,WO,LT,키움,롯데,RESULT,9회초,False,False,normal
20190625HHNC02019,2019-06-25,HH,NC,한화,NC,RESULT,9회말,False,False,normal
20190625HTWO02019,2019-06-25,HT,WO,KIA,키움,RESULT,9회초,False,False,normal
20190625KTLT02019,2019-06-25,KT,LT,KT,롯데,RESULT,12회말,False,False,normal
20190625OBSS02019,2019-06-25,OB,SS,두산,삼성,RESULT,9회초,False,False,normal
20190625SKLG02019,2019-06-25,SK,LG,SSG,LG,RESULT,9회말,False,False,normal
20190626HHNC02019,2019-06-26,HH,NC,한화,NC,BEFORE,경기취소,True,False,cancelled
20190626HTWO02019,2019-06-26,HT,WO,KIA,키움,RESULT,9회말,False,False,normal
20190626KTLT02019,2019-06-26,KT,LT,KT,롯데,BEFORE,경기취소,True,False,cancelled
20190626OBSS02019,2019-06-26,OB,SS,두산,삼성,BEFORE,경기취소,True,False,cancelled
20190626SKLG02019,2019-06-26,SK,LG,SSG,LG,RESULT,9회말,False,False,normal
20190627HHNC02019,2019-06-27,HH,NC,한화,NC,RESULT,9회초,False,False,normal
20190627HTWO02019,2019-06-27,HT,WO,KIA,키움,RESULT,9회초,False,False,normal
20190627KTLT02019,2019-06-27,KT,LT,KT,롯데,RESULT,9회말,False,False,normal
20190627OBSS02019,2019-06-27,OB,SS,두산,삼성,RESULT,9회말,False,False,normal
20190627SKLG02019,2019-06-27,SK,LG,SSG,LG,RESULT,9회초,False,False,normal
20190628HTKT02019,2019-06-28,HT,KT,KIA,KT,RESULT,9회초,False,False,normal
20190628LGNC02019,2019-06-28,LG,NC,LG,NC,RESULT,9회말,False,False,normal
20190628LTOB02019,2019-06-28,LT,OB,롯데,두산,RESULT,9회초,False,False,normal
20190628SKSS02019,2019-06-28,SK,SS,SSG,삼성,RESULT,9회초,False,False,normal
20190628WOHH02019,2019-06-28,WO,HH,키움,한화,RESULT,9회말,False,False,normal
20190629HTKT02019,2019-06-29,HT,KT,KIA,KT,RESULT,9회초,False,False,normal
20190629LGNC02019,2019-06-29,LG,NC,LG,NC,BEFORE,경기취소,True,False,cancelled
20190629LTOB02019,2019-06-29,LT,OB,롯데,두산,RESULT,9회말,False,False,normal
20190629SKSS02019,2019-06-29,SK,SS,SSG,삼성,BEFORE,경기취소,True,False,cancelled
20190629WOHH02019,2019-06-29,WO,HH,키움,한화,BEFORE,경기취소,True,False,cancelled
20190630HTKT02019,2019-06-30,HT,KT,KIA,KT,RESULT,11회말,False,False,normal
20190630LGNC02019,2019-06-30,LG,NC,LG,NC,RESULT,9회초,False,False,normal
20190630LTOB02019,2019-06-30,LT,OB,롯데,두산,RESULT,9회말,False,False,normal
20190630SKSS02019,2019-06-30,SK,SS,SSG,삼성,RESULT,9회말,False,False,normal
20190630WOHH02019,2019-06-30,WO,HH,키움,한화,RESULT,9회말,False,False,normal
20190702HHLG02019,2019-07-02,HH,LG,한화,LG,RESULT,9회초,False,False,normal
20190702LTSK02019,2019-07-02,LT,SK,롯데,SSG,RESULT,9회초,False,False,normal
20190702NCHT02019,2019-07-02,NC,HT,NC,KIA,RESULT,9회초,False,False,normal
20190702OBWO02019,2019-07-02,OB,WO,두산,키움,RESULT,9회초,False,False,normal
20190702SSKT02019,2019-07-02,SS,KT,삼성,KT,RESULT,9회초,False,False,normal
20190703HHLG02019,2019-07-03,HH,LG,한화,LG,RESULT,9회초,False,False,normal
20190703LTSK02019,2019-07-03,LT,SK,롯데,SSG,RESULT,9회초,False,False,normal
20190703NCHT02019,2019-07-03,NC,HT,NC,KIA,RESULT,9회말,False,False,normal
20190703OBWO02019,2019-07-03,OB,WO,두산,키움,RESULT,9회말,False,False,normal
20190703SSKT02019,2019-07-03,SS,KT,삼성,KT,RESULT,9회초,False,False,normal
20190704HHLG02019,2019-07-04,HH,LG,한화,LG,RESULT,9회초,False,False,normal
20190704LTSK02019,2019-07-04,LT,SK,롯데,SSG,RESULT,9회초,False,False,normal
20190704NCHT02019,2019-07-04,NC,HT,NC,KIA,RESULT,9회말,False,False,normal
20190704OBWO02019,2019-07-04,OB,WO,두산,키움,RESULT,9회말,False,False,normal
20190704SSKT02019,2019-07-04,SS,KT,삼성,KT,RESULT,9회초,False,False,normal
20190705KTHH02019,2019-07-05,KT,HH,KT,한화,RESULT,9회말,False,False,normal
20190705LGHT02019,2019-07-05,LG,HT,LG,KIA,RESULT,9회초,False,False,normal
20190705LTWO02019,2019-07-05,LT,WO,롯데,키움,RESULT,9회초,False,False,normal
20190705SKOB02019,2019-07-05,SK,OB,SSG,두산,RESULT,9회말,False,False,normal
20190705SSNC02019,2019-07-05,SS,NC,삼성,NC,RESULT,9회초,False,False,normal
20190706KTHH02019,2019-07-06,KT,HH,KT,한화,RESULT,10회말,False,False,normal
20190706LGHT02019,2019-07-06,LG,HT,LG,KIA,RESULT,9회초,False,False,normal
20190706LTWO02019,2019-07-06,LT,WO,롯데,키움,RESULT,9회초,False,False,normal
20190706SKOB02019,2019-07-06,SK,OB,SSG,두산,RESULT,9회말,False,False,normal
20190706SSNC02019,2019-07-06,SS,NC,삼성,NC,RESULT,12회말,False,False,normal
20190707KTHH02019,2019-07-07,KT,HH,KT,한화,RESULT,9회말,False,False,normal
20190707LGHT02019,2019-07-07,LG,HT,LG,KIA,RESULT,9회말,False,False,normal
20190707LTWO02019,2019-07-07,LT,WO,롯데,키움,RESULT,9회초,False,False,normal
20190707SKOB02019,2019-07-07,SK,OB,SSG,두산,RESULT,12회말,False,False,normal
20190707SSNC02019,2019-07-07,SS,NC,삼성,NC,RESULT,9회말,False,False,normal
20190709HTSS02019,2019-07-09,HT,SS,KIA,삼성,RESULT,9회말,False,False,normal
20190709NCLT02019,2019-07-09,NC,LT,NC,롯데,RESULT,9회초,False,False,normal
20190709OBLG02019,2019-07-09,OB,LG,두산,LG,RESULT,9회말,False,False,normal
20190709SKHH02019,2019-07-09,SK,HH,SSG,한화,RESULT,11회말,False,False,normal
20190709WOKT02019,2019-07-09,WO,KT,키움,KT,RESULT,9회말,False,False,normal
20190710HTSS02019,2019-07-10,HT,SS,KIA,삼성,BEFORE,경기취소,True,False,cancelled
20190710NCLT02019,2019-07-10,NC,LT,NC,롯데,BEFORE,경기취소,True,False,cancelled
20190710OBLG02019,2019-07-10,OB,LG,두산,LG,BEFORE,경기취소,True,False,cancelled
20190710SKHH02019,2019-07-10,SK,HH,SSG,한화,BEFORE,경기취소,True,False,cancelled
20190710WOKT02019,2019-07-10,WO,KT,키움,KT,BEFORE,경기취소,True,False,cancelled
20190711HTSS02019,2019-07-11,HT,SS,KIA,삼성,RESULT,9회초,False,False,normal
20190711NCLT02019,2019-07-11,NC,LT,NC,롯데,RESULT,9회말,False,False,normal
20190711OBLG02019,2019-07-11,OB,LG,두산,LG,RESULT,9회말,False,False,normal
20190711SKHH02019,2019-07-11,SK,HH,SSG,한화,RESULT,9회말,False,False,normal
20190711WOKT02019,2019-07-11,WO,KT,키움,KT,RESULT,9회말,False,False,normal
20190712HHHT02019,2019-07-12,HH,HT,한화,KIA,RESULT,9회초,False,False,normal
20190712KTNC02019,2019-07-12,KT,NC,KT,NC,RESULT,9회초,False,False,normal
20190712OBLT02019,2019-07-12,OB,LT,두산,롯데,RESULT,9회초,False,False,normal
20190712SSLG02019,2019-07-12,SS,LG,삼성,LG,RESULT,9회말,False,False,normal
20190712WOSK02019,2019-07-12,WO,SK,키움,SSG,RESULT,9회말,False,False,normal
20190713HHHT02019,2019-07-13,HH,HT,한화,KIA,RESULT,9회말,False,False,normal
20190713KTNC02019,2019-07-13,KT,NC,KT,NC,RESULT,9회말,False,False,normal
20190713OBLT02019,2019-07-13,OB,LT,두산,롯데,RESULT,9회말,False,False,normal
20190713SSLG02019,2019-07-13,SS,LG,삼성,LG,RESULT,9회초,False,False,normal
20190713WOSK02019,2019-07-13,WO,SK,키움,SSG,RESULT,9회초,False,False,normal
20190714HHHT02019,2019-07-14,HH,HT,한화,KIA,RESULT,9회초,False,False,normal
20190714KTNC02019,2019-07-14,KT,NC,KT,NC,RESULT,9회말,False,False,normal
20190714OBLT02019,2019-07-14,OB,LT,두산,롯데,RESULT,9회말,False,False,normal
20190714SSLG02019,2019-07-14,SS,LG,삼성,LG,RESULT,9회초,False,False,normal
20190714WOSK02019,2019-07-14,WO,SK,키움,SSG,RESULT,9회초,False,False,normal
20190716KTOB02019,2019-07-16,KT,OB,KT,두산,RESULT,9회말,False,False,normal
20190716LGSK02019,2019-07-16,LG,SK,LG,SSG,RESULT,9회초,False,False,normal
20190716LTHT02019,2019-07-16,LT,HT,롯데,KIA,BEFORE,경기취소,True,False,cancelled
20190716NCHH02019,2019-07-16,NC,HH,NC,한화,RESULT,9회말,False,False,normal
20190716SSWO02019,2019-07-16,SS,WO,삼성,키움,RESULT,9회초,False,False,normal
20190717KTOB02019,2019-07-17,KT,OB,KT,두산,RESULT,9회말,False,False,normal
20190717LGSK02019,2019-07-17,LG,SK,LG,SSG,RESULT,9회초,False,False,normal
20190717LTHT02019,2019-07-17,LT,HT,롯데,KIA,RESULT,9회초,False,False,normal
20190717NCHH02019,2019-07-17,NC,HH,NC,한화,RESULT,9회말,False,False,normal
20190717SSWO02019,2019-07-17,SS,WO,삼성,키움,RESULT,9회초,False,False,normal
20190718KTOB02019,2019-07-18,KT,OB,KT,두산,RESULT,9회말,False,False,normal
20190718LGSK02019,2019-07-18,LG,SK,LG,SSG,RESULT,9회말,False,False,normal
20190718LTHT02019,2019-07-18,LT,HT,롯데,KIA,RESULT,9회말,False,False,normal
20190718NCHH02019,2019-07-18,NC,HH,NC,한화,RESULT,9회말,False,False,normal
20190718SSWO02019,2019-07-18,SS,WO,삼성,키움,RESULT,9회초,False,False,normal
20190726HHSS02019,2019-07-26,HH,SS,한화,삼성,RESULT,9회초,False,False,normal
20190726HTOB02019,2019-07-26,HT,OB,KIA,두산,BEFORE,경기취소,True,False,cancelled
20190726LGKT02019,2019-07-26,LG,KT,LG,KT,BEFORE,경기취소,True,False,cancelled
20190726NCWO02019,2019-07-26,NC,WO,NC,키움,RESULT,9회말,False,False,normal
20190726SKLT02019,2019-07-26,SK,LT,SSG,롯데,RESULT,9회말,False,False,normal
20190727HHSS02019,2019-07-27,HH,SS,한화,삼성,RESULT,9회초,False,False,normal
20190727HTOB02019,2019-07-27,HT,OB,KIA,두산,RESULT,9회초,False,False,normal
20190727LGKT02019,2019-07-27,LG,KT,LG,KT,RESULT,9회말,False,False,normal
20190727NCWO02019,2019-07-27,NC,WO,NC,키움,RESULT,9회초,False,False,normal
20190727SKLT02019,2019-07-27,SK,LT,SSG,롯데,RESULT,9회말,False,False,normal
20190728HHSS02019,2019-07-28,HH,SS,한화,삼성,RESULT,9회초,False,False,normal
20190728HTOB02019,2019-07-28,HT,OB,KIA,두산,BEFORE,경기취소,True,False,cancelled
20190728LGKT02019,2019-07-28,LG,KT,LG,KT,RESULT,9회말,False,False,normal
20190728NCWO02019,2019-07-28,NC,WO,NC,키움,RESULT,9회말,False,False,normal
20190728SKLT02019,2019-07-28,SK,LT,SSG,롯데,RESULT,9회말,False,False,normal
20190730HHKT02019,2019-07-30,HH,KT,한화,KT,RESULT,9회초,False,False,normal
20190730HTSK02019,2019-07-30,HT,SK,KIA,SSG,RESULT,9회말,False,False,normal
20190730LTSS02019,2019-07-30,LT,SS,롯데,삼성,RESULT,9회초,False,False,normal
20190730OBNC02019,2019-07-30,OB,NC,두산,NC,RESULT,9회말,False,False,normal
20190730WOLG02019,2019-07-30,WO,LG,키움,LG,RESULT,9회말,False,False,normal
20190731HHKT02019,2019-07-31,HH,KT,한화,KT,RESULT,9회말,False,False,normal
20190731HTSK02019,2019-07-31,HT,SK,KIA,SSG,RESULT,9회말,False,False,normal
20190731LTSS02019,2019-07-31,LT,SS,롯데,삼성,RESULT,9회말,False,False,normal
20190731OBNC02019,2019-07-31,OB,NC,두산,NC,RESULT,9회초,False,False,normal
20190731WOLG02019,2019-07-31,WO,LG,키움,LG,RESULT,9회말,False,False,normal
20190801HHKT02019,2019-08-01,HH,KT,한화,KT,RESULT,9회말,False,False,normal
20190801HTSK02019,2019-08-01,HT,SK,KIA,SSG,RESULT,9회초,False,False,normal
20190801LTSS02019,2019-08-01,LT,SS,롯데,삼성,RESULT,9회말,False,False,normal
20190801OBNC02019,2019-08-01,OB,NC,두산,NC,RESULT,11회말,False,False,normal
20190801WOLG02019,2019-08-01,WO,LG,키움,LG,RESULT,9회초,False,False,normal
20190803KTWO02019,2019-08-03,KT,WO,KT,키움,RESULT,9회말,False,False,normal
20190803NCHT02019,2019-08-03,NC,HT,NC,KIA,RESULT,9회초,False,False,normal
20190803OBLT02019,2019-08-03,OB,LT,두산,롯데,RESULT,9회초,False,False,normal
20190803SKHH02019,2019-08-03,SK,HH,SSG,한화,RESULT,9회말,False,False,normal
20190803SSLG02019,2019-08-03,SS,LG,삼성,LG,RESULT,9회초,False,False,normal
20190804KTWO02019,2019-08-04,KT,WO,KT,키움,RESULT,9회말,False,False,normal
20190804NCHT02019,2019-08-04,NC,HT,NC,KIA,RESULT,9회초,False,False,normal
20190804OBLT02019,2019-08-04,OB,LT,두산,롯데,RESULT,9회초,False,False,normal
20190804SKHH02019,2019-08-04,SK,HH,SSG,한화,RESULT,9회초,False,False,normal
20190804SSLG02019,2019-08-04,SS,LG,삼성,LG,RESULT,9회말,False,False,normal
20190806HHOB02019,2019-08-06,HH,OB,한화,두산,RESULT,9회초,False,False,normal
20190806KTSK02019,2019-08-06,KT,SK,KT,SSG,RESULT,9회말,False,False,normal
20190806LGHT02019,2019-08-06,LG,HT,LG,KIA,RESULT,9회말,False,False,normal
20190806SSNC02019,2019-08-06,SS,NC,삼성,NC,BEFORE,경기취소,True,False,cancelled
20190806WOLT02019,2019-08-06,WO,LT,키움,롯데,BEFORE,경기취소,True,False,cancelled
20190807HHOB02019,2019-08-07,HH,OB,한화,두산,RESULT,9회말,False,False,normal
20190807KTSK02019,2019-08-07,KT,SK,KT,SSG,RESULT,9회초,False,False,normal
20190807LGHT02019,2019-08-07,LG,HT,LG,KIA,RESULT,9회초,False,False,normal
20190807SSNC02019,2019-08-07,SS,NC,삼성,NC,RESULT,12회말,False,False,normal
20190807WOLT02019,2019-08-07,WO,LT,키움,롯데,RESULT,9회말,False,False,normal
20190808HHHT02019,2019-08-08,HH,HT,한화,KIA,RESULT,9회초,False,False,normal
20190808KTOB02019,2019-08-08,KT,OB,KT,두산,RESULT,9회초,False,False,normal
20190808LGNC02019,2019-08-08,LG,NC,LG,NC,RESULT,9회초,False,False,normal
20190808LTSS02019,2019-08-08,LT,SS,롯데,삼성,RESULT,9회말,False,False,normal
20190808SKWO02019,2019-08-08,SK,WO,SSG,키움,RESULT,9회말,False,False,normal
20190809HHHT02019,2019-08-09,HH,HT,한화,KIA,RESULT,9회초,False,False,normal
20190809KTOB02019,2019-08-09,KT,OB,KT,두산,RESULT,9회초,False,False,normal
20190809LGNC02019,2019-08-09,LG,NC,LG,NC,RESULT,10회말,False,False,normal
20190809LTSS02019,2019-08-09,LT,SS,롯데,삼성,RESULT,9회말,False,False,normal
20190809SKWO02019,2019-08-09,SK,WO,SSG,키움,RESULT,9회말,False,False,normal
20190810HHKT02019,2019-08-10,HH,KT,한화,KT,RESULT,9회초,False,False,normal
20190810HTSS02019,2019-08-10,HT,SS,KIA,삼성,RESULT,9회말,False,False,normal
20190810LTNC02019,2019-08-10,LT,NC,롯데,NC,RESULT,9회초,False,False,normal
20190810OBWO02019,2019-08-10,OB,WO,두산,키움,RESULT,9회초,False,False,normal
20190810SKLG02019,2019-08-10,SK,LG,SSG,LG,RESULT,9회말,False,False,normal
20190811HHKT02019,2019-08-11,HH,KT,한화,KT,RESULT,9회말,False,False,normal
20190811HTSS02019,2019-08-11,HT,SS,KIA,삼성,RESULT,9회초,False,False,normal
20190811LTNC02019,2019-08-11,LT,NC,롯데,NC,RESULT,9회초,False,False,normal
20190811OBWO02019,2019-08-11,OB,WO,두산,키움,RESULT,9회말,False,False,normal
20190811SKLG02019,2019-08-11,SK,LG,SSG,LG,RESULT,9회초,False,False,normal
20190813KTLT02019,2019-08-13,KT,LT,KT,롯데,RESULT,9회초,False,False,normal
20190813NCHH02019,2019-08-13,NC,HH,NC,한화,RESULT,9회말,False,False,normal
20190813OBHT02019,2019-08-13,OB,HT,두산,KIA,RESULT,9회말,False,False,normal
20190813SSSK02019,2019-08-13,SS,SK,삼성,SSG,RESULT,9회초,False,False,normal
20190813WOLG02019,2019-08-13,WO,LG,키움,LG,RESULT,9회말,False,False,normal
20190814KTLT02019,2019-08-14,KT,LT,KT,롯데,RESULT,9회말,False,False,normal
20190814NCHH02019,2019-08-14,NC,HH,NC,한화,RESULT,9회초,False,False,normal
20190814OBHT02019,2019-08-14,OB,HT,두산,KIA,RESULT,9회초,False,False,normal
20190814SSSK02019,2019-08-14,SS,SK,삼성,SSG,BEFORE,경기취소,True,False,cancelled
20190814WOLG02019,2019-08-14,WO,LG,키움,LG,RESULT,9회말,False,False,normal
20190815HHLT02019,2019-08-15,HH,LT,한화,롯데,RESULT,9회초,False,False,normal
20190815LGOB02019,2019-08-15,LG,OB,LG,두산,BEFORE,경기취소,True,False,cancelled
20190815NCWO02019,2019-08-15,NC,WO,NC,키움,RESULT,9회초,False,False,normal
20190815SKHT02019,2019-08-15,SK,HT,SSG,KIA,RESULT,9회말,False,False,normal
20190815SSKT02019,2019-08-15,SS,KT,삼성,KT,BEFORE,경기취소,True,False,cancelled
20190816HHLT02019,2019-08-16,HH,LT,한화,롯데,RESULT,9회말,False,False,normal
20190816LGOB02019,2019-08-16,LG,OB,LG,두산,RESULT,9회초,False,False,normal
20190816NCWO02019,2019-08-16,NC,WO,NC,키움,RESULT,9회초,False,False,normal
20190816SKHT02019,2019-08-16,SK,HT,SSG,KIA,RESULT,9회말,False,False,normal
20190816SSKT02019,2019-08-16,SS,KT,삼성,KT,RESULT,9회초,False,False,normal
20190817HHWO02019,2019-08-17,HH,WO,한화,키움,RESULT,9회말,False,False,normal
20190817KTHT02019,2019-08-17,KT,HT,KT,KIA,RESULT,10회말,False,False,normal
20190817LGSS02019,2019-08-17,LG,SS,LG,삼성,RESULT,9회초,False,False,normal
20190817LTOB02019,2019-08-17,LT,OB,롯데,두산,RESULT,9회초,False,False,normal
20190817SKNC02019,2019-08-17,SK,NC,SSG,NC,RESULT,9회초,False,False,normal
20190818HHWO02019,2019-08-18,HH,WO,한화,키움,RESULT,9회말,False,False,normal
20190818KTHT02019,2019-08-18,KT,HT,KT,KIA,RESULT,9회말,False,False,normal
20190818LGSS02019,2019-08-18,LG,SS,LG,삼성,RESULT,9회말,False,False,normal
20190818LTOB02019,2019-08-18,LT,OB,롯데,두산,RESULT,9회초,False,False,normal
20190818SKNC02019,2019-08-18,SK,NC,SSG,NC,RESULT,9회초,False,False,normal
20190820HTLG02019,2019-08-20,HT,LG,KIA,LG,RESULT,9회초,False,False,normal
20190820LTSK02019,2019-08-20,LT,SK,롯데,SSG,RESULT,9회초,False,False,normal
20190820OBNC02019,2019-08-20,OB,NC,두산,NC,RESULT,9회초,False,False,normal
20190820SSHH02019,2019-08-20,SS,HH,삼성,한화,RESULT,9회말,False,False,normal
20190820WOKT02019,2019-08-20,WO,KT,키움,KT,RESULT,9회초,False,False,normal
20190821HTLG02019,2019-08-21,HT,LG,KIA,LG,RESULT,9회초,False,False,normal
20190821LTSK02019,2019-08-21,LT,SK,롯데,SSG,RESULT,9회초,False,False,normal
20190821OBNC02019,2019-08-21,OB,NC,두산,NC,BEFORE,경기취소,True,False,cancelled
20190821SSHH02019,2019-08-21,SS,HH,삼성,한화,BEFORE,경기취소,True,False,cancelled
20190821WOKT02019,2019-08-21,WO,KT,키움,KT,RESULT,9회말,False,False,normal
20190822HHSK02019,2019-08-22,HH,SK,한화,SSG,RESULT,9회초,False,False,normal
20190822HTWO02019,2019-08-22,HT,WO,KIA,키움,RESULT,12회말,False,False,normal
20190822LTKT02019,2019-08-22,LT,KT,롯데,KT,RESULT,9회초,False,False,normal
20190822NCLG02019,2019-08-22,NC,LG,NC,LG,RESULT,9회말,False,False,normal
20190822OBSS02019,2019-08-22,OB,SS,두산,삼성,RESULT,9회말,False,False,normal
20190823HHSK02019,2019-08-23,HH,SK,한화,SSG,RESULT,9회초,False,False,normal
20190823HTWO02019,2019-08-23,HT,WO,KIA,키움,RESULT,9회초,False,False,normal
20190823LTKT02019,2019-08-23,LT,KT,롯데,KT,RESULT,12회말,False,False,normal
20190823NCLG02019,2019-08-23,NC,LG,NC,LG,RESULT,9회초,False,False,normal
20190823OBSS02019,2019-08-23,OB,SS,두산,삼성,RESULT,9회말,False,False,normal
20190824HTSK02019,2019-08-24,HT,SK,KIA,SSG,RESULT,9회초,False,False,normal
20190824KTLG02019,2019-08-24,KT,LG,KT,LG,RESULT,9회초,False,False,normal
20190824NCLT02019,2019-08-24,NC,LT,NC,롯데,RESULT,9회말,False,False,normal
20190824OBHH02019,2019-08-24,OB,HH,두산,한화,RESULT,9회말,False,False,normal
20190824WOSS02019,2019-08-24,WO,SS,키움,삼성,RESULT,9회초,False,False,normal
20190825HTSK02019,2019-08-25,HT,SK,KIA,SSG,RESULT,9회말,False,False,normal
20190825KTLG02019,2019-08-25,KT,LG,KT,LG,RESULT,9회말,False,False,normal
20190825NCLT02019,2019-08-25,NC,LT,NC,롯데,RESULT,9회초,False,False,normal
20190825OBHH02019,2019-08-25,OB,HH,두산,한화,RESULT,9회말,False,False,normal
20190825WOSS02019,2019-08-25,WO,SS,키움,삼성,RESULT,9회말,False,False,normal
20190827KTNC02019,2019-08-27,KT,NC,KT,NC,RESULT,9회초,False,False,normal
20190827LGLT02019,2019-08-27,LG,LT,LG,롯데,RESULT,9회말,False,False,normal
20190827SKOB02019,2019-08-27,SK,OB,SSG,두산,RESULT,9회초,False,False,normal
20190827SSHT02019,2019-08-27,SS,HT,삼성,KIA,RESULT,9회말,False,False,normal
20190827WOHH02019,2019-08-27,WO,HH,키움,한화,RESULT,9회말,False,False,normal
20190828KTNC02019,2019-08-28,KT,NC,KT,NC,RESULT,9회말,False,False,normal
20190828LGLT02019,2019-08-28,LG,LT,LG,롯데,RESULT,9회말,False,False,normal
20190828SKOB02019,2019-08-28,SK,OB,SSG,두산,RESULT,9회초,False,False,normal
20190828SSHT02019,2019-08-28,SS,HT,삼성,KIA,RESULT,9회초,False,False,normal
20190828WOHH02019,2019-08-28,WO,HH,키움,한화,RESULT,9회초,False,False,normal
20190829HHLG02019,2019-08-29,HH,LG,한화,LG,BEFORE,경기취소,True,False,cancelled
20190829HTNC02019,2019-08-29,HT,NC,KIA,NC,RESULT,9회초,False,False,normal
20190829LTWO02019,2019-08-29,LT,WO,롯데,키움,RESULT,9회초,False,False,normal
20190829OBKT02019,2019-08-29,OB,KT,두산,KT,RESULT,9회초,False,False,normal
20190829SKSS02019,2019-08-29,SK,SS,SSG,삼성,RESULT,9회초,False,False,normal
20190830HHLG02019,2019-08-30,HH,LG,한화,LG,RESULT,9회말,False,False,normal
20190830HTNC02019,2019-08-30,HT,NC,KIA,NC,RESULT,9회말,False,False,normal
20190830LTWO02019,2019-08-30,LT,WO,롯데,키움,RESULT,9회초,False,False,normal
20190830OBKT02019,2019-08-30,OB,KT,두산,KT,RESULT,9회말,False,False,normal
20190830SKSS02019,2019-08-30,SK,SS,SSG,삼성,RESULT,9회말,False,False,normal
20190831KTHH02019,2019-08-31,KT,HH,KT,한화,RESULT,9회말,False,False,normal
20190831LGSK02019,2019-08-31,LG,SK,LG,SSG,RESULT,9회말,False,False,normal
20190831LTHT02019,2019-08-31,LT,HT,롯데,KIA,RESULT,9회초,False,False,normal
20190831SSOB02019,2019-08-31,SS,OB,삼성,두산,RESULT,9회초,False,False,normal
20190831WONC02019,2019-08-31,WO,NC,키움,NC,RESULT,9회말,False,False,normal
20190901KTHH02019,2019-09-01,KT,HH,KT,한화,RESULT,9회초,False,False,normal
20190901LGSK02019,2019-09-01,LG,SK,LG,SSG,RESULT,9회초,False,False,normal
20190901LTHT02019,2019-09-01,LT,HT,롯데,KIA,RESULT,9회초,False,False,normal
20190901SSOB02019,2019-09-01,SS,OB,삼성,두산,RESULT,9회초,False,False,normal
20190901WONC02019,2019-09-01,WO,NC,키움,NC,RESULT,9회초,False,False,normal
20190903HTHH02019,2019-09-03,HT,HH,KIA,한화,RESULT,9회말,False,False,normal
20190903LGKT02019,2019-09-03,LG,KT,LG,KT,RESULT,9회말,False,False,normal
20190903NCSK02019,2019-09-03,NC,SK,NC,SSG,RESULT,9회초,False,False,normal
20190903SSLT02019,2019-09-03,SS,LT,삼성,롯데,RESULT,9회말,False,False,normal
20190903WOOB02019,2019-09-03,WO,OB,키움,두산,RESULT,9회말,False,False,normal
20190904HTHH02019,2019-09-04,HT,HH,KIA,한화,RESULT,9회말,False,False,normal
20190904LGKT02019,2019-09-04,LG,KT,LG,KT,BEFORE,경기취소,True,False,cancelled
20190904NCSK02019,2019-09-04,NC,SK,NC,SSG,BEFORE,경기취소,True,False,cancelled
20190904SSLT02019,2019-09-04,SS,LT,삼성,롯데,RESULT,9회말,False,False,normal
20190904WOOB02019,2019-09-04,WO,OB,키움,두산,BEFORE,경기취소,True,False,cancelled
20190905HHNC02019,2019-09-05,HH,NC,한화,NC,RESULT,9회말,False,False,normal
20190905HTKT02019,2019-09-05,HT,KT,KIA,KT,BEFORE,경기취소,True,False,cancelled
20190905LTLG02019,2019-09-05,LT,LG,롯데,LG,BEFORE,경기취소,True,False,cancelled
20190905OBSK02019,2019-09-05,OB,SK,두산,SSG,BEFORE,경기취소,True,False,cancelled
20190905SSWO02019,2019-09-05,SS,WO,삼성,키움,RESULT,9회말,False,False,normal
20190906HHNC02019,2019-09-06,HH,NC,한화,NC,RESULT,9회초,False,False,normal
20190906HTKT02019,2019-09-06,HT,KT,KIA,KT,RESULT,9회초,False,False,normal
20190906LTLG02019,2019-09-06,LT,LG,롯데,LG,RESULT,9회초,False,False,normal
20190906OBSK02019,2019-09-06,OB,SK,두산,SSG,BEFORE,경기취소,True,False,cancelled
20190906SSWO02019,2019-09-06,SS,WO,삼성,키움,RESULT,9회초,False,False,normal
20190907LTHH02019,2019-09-07,LT,HH,롯데,한화,RESULT,9회초,False,False,normal
20190907NCSS02019,2019-09-07,NC,SS,NC,삼성,RESULT,9회말,False,False,normal
20190907OBLG02019,2019-09-07,OB,LG,두산,LG,BEFORE,경기취소,True,False,cancelled
20190907SKKT02019,2019-09-07,SK,KT,SSG,KT,BEFORE,경기취소,True,False,cancelled
20190907WOHT02019,2019-09-07,WO,HT,키움,KIA,RESULT,9회말,False,False,normal
20190908LTHH02019,2019-09-08,LT,HH,롯데,한화,RESULT,9회말,False,False,normal
20190908NCSS02019,2019-09-08,NC,SS,NC,삼성,RESULT,9회초,False,False,normal
20190908OBLG02019,2019-09-08,OB,LG,두산,LG,RESULT,9회초,False,False,normal
20190908SKKT02019,2019-09-08,SK,KT,SSG,KT,RESULT,9회초,False,False,normal
20190908WOHT02019,2019-09-08,WO,HT,키움,KIA,RESULT,9회말,False,False,normal
20190910HTLT02019,2019-09-10,HT,LT,KIA,롯데,RESULT,9회초,False,False,normal
20190910KTSS02019,2019-09-10,KT,SS,KT,삼성,RESULT,9회초,False,False,normal
20190910LGHH02019,2019-09-10,LG,HH,LG,한화,RESULT,9회말,False,False,normal
20190910NCOB02019,2019-09-10,NC,OB,NC,두산,BEFORE,경기취소,True,False,cancelled
20190910WOSK02019,2019-09-10,WO,SK,키움,SSG,BEFORE,경기취소,True,False,cancelled
20190911HTLT02019,2019-09-11,HT,LT,KIA,롯데,RESULT,9회말,False,False,normal
20190911KTSS02019,2019-09-11,KT,SS,KT,삼성,RESULT,9회초,False,False,normal
20190911LGHH02019,2019-09-11,LG,HH,LG,한화,RESULT,9회초,False,False,normal
20190911NCOB02019,2019-09-11,NC,OB,NC,두산,RESULT,9회말,False,False,normal
20190911WOSK02019,2019-09-11,WO,SK,키움,SSG,RESULT,9회말,False,False,normal
20190912HHSS02019,2019-09-12,HH,SS,한화,삼성,BEFORE,경기취소,True,False,cancelled
20190912HTOB02019,2019-09-12,HT,OB,KIA,두산,RESULT,9회초,False,False,normal
20190912LGWO02019,2019-09-12,LG,WO,LG,키움,RESULT,9회말,False,False,normal
20190912NCKT02019,2019-09-12,NC,KT,NC,KT,RESULT,9회말,False,False,normal
20190912SKLT02019,2019-09-12,SK,LT,SSG,롯데,RESULT,9회말,False,False,normal
20190913HHSS02019,2019-09-13,HH,SS,한화,삼성,RESULT,9회말,False,False,normal
20190913HTOB02019,2019-09-13,HT,OB,KIA,두산,RESULT,9회초,False,False,normal
20190913LGWO02019,2019-09-13,LG,WO,LG,키움,RESULT,9회말,False,False,normal
20190913NCKT02019,2019-09-13,NC,KT,NC,KT,RESULT,9회말,False,False,normal
20190913SKLT02019,2019-09-13,SK,LT,SSG,롯데,RESULT,9회초,False,False,normal
20190914HTLG02019,2019-09-14,HT,LG,KIA,LG,RESULT,9회초,False,False,normal
20190914LTHH02019,2019-09-14,LT,HH,롯데,한화,RESULT,9회초,False,False,normal
20190914OBSK02019,2019-09-14,OB,SK,두산,SSG,RESULT,9회말,False,False,normal
20190914SSNC02019,2019-09-14,SS,NC,삼성,NC,RESULT,9회초,False,False,normal
20190914WOKT02019,2019-09-14,WO,KT,키움,KT,RESULT,9회초,False,False,normal
20190915KTSK02019,2019-09-15,KT,SK,KT,SSG,RESULT,9회말,False,False,normal
20190915LTHH02019,2019-09-15,LT,HH,롯데,한화,RESULT,9회말,False,False,normal
20190915OBLG02019,2019-09-15,OB,LG,두산,LG,RESULT,9회초,False,False,normal
20190915SSNC02019,2019-09-15,SS,NC,삼성,NC,RESULT,9회초,False,False,normal
20190916HHSS02019,2019-09-16,HH,SS,한화,삼성,RESULT,9회말,False,False,normal
20190916LGKT02019,2019-09-16,LG,KT,LG,KT,RESULT,9회말,False,False,normal
20190916WOOB02019,2019-09-16,WO,OB,키움,두산,RESULT,9회말,False,False,normal
20190917NCHT02019,2019-09-17,NC,HT,NC,KIA,RESULT,9회초,False,False,normal
20190917WOHH02019,2019-09-17,WO,HH,키움,한화,RESULT,9회초,False,False,normal
20190918LGSS02019,2019-09-18,LG,SS,LG,삼성,RESULT,9회말,False,False,normal
20190918LTHT02019,2019-09-18,LT,HT,롯데,KIA,RESULT,9회초,False,False,normal
20190918NCSK02019,2019-09-18,NC,SK,NC,SSG,RESULT,9회말,False,False,normal
20190919HTSS02019,2019-09-19,HT,SS,KIA,삼성,RESULT,9회초,False,False,normal
20190919LGNC02019,2019-09-19,LG,NC,LG,NC,RESULT,9회초,False,False,normal
20190919OBSK12019,2019-09-19,OB,SK,두산,SSG,RESULT,9회말,False,False,normal
20190919OBSK22019,2019-09-19,OB,SK,두산,SSG,RESULT,9회말,False,False,normal
20190920HTOB02019,2019-09-20,HT,OB,KIA,두산,RESULT,9회초,False,False,normal
20190920KTLT02019,2019-09-20,KT,LT,KT,롯데,RESULT,9회말,False,False,normal
20190920SSHH02019,2019-09-20,SS,HH,삼성,한화,RESULT,9회초,False,False,normal
20190920WOSK02019,2019-09-20,WO,SK,키움,SSG,RESULT,9회말,False,False,normal
20190921HTOB02019,2019-09-21,HT,OB,KIA,두산,RESULT,9회초,False,False,normal
20190921NCLT02019,2019-09-21,NC,LT,NC,롯데,BEFORE,경기취소,True,False,cancelled
20190921SKHH02019,2019-09-21,SK,HH,SSG,한화,BEFORE,경기취소,True,False,cancelled
20190921SSKT02019,2019-09-21,SS,KT,삼성,KT,RESULT,9회말,False,False,normal
20190922LGOB02019,2019-09-22,LG,OB,LG,두산,RESULT,10회말,False,False,normal
20190922NCLT02019,2019-09-22,NC,LT,NC,롯데,BEFORE,경기취소,True,False,cancelled
20190922SKHH02019,2019-09-22,SK,HH,SSG,한화,BEFORE,경기취소,True,False,cancelled
20190922SKHH12019,2019-09-22,SK,HH,SSG,한화,BEFORE,경기취소,True,False,cancelled
20190922SSKT02019,2019-09-22,SS,KT,삼성,KT,BEFORE,경기취소,True,False,cancelled
20190923HHLG02019,2019-09-23,HH,LG,한화,LG,RESULT,9회말,False,False,normal
20190923HTKT02019,2019-09-23,HT,KT,KIA,KT,RESULT,9회초,False,False,normal
20190923NCLT02019,2019-09-23,NC,LT,NC,롯데,RESULT,9회말,False,False,normal
20190924OBNC02019,2019-09-24,OB,NC,두산,NC,RESULT,12회말,False,False,normal
20190924SKKT02019,2019-09-24,SK,KT,SSG,KT,RESULT,9회초,False,False,normal
20190924SSLG02019,2019-09-24,SS,LG,삼성,LG,RESULT,9회말,False,False,normal
20190924WOHT02019,2019-09-24,WO,HT,키움,KIA,RESULT,9회초,False,False,normal
20190925HHNC02019,2019-09-25,HH,NC,한화,NC,RESULT,9회말,False,False,normal
20190925OBLT02019,2019-09-25,OB,LT,두산,롯데,RESULT,9회말,False,False,normal
20190925SSSK02019,2019-09-25,SS,SK,삼성,SSG,RESULT,9회초,False,False,normal
20190926HHNC02019,2019-09-26,HH,NC,한화,NC,RESULT,9회말,False,False,normal
20190926HTLT02019,2019-09-26,HT,LT,KIA,롯데,RESULT,9회말,False,False,normal
20190926LGKT02019,2019-09-26,LG,KT,LG,KT,RESULT,9회말,False,False,normal
20190926OBSS02019,2019-09-26,OB,SS,두산,삼성,RESULT,9회말,False,False,normal
20190927NCLG02019,2019-09-27,NC,LG,NC,LG,RESULT,9회말,False,False,normal
20190927SKSS02019,2019-09-27,SK,SS,SSG,삼성,RESULT,9회말,False,False,normal
20190927WOLT02019,2019-09-27,WO,LT,키움,롯데,BEFORE,경기취소,True,False,cancelled
20190928HHOB02019,2019-09-28,HH,OB,한화,두산,RESULT,10회말,False,False,normal
20190928LGHT02019,2019-09-28,LG,HT,LG,KIA,RESULT,9회초,False,False,normal
20190928NCKT02019,2019-09-28,NC,KT,NC,KT,RESULT,9회초,False,False,normal
20190928SKSS02019,2019-09-28,SK,SS,SSG,삼성,RESULT,10회말,False,False,normal
20190928WOLT02019,2019-09-28,WO,LT,키움,롯데,BEFORE,경기취소,True,False,cancelled
20190929OBLG02019,2019-09-29,OB,LG,두산,LG,RESULT,9회말,False,False,normal
20190929SKHH02019,2019-09-29,SK,HH,SSG,한화,RESULT,9회말,False,False,normal
20190929SSKT02019,2019-09-29,SS,KT,삼성,KT,RESULT,9회초,False,False,normal
20190929WOLT02019,2019-09-29,WO,LT,키움,롯데,RESULT,9회말,False,False,normal
20190930LTLG02019,2019-09-30,LT,LG,롯데,LG,RESULT,9회초,False,False,normal
20190930SKHH02019,2019-09-30,SK,HH,SSG,한화,RESULT,9회말,False,False,normal
20191001NCOB02019,2019-10-01,NC,OB,NC,두산,RESULT,9회말,False,False,normal
20191001WOLT02019,2019-10-01,WO,LT,키움,롯데,RESULT,9회말,False,False,normal
20200505HHSK02020,2020-05-05,HH,SK,한화,SK,RESULT,9회말,False,False,normal
20200505LTKT02020,2020-05-05,LT,KT,롯데,KT,RESULT,9회말,False,False,normal
20200505NCSS02020,2020-05-05,NC,SS,NC,삼성,RESULT,9회말,False,False,normal
20200505OBLG02020,2020-05-05,OB,LG,두산,LG,RESULT,9회초,False,False,normal
20200505WOHT02020,2020-05-05,WO,HT,키움,KIA,RESULT,9회말,False,False,normal
20200506HHSK02020,2020-05-06,HH,SK,한화,SK,RESULT,9회초,False,False,normal
20200506LTKT02020,2020-05-06,LT,KT,롯데,KT,RESULT,9회말,False,False,normal
20200506NCSS02020,2020-05-06,NC,SS,NC,삼성,RESULT,9회말,False,False,normal
20200506OBLG02020,2020-05-06,OB,LG,두산,LG,RESULT,9회말,False,False,normal
20200506WOHT02020,2020-05-06,WO,HT,키움,KIA,RESULT,9회말,False,False,normal
20200507HHSK02020,2020-05-07,HH,SK,한화,SK,RESULT,9회말,False,False,normal
20200507LTKT02020,2020-05-07,LT,KT,롯데,KT,RESULT,9회말,False,False,normal
20200507NCSS02020,2020-05-07,NC,SS,NC,삼성,RESULT,9회말,False,False,normal
20200507OBLG02020,2020-05-07,OB,LG,두산,LG,RESULT,9회말,False,False,normal
20200507WOHT02020,2020-05-07,WO,HT,키움,KIA,RESULT,9회초,False,False,normal
20200508HHWO02020,2020-05-08,HH,WO,한화,키움,RESULT,9회초,False,False,normal
20200508HTSS02020,2020-05-08,HT,SS,KIA,삼성,RESULT,9회초,False,False,normal
20200508KTOB02020,2020-05-08,KT,OB,KT,두산,RESULT,9회말,False,False,normal
20200508LGNC02020,2020-05-08,LG,NC,LG,NC,RESULT,9회초,False,False,normal
20200508SKLT02020,2020-05-08,SK,LT,SK,롯데,RESULT,10회말,False,False,normal
20200509HHWO02020,2020-05-09,HH,WO,한화,키움,RESULT,9회초,False,False,normal
20200509HTSS02020,2020-05-09,HT,SS,KIA,삼성,RESULT,9회초,False,False,normal
20200509KTOB02020,2020-05-09,KT,OB,KT,두산,BEFORE,경기취소,True,False,cancelled
20200509LGNC02020,2020-05-09,LG,NC,LG,NC,BEFORE,경기취소,True,False,cancelled
20200509SKLT02020,2020-05-09,SK,LT,SK,롯데,BEFORE,경기취소,True,False,cancelled
20200510HHWO02020,2020-05-10,HH,WO,한화,키움,RESULT,9회초,False,False,normal
20200510HTSS02020,2020-05-10,HT,SS,KIA,삼성,RESULT,9회말,False,False,normal
20200510KTOB02020,2020-05-10,KT,OB,KT,두산,RESULT,11회말,False,False,normal
20200510LGNC02020,2020-05-10,LG,NC,LG,NC,RESULT,9회말,False,False,normal
20200510SKLT02020,2020-05-10,SK,LT,SK,롯데,RESULT,9회초,False,False,normal
20200512HTHH02020,2020-05-12,HT,HH,KIA,한화,RESULT,9회말,False,False,normal
20200512KTNC02020,2020-05-12,KT,NC,KT,NC,RESULT,10회말,False,False,normal
20200512OBLT02020,2020-05-12,OB,LT,두산,롯데,RESULT,9회말,False,False,normal
20200512SKLG02020,2020-05-12,SK,LG,SK,LG,RESULT,9회초,False,False,normal
20200512SSWO02020,2020-05-12,SS,WO,삼성,키움,RESULT,9회초,False,False,normal
20200513HTHH02020,2020-05-13,HT,HH,KIA,한화,RESULT,9회말,False,False,normal
20200513KTNC02020,2020-05-13,KT,NC,KT,NC,RESULT,10회말,False,False,normal
20200513OBLT02020,2020-05-13,OB,LT,두산,롯데,RESULT,9회말,False,False,normal
20200513SKLG02020,2020-05-13,SK,LG,SK,LG,RESULT,9회초,False,False,normal
20200513SSWO02020,2020-05-13,SS,WO,삼성,키움,RESULT,9회말,False,False,normal
20200514HTHH02020,2020-05-14,HT,HH,KIA,한화,RESULT,9회초,False,False,normal
20200514KTNC02020,2020-05-14,KT,NC,KT,NC,RESULT,9회초,False,False,normal
20200514OBLT02020,2020-05-14,OB,LT,두산,롯데,RESULT,9회말,False,False,normal
20200514SKLG02020,2020-05-14,SK,LG,SK,LG,RESULT,9회말,False,False,normal
20200514SSWO02020,2020-05-14,SS,WO,삼성,키움,RESULT,9회말,False,False,normal
20200515LTHH02020,2020-05-15,LT,HH,롯데,한화,RESULT,9회초,False,False,normal
20200515NCSK02020,2020-05-15,NC,SK,NC,SK,RESULT,10회말,False,False,normal
20200515OBHT02020,2020-05-15,OB,HT,두산,KIA,RESULT,9회말,False,False,normal
20200515SSKT02020,2020-05-15,SS,KT,삼성,KT,RESULT,9회초,False,False,normal
20200515WOLG02020,2020-05-15,WO,LG,키움,LG,BEFORE,경기취소,True,False,cancelled
20200516LTHH02020,2020-05-16,LT,HH,롯데,한화,RESULT,9회말,False,False,normal
20200516NCSK02020,2020-05-16,NC,SK,NC,SK,RESULT,9회말,False,False,normal
20200516OBHT02020,2020-05-16,OB,HT,두산,KIA,RESULT,9회초,False,False,normal
20200516SSKT02020,2020-05-16,SS,KT,삼성,KT,RESULT,9회초,False,False,normal
20200516WOLG12020,2020-05-16,WO,LG,키움,LG,RESULT,9회초,False,False,normal
20200516WOLG22020,2020-05-16,WO,LG,키움,LG,RESULT,9회초,False,False,normal
20200517LTHH02020,2020-05-17,LT,HH,롯데,한화,RESULT,11회말,False,False,normal
20200517NCSK02020,2020-05-17,NC,SK,NC,SK,RESULT,9회말,False,False,normal
20200517OBHT02020,2020-05-17,OB,HT,두산,KIA,RESULT,9회말,False,False,normal
20200517SSKT02020,2020-05-17,SS,KT,삼성,KT,RESULT,9회초,False,False,normal
20200517WOLG02020,2020-05-17,WO,LG,키움,LG,RESULT,9회말,False,False,normal
20200519HHKT02020,2020-05-19,HH,KT,한화,KT,RESULT,9회초,False,False,normal
20200519LGSS02020,2020-05-19,LG,SS,LG,삼성,RESULT,9회말,False,False,normal
20200519LTHT02020,2020-05-19,LT,HT,롯데,KIA,RESULT,9회초,False,False,normal
20200519NCOB02020,2020-05-19,NC,OB,NC,두산,RESULT,9회말,False,False,normal
20200519SKWO02020,2020-05-19,SK,WO,SK,키움,RESULT,9회초,False,False,normal
20200520HHKT02020,2020-05-20,HH,KT,한화,KT,RESULT,9회초,False,False,normal
20200520LGSS02020,2020-05-20,LG,SS,LG,삼성,RESULT,9회초,False,False,normal
20200520LTHT02020,2020-05-20,LT,HT,롯데,KIA,RESULT,9회초,False,False,normal
20200520NCOB02020,2020-05-20,NC,OB,NC,두산,RESULT,11회말,False,False,normal
20200520SKWO02020,2020-05-20,SK,WO,SK,키움,RESULT,9회말,False,False,normal
20200521HHKT02020,2020-05-21,HH,KT,한화,KT,RESULT,9회말,False,False,normal
20200521LGSS02020,2020-05-21,LG,SS,LG,삼성,RESULT,9회말,False,False,normal
20200521LTHT02020,2020-05-21,LT,HT,롯데,KIA,RESULT,9회초,False,False,normal
20200521NCOB02020,2020-05-21,NC,OB,NC,두산,RESULT,9회말,False,False,normal
20200521SKWO02020,2020-05-21,SK,WO,SK,키움,RESULT,10회말,False,False,normal
20200522HHNC02020,2020-05-22,HH,NC,한화,NC,RESULT,9회말,False,False,normal
20200522HTSK02020,2020-05-22,HT,SK,KIA,SK,RESULT,9회말,False,False,normal
20200522KTLG02020,2020-05-22,KT,LG,KT,LG,RESULT,9회말,False,False,normal
20200522OBSS02020,2020-05-22,OB,SS,두산,삼성,RESULT,9회말,False,False,normal
20200522WOLT02020,2020-05-22,WO,LT,키움,롯데,RESULT,9회초,False,False,normal
20200523HHNC02020,2020-05-23,HH,NC,한화,NC,RESULT,9회초,False,False,normal
20200523HTSK02020,2020-05-23,HT,SK,KIA,SK,RESULT,9회말,False,False,normal
20200523KTLG02020,2020-05-23,KT,LG,KT,LG,RESULT,9회말,False,False,normal
20200523OBSS02020,2020-05-23,OB,SS,두산,삼성,RESULT,9회말,False,False,normal
20200523WOLT02020,2020-05-23,WO,LT,키움,롯데,RESULT,9회말,False,False,normal
20200524HHNC02020,2020-05-24,HH,NC,한화,NC,RESULT,9회초,False,False,normal
20200524HTSK02020,2020-05-24,HT,SK,KIA,SK,RESULT,12회말,False,False,normal
20200524KTLG02020,2020-05-24,KT,LG,KT,LG,RESULT,9회말,False,False,normal
20200524OBSS02020,2020-05-24,OB,SS,두산,삼성,RESULT,9회초,False,False,normal
20200524WOLT02020,2020-05-24,WO,LT,키움,롯데,RESULT,9회초,False,False,normal
20200526HTKT02020,2020-05-26,HT,KT,KIA,KT,RESULT,9회말,False,False,normal
20200526LGHH02020,2020-05-26,LG,HH,LG,한화,RESULT,9회말,False,False,normal
20200526SKOB02020,2020-05-26,SK,OB,SK,두산,RESULT,9회초,False,False,normal
20200526SSLT02020,2020-05-26,SS,LT,삼성,롯데,RESULT,9회초,False,False,normal
20200526WONC02020,2020-05-26,WO,NC,키움,NC,RESULT,9회초,False,False,normal
20200527HTKT02020,2020-05-27,HT,KT,KIA,KT,RESULT,9회초,False,False,normal
20200527LGHH02020,2020-05-27,LG,HH,LG,한화,RESULT,9회말,False,False,normal
20200527SKOB02020,2020-05-27,SK,OB,SK,두산,RESULT,9회초,False,False,normal
20200527SSLT02020,2020-05-27,SS,LT,삼성,롯데,RESULT,9회말,False,False,normal
20200527WONC02020,2020-05-27,WO,NC,키움,NC,RESULT,9회초,False,False,normal
20200528HTKT02020,2020-05-28,HT,KT,KIA,KT,RESULT,9회초,False,False,normal
20200528LGHH02020,2020-05-28,LG,HH,LG,한화,RESULT,9회말,False,False,normal
20200528SKOB02020,2020-05-28,SK,OB,SK,두산,RESULT,9회말,False,False,normal
20200528SSLT02020,2020-05-28,SS,LT,삼성,롯데,RESULT,9회말,False,False,normal
20200528WONC02020,2020-05-28,WO,NC,키움,NC,RESULT,9회초,False,False,normal
20200529HHSK02020,2020-05-29,HH,SK,한화,SK,RESULT,9회초,False,False,normal
20200529KTWO02020,2020-05-29,KT,WO,KT,키움,RESULT,9회초,False,False,normal
20200529LGHT02020,2020-05-29,LG,HT,LG,KIA,RESULT,9회말,False,False,normal
20200529LTOB02020,2020-05-29,LT,OB,롯데,두산,RESULT,9회초,False,False,normal
20200529NCSS02020,2020-05-29,NC,SS,NC,삼성,RESULT,9회말,False,False,normal
20200530HHSK02020,2020-05-30,HH,SK,한화,SK,RESULT,9회초,False,False,normal
20200530KTWO02020,2020-05-30,KT,WO,KT,키움,RESULT,9회초,False,False,normal
20200530LGHT02020,2020-05-30,LG,HT,LG,KIA,RESULT,9회초,False,False,normal
20200530LTOB02020,2020-05-30,LT,OB,롯데,두산,RESULT,11회말,False,False,normal
20200530NCSS02020,2020-05-30,NC,SS,NC,삼성,RESULT,9회초,False,False,normal
20200531HHSK02020,2020-05-31,HH,SK,한화,SK,RESULT,9회초,False,False,normal
20200531KTWO02020,2020-05-31,KT,WO,KT,키움,RESULT,9회말,False,False,normal
20200531LGHT02020,2020-05-31,LG,HT,LG,KIA,RESULT,9회말,False,False,normal
20200531LTOB02020,2020-05-31,LT,OB,롯데,두산,RESULT,11회말,False,False,normal
20200531NCSS02020,2020-05-31,NC,SS,NC,삼성,RESULT,9회말,False,False,normal
20200602LTHT02020,2020-06-02,LT,HT,롯데,KIA,RESULT,9회초,False,False,normal
20200602OBKT02020,2020-06-02,OB,KT,두산,KT,RESULT,9회말,False,False,normal
20200602SKNC02020,2020-06-02,SK,NC,SK,NC,RESULT,9회말,False,False,normal
20200602SSLG02020,2020-06-02,SS,LG,삼성,LG,RESULT,9회말,False,False,normal
20200602WOHH02020,2020-06-02,WO,HH,키움,한화,RESULT,9회말,False,False,normal
20200603LTHT02020,2020-06-03,LT,HT,롯데,KIA,RESULT,9회초,False,False,normal
20200603OBKT02020,2020-06-03,OB,KT,두산,KT,RESULT,9회초,False,False,normal
20200603SKNC02020,2020-06-03,SK,NC,SK,NC,RESULT,9회초,False,False,normal
20200603SSLG02020,2020-06-03,SS,LG,삼성,LG,RESULT,9회말,False,False,normal
20200603WOHH02020,2020-06-03,WO,HH,키움,한화,RESULT,9회말,False,False,normal
20200604LTHT02020,2020-06-04,LT,HT,롯데,KIA,RESULT,9회초,False,False,normal
20200604OBKT02020,2020-06-04,OB,KT,두산,KT,RESULT,9회말,False,False,normal
20200604SKNC02020,2020-06-04,SK,NC,SK,NC,RESULT,9회초,False,False,normal
20200604SSLG02020,2020-06-04,SS,LG,삼성,LG,RESULT,9회초,False,False,normal
20200604WOHH02020,2020-06-04,WO,HH,키움,한화,RESULT,9회말,False,False,normal
20200605HTOB02020,2020-06-05,HT,OB,KIA,두산,RESULT,9회초,False,False,normal
20200605KTLT02020,2020-06-05,KT,LT,KT,롯데,RESULT,9회초,False,False,normal
20200605LGWO02020,2020-06-05,LG,WO,LG,키움,RESULT,9회초,False,False,normal
20200605NCHH02020,2020-06-05,NC,HH,NC,한화,RESULT,9회말,False,False,normal
20200605SSSK02020,2020-06-05,SS,SK,삼성,SK,RESULT,9회초,False,False,normal
20200606HTOB02020,2020-06-06,HT,OB,KIA,두산,RESULT,9회말,False,False,normal
20200606KTLT02020,2020-06-06,KT,LT,KT,롯데,RESULT,9회말,False,False,normal
20200606LGWO02020,2020-06-06,LG,WO,LG,키움,RESULT,9회말,False,False,normal
20200606NCHH02020,2020-06-06,NC,HH,NC,한화,RESULT,9회말,False,False,normal
20200606SSSK02020,2020-06-06,SS,SK,삼성,SK,RESULT,9회초,False,False,normal
20200607HTOB02020,2020-06-07,HT,OB,KIA,두산,RESULT,9회초,False,False,normal
20200607KTLT02020,2020-06-07,KT,LT,KT,롯데,RESULT,9회초,False,False,normal
20200607LGWO02020,2020-06-07,LG,WO,LG,키움,RESULT,9회말,False,False,normal
20200607NCHH02020,2020-06-07,NC,HH,NC,한화,RESULT,9회말,False,False,normal
20200607SSSK02020,2020-06-07,SS,SK,삼성,SK,RESULT,9회말,False,False,normal
20200609HHLT02020,2020-06-09,HH,LT,한화,롯데,RESULT,9회초,False,False,normal
20200609HTKT02020,2020-06-09,HT,KT,KIA,KT,RESULT,9회말,False,False,normal
20200609OBNC02020,2020-06-09,OB,NC,두산,NC,RESULT,9회초,False,False,normal
20200609SKLG02020,2020-06-09,SK,LG,SK,LG,RESULT,10회말,False,False,normal
20200609WOSS02020,2020-06-09,WO,SS,키움,삼성,RESULT,9회말,False,False,normal
20200610HHLT02020,2020-06-10,HH,LT,한화,롯데,RESULT,9회초,False,False,normal
20200610HTKT02020,2020-06-10,HT,KT,KIA,KT,RESULT,5회말,False,False,called
20200610OBNC02020,2020-06-10,OB,NC,두산,NC,RESULT,9회말,False,False,normal
20200610SKLG02020,2020-06-10,SK,LG,SK,LG,BEFORE,경기취소,True,False,cancelled
20200610WOSS02020,2020-06-10,WO,SS,키움,삼성,RESULT,9회초,False,False,normal
20200611HHLT02020,2020-06-11,HH,LT,한화,롯데,RESULT,9회초,False,False,normal
20200611HTKT02020,2020-06-11,HT,KT,KIA,KT,RESULT,9회초,False,False,normal
20200611OBNC02020,2020-06-11,OB,NC,두산,NC,RESULT,9회초,False,False,normal
20200611SKLG12020,2020-06-11,SK,LG,SK,LG,RESULT,9회초,False,False,normal
20200611SKLG22020,2020-06-11,SK,LG,SK,LG,RESULT,9회초,False,False,normal
20200611WOSS02020,2020-06-11,WO,SS,키움,삼성,RESULT,9회초,False,False,normal
20200612HTSK02020,2020-06-12,HT,SK,KIA,SK,RESULT,9회말,False,False,normal
20200612KTSS02020,2020-06-12,KT,SS,KT,삼성,BEFORE,경기취소,True,False,cancelled
20200612LTLG02020,2020-06-12,LT,LG,롯데,LG,RESULT,10회말,False,False,normal
20200612OBHH02020,2020-06-12,OB,HH,두산,한화,RESULT,9회말,False,False,normal
20200612WONC02020,2020-06-12,WO,NC,키움,NC,RESULT,10회말,False,False,normal
20200613HTSK02020,2020-06-13,HT,SK,KIA,SK,RESULT,9회말,False,False,normal
20200613KTSS12020,2020-06-13,KT,SS,KT,삼성,RESULT,9회초,False,False,normal
20200613KTSS22020,2020-06-13,KT,SS,KT,삼성,RESULT,9회말,False,False,normal
20200613LTLG02020,2020-06-13,LT,LG,롯데,LG,RESULT,9회말,False,False,normal
20200613OBHH02020,2020-06-14,OB,HH,두산,한화,RESULT,9회말,False,False,normal
20200613WONC02020,2020-06-13,WO,NC,키움,NC,RESULT,9회말,False,False,normal
20200614HTSK02020,2020-06-14,HT,SK,KIA,SK,RESULT,9회말,False,False,normal
20200614KTSS02020,2020-06-14,KT,SS,KT,삼성,RESULT,9회초,False,False,normal
20200614LTLG02020,2020-06-14,LT,LG,롯데,LG,RESULT,9회초,False,False,normal
20200614OBHH02020,2020-06-14,OB,HH,두산,한화,RESULT,9회초,False,False,normal
20200614WONC02020,2020-06-14,WO,NC,키움,NC,RESULT,9회초,False,False,normal
20200616KTSK02020,2020-06-16,KT,SK,KT,SK,RESULT,10회말,False,False,normal
20200616LGHH02020,2020-06-16,LG,HH,LG,한화,RESULT,9회말,False,False,normal
20200616LTWO02020,2020-06-16,LT,WO,롯데,키움,RESULT,9회말,False,False,normal
20200616NCHT02020,2020-06-16,NC,HT,NC,KIA,RESULT,9회초,False,False,normal
20200616SSOB02020,2020-06-16,SS,OB,삼성,두산,RESULT,9회말,False,False,normal
20200617KTSK02020,2020-06-17,KT,SK,KT,SK,RESULT,10회말,False,False,normal
20200617LGHH02020,2020-06-17,LG,HH,LG,한화,RESULT,9회말,False,False,normal
20200617LTWO02020,2020-06-17,LT,WO,롯데,키움,RESULT,9회말,False,False,normal
20200617NCHT02020,2020-06-17,NC,HT,NC,KIA,RESULT,9회초,False,False,normal
20200617SSOB02020,2020-06-17,SS,OB,삼성,두산,RESULT,9회말,False,False,normal
20200618KTSK02020,2020-06-18,KT,SK,KT,SK,RESULT,9회말,False,False,normal
20200618LGHH02020,2020-06-18,LG,HH,LG,한화,RESULT,9회말,False,False,normal
20200618LTWO02020,2020-06-18,LT,WO,롯데,키움,RESULT,10회말,False,False,normal
20200618NCHT02020,2020-06-18,NC,HT,NC,KIA,BEFORE,경기취소,True,False,cancelled
20200618SSOB02020,2020-06-18,SS,OB,삼성,두산,RESULT,9회초,False,False,normal
20200619HHNC02020,2020-06-19,HH,NC,한화,NC,RESULT,9회초,False,False,normal
20200619LTKT02020,2020-06-19,LT,KT,롯데,KT,RESULT,10회말,False,False,normal
20200619OBLG02020,2020-06-19,OB,LG,두산,LG,RESULT,9회말,False,False,normal
20200619SKWO02020,2020-06-19,SK,WO,SK,키움,RESULT,9회말,False,False,normal
20200619SSHT02020,2020-06-19,SS,HT,삼성,KIA,RESULT,9회초,False,False,normal
20200620HHNC02020,2020-06-20,HH,NC,한화,NC,RESULT,9회말,False,False,normal
20200620LTKT02020,2020-06-20,LT,KT,롯데,KT,RESULT,9회말,False,False,normal
20200620OBLG02020,2020-06-20,OB,LG,두산,LG,RESULT,9회말,False,False,normal
20200620SKWO02020,2020-06-20,SK,WO,SK,키움,RESULT,9회초,False,False,normal
20200620SSHT02020,2020-06-20,SS,HT,삼성,KIA,RESULT,9회초,False,False,normal
20200621HHNC02020,2020-06-21,HH,NC,한화,NC,RESULT,9회초,False,False,normal
20200621LTKT02020,2020-06-21,LT,KT,롯데,KT,RESULT,9회초,False,False,normal
20200621OBLG02020,2020-06-21,OB,LG,두산,LG,RESULT,9회말,False,False,normal
20200621SKWO02020,2020-06-21,SK,WO,SK,키움,RESULT,9회초,False,False,normal
20200621SSHT02020,2020-06-21,SS,HT,삼성,KIA,RESULT,9회말,False,False,normal
20200623HHSS02020,2020-06-23,HH,SS,한화,삼성,RESULT,9회초,False,False,normal
20200623HTLT02020,2020-06-23,HT,LT,KIA,롯데,RESULT,9회말,False,False,normal
20200623NCKT02020,2020-06-23,NC,KT,NC,KT,RESULT,9회말,False,False,normal
20200623OBSK02020,2020-06-23,OB,SK,두산,SK,RESULT,9회말,False,False,normal
20200623WOLG02020,2020-06-23,WO,LG,키움,LG,RESULT,9회말,False,False,normal
20200624HHSS02020,2020-06-24,HH,SS,한화,삼성,RESULT,9회말,False,False,normal
20200624HTLT02020,2020-06-24,HT,LT,KIA,롯데,BEFORE,경기취소,True,False,cancelled
20200624NCKT02020,2020-06-24,NC,KT,NC,KT,BEFORE,경기취소,True,False,cancelled
20200624OBSK02020,2020-06-24,OB,SK,두산,SK,BEFORE,경기취소,True,False,cancelled
20200624WOLG02020,2020-06-24,WO,LG,키움,LG,BEFORE,경기취소,True,False,cancelled
20200625HHSS02020,2020-06-25,HH,SS,한화,삼성,RESULT,9회말,False,False,normal
20200625HTLT02020,2020-06-25,HT,LT,KIA,롯데,BEFORE,경기취소,True,False,cancelled
20200625HTLT12020,2020-06-25,HT,LT,KIA,롯데,BEFORE,경기취소,True,False,cancelled
20200625NCKT12020,2020-06-25,NC,KT,NC,KT,RESULT,9회말,False,False,normal
20200625NCKT22020,2020-06-25,NC,KT,NC,KT,RESULT,9회초,False,False,normal
20200625OBSK12020,2020-06-25,OB,SK,두산,SK,RESULT,9회말,False,False,normal
20200625OBSK22020,2020-06-25,OB,SK,두산,SK,RESULT,9회초,False,False,normal
20200625WOLG12020,2020-06-25,WO,LG,키움,LG,RESULT,9회말,False,False,normal
20200625WOLG22020,2020-06-25,WO,LG,키움,LG,RESULT,9회말,False,False,normal
20200626HTWO02020,2020-06-26,HT,WO,KIA,키움,RESULT,9회말,False,False,normal
20200626KTHH02020,2020-06-26,KT,HH,KT,한화,RESULT,9회초,False,False,normal
20200626LGSK02020,2020-06-26,LG,SK,LG,SK,RESULT,9회초,False,False,normal
20200626NCOB02020,2020-06-26,NC,OB,NC,두산,RESULT,9회말,False,False,normal
20200626SSLT02020,2020-06-26,SS,LT,삼성,롯데,RESULT,10회말,False,False,normal
20200627HTWO02020,2020-06-27,HT,WO,KIA,키움,RESULT,9회초,False,False,normal
20200627KTHH02020,2020-06-27,KT,HH,KT,한화,RESULT,9회말,False,False,normal
20200627LGSK02020,2020-06-27,LG,SK,LG,SK,RESULT,9회말,False,False,normal
20200627NCOB02020,2020-06-27,NC,OB,NC,두산,RESULT,9회초,False,False,normal
20200627SSLT02020,2020-06-27,SS,LT,삼성,롯데,RESULT,9회말,False,False,normal
20200628HTWO02020,2020-06-28,HT,WO,KIA,키움,RESULT,9회초,False,False,normal
20200628KTHH02020,2020-06-28,KT,HH,KT,한화,RESULT,9회말,False,False,normal
20200628LGSK02020,2020-06-28,LG,SK,LG,SK,RESULT,9회말,False,False,normal
20200628NCOB02020,2020-06-28,NC,OB,NC,두산,RESULT,9회말,False,False,normal
20200628SSLT02020,2020-06-28,SS,LT,삼성,롯데,RESULT,9회초,False,False,normal
20200630HHHT02020,2020-06-30,HH,HT,한화,KIA,BEFORE,경기취소,True,False,cancelled
20200630KTLG02020,2020-06-30,KT,LG,KT,LG,RESULT,11회말,False,False,normal
20200630LTNC02020,2020-06-30,LT,NC,롯데,NC,RESULT,11회말,False,False,normal
20200630OBWO02020,2020-06-30,OB,WO,두산,키움,RESULT,9회초,False,False,normal
20200630SKSS02020,2020-06-30,SK,SS,SK,삼성,RESULT,9회초,False,False,normal
20200701HHHT02020,2020-07-01,HH,HT,한화,KIA,RESULT,9회말,False,False,normal
20200701KTLG02020,2020-07-01,KT,LG,KT,LG,RESULT,9회말,False,False,normal
20200701LTNC02020,2020-07-01,LT,NC,롯데,NC,RESULT,9회초,False,False,normal
20200701OBWO02020,2020-07-01,OB,WO,두산,키움,RESULT,9회말,False,False,normal
20200701SKSS02020,2020-07-01,SK,SS,SK,삼성,RESULT,9회초,False,False,normal
20200702HHHT02020,2020-07-02,HH,HT,한화,KIA,RESULT,9회초,False,False,normal
20200702KTLG02020,2020-07-02,KT,LG,KT,LG,RESULT,10회말,False,False,normal
20200702LTNC02020,2020-07-02,LT,NC,롯데,NC,RESULT,9회초,False,False,normal
20200702OBWO02020,2020-07-02,OB,WO,두산,키움,RESULT,9회초,False,False,normal
20200702SKSS02020,2020-07-02,SK,SS,SK,삼성,RESULT,9회초,False,False,normal
20200703HHOB02020,2020-07-03,HH,OB,한화,두산,RESULT,9회말,False,False,normal
20200703HTNC02020,2020-07-03,HT,NC,KIA,NC,RESULT,9회말,False,False,normal
20200703LGSS02020,2020-07-03,LG,SS,LG,삼성,RESULT,8회초,False,False,called
20200703SKLT02020,2020-07-03,SK,LT,SK,롯데,RESULT,9회말,False,False,normal
20200703WOKT02020,2020-07-03,WO,KT,키움,KT,RESULT,9회말,False,False,normal
20200704HHOB02020,2020-07-04,HH,OB,한화,두산,RESULT,9회말,False,False,normal
20200704HTNC02020,2020-07-04,HT,NC,KIA,NC,RESULT,9회초,False,False,normal
20200704LGSS02020,2020-07-04,LG,SS,LG,삼성,RESULT,12회말,False,False,normal
20200704SKLT02020,2020-07-04,SK,LT,SK,롯데,RESULT,9회초,False,False,normal
20200704WOKT02020,2020-07-04,WO,KT,키움,KT,RESULT,9회말,False,False,normal
20200705HHOB02020,2020-07-05,HH,OB,한화,두산,RESULT,9회초,False,False,normal
20200705HTNC02020,2020-07-05,HT,NC,KIA,NC,RESULT,9회말,False,False,normal
20200705LGSS02020,2020-07-05,LG,SS,LG,삼성,RESULT,9회말,False,False,normal
20200705SKLT02020,2020-07-05,SK,LT,SK,롯데,RESULT,9회말,False,False,normal
20200705WOKT02020,2020-07-05,WO,KT,키움,KT,RESULT,9회초,False,False,normal
20200707KTHT02020,2020-07-07,KT,HT,KT,KIA,RESULT,9회말,False,False,normal
20200707LGOB02020,2020-07-07,LG,OB,LG,두산,RESULT,9회초,False,False,normal
20200707LTHH02020,2020-07-07,LT,HH,롯데,한화,RESULT,12회말,False,False,normal
20200707NCSK02020,2020-07-07,NC,SK,NC,SK,RESULT,9회말,False,False,normal
20200707SSWO02020,2020-07-07,SS,WO,삼성,키움,RESULT,9회말,False,False,normal
20200708KTHT02020,2020-07-08,KT,HT,KT,KIA,RESULT,9회말,False,False,normal
20200708LGOB02020,2020-07-08,LG,OB,LG,두산,RESULT,9회말,False,False,normal
20200708LTHH02020,2020-07-08,LT,HH,롯데,한화,RESULT,9회말,False,False,normal
20200708NCSK02020,2020-07-08,NC,SK,NC,SK,RESULT,9회초,False,False,normal
20200708SSWO02020,2020-07-08,SS,WO,삼성,키움,RESULT,9회초,False,False,normal
20200709KTHT02020,2020-07-09,KT,HT,KT,KIA,RESULT,9회초,False,False,normal
20200709LGOB02020,2020-07-09,LG,OB,LG,두산,RESULT,9회초,False,False,normal
20200709LTHH02020,2020-07-09,LT,HH,롯데,한화,RESULT,9회말,False,False,normal
20200709NCSK02020,2020-07-09,NC,SK,NC,SK,RESULT,9회말,False,False,normal
20200709SSWO02020,2020-07-09,SS,WO,삼성,키움,RESULT,9회초,False,False,normal
20200710NCLG02020,2020-07-10,NC,LG,NC,LG,RESULT,9회말,False,False,normal
20200710OBLT02020,2020-07-10,OB,LT,두산,롯데,RESULT,9회말,False,False,normal
20200710SKHH02020,2020-07-10,SK,HH,SK,한화,RESULT,9회초,False,False,normal
20200710SSKT02020,2020-07-10,SS,KT,삼성,KT,RESULT,9회초,False,False,normal
20200710WOHT02020,2020-07-10,WO,HT,키움,KIA,RESULT,11회말,False,False,normal
20200711NCLG02020,2020-07-11,NC,LG,NC,LG,RESULT,12회말,False,False,normal
20200711OBLT02020,2020-07-11,OB,LT,두산,롯데,RESULT,9회초,False,False,normal
20200711SKHH02020,2020-07-11,SK,HH,SK,한화,RESULT,9회말,False,False,normal
20200711SSKT02020,2020-07-11,SS,KT,삼성,KT,RESULT,9회초,False,False,normal
20200711WOHT02020,2020-07-11,WO,HT,키움,KIA,RESULT,9회초,False,False,normal
20200712NCLG02020,2020-07-12,NC,LG,NC,LG,BEFORE,경기취소,True,False,cancelled
20200712OBLT02020,2020-07-12,OB,LT,두산,롯데,BEFORE,경기취소,True,False,cancelled
20200712SKHH02020,2020-07-12,SK,HH,SK,한화,BEFORE,경기취소,True,False,cancelled
20200712SSKT02020,2020-07-12,SS,KT,삼성,KT,BEFORE,경기취소,True,False,cancelled
20200712WOHT02020,2020-07-12,WO,HT,키움,KIA,BEFORE,경기취소,True,False,cancelled
20200713NCLG02020,2020-07-13,NC,LG,NC,LG,BEFORE,경기취소,True,False,cancelled
20200713OBLT02020,2020-07-13,OB,LT,두산,롯데,BEFORE,경기취소,True,False,cancelled
20200713SKHH02020,2020-07-13,SK,HH,SK,한화,RESULT,9회초,False,False,normal
20200713SSKT02020,2020-07-13,SS,KT,삼성,KT,BEFORE,경기취소,True,False,cancelled
20200713WOHT02020,2020-07-13,WO,HT,키움,KIA,RESULT,9회초,False,False,normal
20200714HHKT02020,2020-07-14,HH,KT,한화,KT,RESULT,9회초,False,False,normal
20200714HTSS02020,2020-07-14,HT,SS,KIA,삼성,RESULT,9회초,False,False,normal
20200714LGLT02020,2020-07-14,LG,LT,LG,롯데,RESULT,9회초,False,False,normal
20200714NCWO02020,2020-07-14,NC,WO,NC,키움,RESULT,9회초,False,False,normal
20200714SKOB02020,2020-07-14,SK,OB,SK,두산,RESULT,9회말,False,False,normal
20200715HHKT02020,2020-07-15,HH,KT,한화,KT,RESULT,9회말,False,False,normal
20200715HTSS02020,2020-07-15,HT,SS,KIA,삼성,RESULT,9회말,False,False,normal
20200715LGLT02020,2020-07-15,LG,LT,LG,롯데,RESULT,9회말,False,False,normal
20200715NCWO02020,2020-07-15,NC,WO,NC,키움,RESULT,9회초,False,False,normal
20200715SKOB02020,2020-07-15,SK,OB,SK,두산,RESULT,9회초,False,False,normal
20200716HHKT02020,2020-07-16,HH,KT,한화,KT,RESULT,9회초,False,False,normal
20200716HTSS02020,2020-07-16,HT,SS,KIA,삼성,RESULT,9회말,False,False,normal
20200716LGLT02020,2020-07-16,LG,LT,LG,롯데,RESULT,9회초,False,False,normal
20200716NCWO02020,2020-07-16,NC,WO,NC,키움,RESULT,9회말,False,False,normal
20200716SKOB02020,2020-07-16,SK,OB,SK,두산,RESULT,9회초,False,False,normal
20200717HHLG02020,2020-07-17,HH,LG,한화,LG,RESULT,9회초,False,False,normal
20200717KTNC02020,2020-07-17,KT,NC,KT,NC,RESULT,12회말,False,False,normal
20200717LTSS02020,2020-07-17,LT,SS,롯데,삼성,RESULT,9회초,False,False,normal
20200717OBHT02020,2020-07-17,OB,HT,두산,KIA,RESULT,9회초,False,False,normal
20200717WOSK02020,2020-07-17,WO,SK,키움,SK,RESULT,9회초,False,False,normal
20200718HHLG02020,2020-07-18,HH,LG,한화,LG,RESULT,9회초,False,False,normal
20200718KTNC02020,2020-07-18,KT,NC,KT,NC,RESULT,9회초,False,False,normal
20200718LTSS02020,2020-07-18,LT,SS,롯데,삼성,RESULT,9회초,False,False,normal
20200718OBHT02020,2020-07-18,OB,HT,두산,KIA,RESULT,9회말,False,False,normal
20200718WOSK02020,2020-07-18,WO,SK,키움,SK,RESULT,9회말,False,False,normal
20200719HHLG02020,2020-07-19,HH,LG,한화,LG,RESULT,9회초,False,False,normal
20200719KTNC02020,2020-07-19,KT,NC,KT,NC,RESULT,9회초,False,False,normal
20200719LTSS02020,2020-07-19,LT,SS,롯데,삼성,RESULT,9회말,False,False,normal
20200719OBHT02020,2020-07-19,OB,HT,두산,KIA,RESULT,9회말,False,False,normal
20200719WOSK02020,2020-07-19,WO,SK,키움,SK,RESULT,9회초,False,False,normal
20200721HTHH02020,2020-07-21,HT,HH,KIA,한화,RESULT,9회말,False,False,normal
20200721LGKT02020,2020-07-21,LG,KT,LG,KT,RESULT,9회말,False,False,normal
20200721LTSK02020,2020-07-21,LT,SK,롯데,SK,RESULT,9회말,False,False,normal
20200721SSNC02020,2020-07-21,SS,NC,삼성,NC,RESULT,10회말,False,False,normal
20200721WOOB02020,2020-07-21,WO,OB,키움,두산,RESULT,9회초,False,False,normal
20200722HTHH02020,2020-07-22,HT,HH,KIA,한화,RESULT,9회말,False,False,normal
20200722LGKT02020,2020-07-22,LG,KT,LG,KT,BEFORE,경기취소,True,False,cancelled
20200722LTSK02020,2020-07-22,LT,SK,롯데,SK,BEFORE,경기취소,True,False,cancelled
20200722SSNC02020,2020-07-22,SS,NC,삼성,NC,BEFORE,경기취소,True,False,cancelled
20200722WOOB02020,2020-07-22,WO,OB,키움,두산,BEFORE,경기취소,True,False,cancelled
20200723HTHH02020,2020-07-23,HT,HH,KIA,한화,BEFORE,경기취소,True,False,cancelled
20200723LGKT02020,2020-07-23,LG,KT,LG,KT,BEFORE,경기취소,True,False,cancelled
20200723LTSK02020,2020-07-23,LT,SK,롯데,SK,BEFORE,경기취소,True,False,cancelled
20200723SSNC02020,2020-07-23,SS,NC,삼성,NC,BEFORE,경기취소,True,False,cancelled
20200723WOOB02020,2020-07-23,WO,OB,키움,두산,BEFORE,경기취소,True,False,cancelled
20200724LGOB02020,2020-07-24,LG,OB,LG,두산,RESULT,9회말,False,False,normal
20200724LTWO02020,2020-07-24,LT,WO,롯데,키움,RESULT,9회말,False,False,normal
20200724NCKT02020,2020-07-24,NC,KT,NC,KT,RESULT,9회말,False,False,normal
20200724SKHH02020,2020-07-24,SK,HH,SK,한화,RESULT,9회말,False,False,normal
20200724SSHT02020,2020-07-24,SS,HT,삼성,KIA,BEFORE,경기취소,True,False,cancelled
20200725LGOB02020,2020-07-25,LG,OB,LG,두산,RESULT,9회초,False,False,normal
20200725LTWO02020,2020-07-25,LT,WO,롯데,키움,RESULT,9회말,False,False,normal
20200725NCKT02020,2020-07-25,NC,KT,NC,KT,RESULT,9회초,False,False,normal
20200725SKHH02020,2020-07-25,SK,HH,SK,한화,BEFORE,경기취소,True,False,cancelled
20200725SSHT02020,2020-07-25,SS,HT,삼성,KIA,RESULT,9회초,False,False,normal
20200726LGOB02020,2020-07-26,LG,OB,LG,두산,RESULT,9회말,False,False,normal
20200726LTWO02020,2020-07-26,LT,WO,롯데,키움,RESULT,9회초,False,False,normal
20200726NCKT02020,2020-07-26,NC,KT,NC,KT,RESULT,9회초,False,False,normal
20200726SKHH02020,2020-07-26,SK,HH,SK,한화,RESULT,9회말,False,False,normal
20200726SSHT02020,2020-07-26,SS,HT,삼성,KIA,RESULT,9회초,False,False,normal
20200727SKHH02020,2020-07-27,SK,HH,SK,한화,RESULT,9회말,False,False,normal
20200728HHSS02020,2020-07-28,HH,SS,한화,삼성,BEFORE,경기취소,True,False,cancelled
20200728KTHT02020,2020-07-28,KT,HT,KT,KIA,BEFORE,경기취소,True,False,cancelled
20200728LGSK02020,2020-07-28,LG,SK,LG,SK,RESULT,9회말,False,False,normal
20200728NCLT02020,2020-07-28,NC,LT,NC,롯데,RESULT,9회말,False,False,normal
20200728WOOB02020,2020-07-28,WO,OB,키움,두산,RESULT,9회말,False,False,normal
20200729HHSS02020,2020-07-29,HH,SS,한화,삼성,RESULT,9회말,False,False,normal
20200729KTHT02020,2020-07-29,KT,HT,KT,KIA,BEFORE,경기취소,True,False,cancelled
20200729LGSK02020,2020-07-29,LG,SK,LG,SK,RESULT,9회말,False,False,normal
20200729NCLT02020,2020-07-29,NC,LT,NC,롯데,BEFORE,경기취소,True,False,cancelled
20200729WOOB02020,2020-07-29,WO,OB,키움,두산,BEFORE,경기취소,True,False,cancelled
20200730HHSS02020,2020-07-30,HH,SS,한화,삼성,RESULT,11회말,False,False,normal
20200730KTHT02020,2020-07-30,KT,HT,KT,KIA,RESULT,9회말,False,False,normal
20200730LGSK02020,2020-07-30,LG,SK,LG,SK,RESULT,9회말,False,False,normal
20200730NCLT02020,2020-07-30,NC,LT,NC,롯데,BEFORE,경기취소,True,False,cancelled
20200730WOOB02020,2020-07-30,WO,OB,키움,두산,RESULT,9회말,False,False,normal
20200731HHLG02020,2020-07-31,HH,LG,한화,LG,RESULT,9회말,False,False,normal
20200731HTLT02020,2020-07-31,HT,LT,KIA,롯데,RESULT,9회말,False,False,normal
20200731OBNC02020,2020-07-31,OB,NC,두산,NC,RESULT,9회초,False,False,normal
20200731SKKT02020,2020-07-31,SK,KT,SK,KT,RESULT,9회초,False,False,normal
20200731WOSS02020,2020-07-31,WO,SS,키움,삼성,RESULT,9회말,False,False,normal
20200801HHLG02020,2020-08-01,HH,LG,한화,LG,RESULT,9회초,False,False,normal
20200801HTLT02020,2020-08-01,HT,LT,KIA,롯데,RESULT,9회초,False,False,normal
20200801OBNC02020,2020-08-01,OB,NC,두산,NC,RESULT,10회말,False,False,normal
20200801SKKT02020,2020-08-01,SK,KT,SK,KT,RESULT,9회초,False,False,normal
20200801WOSS02020,2020-08-01,WO,SS,키움,삼성,RESULT,9회말,False,False,normal
20200802HHLG02020,2020-08-02,HH,LG,한화,LG,BEFORE,경기취소,True,False,cancelled
20200802HTLT02020,2020-08-02,HT,LT,KIA,롯데,RESULT,9회초,False,False,normal
20200802OBNC02020,2020-08-02,OB,NC,두산,NC,RESULT,12회말,False,False,normal
20200802SKKT02020,2020-08-02,SK,KT,SK,KT,BEFORE,경기취소,True,False,cancelled
20200802WOSS02020,2020-08-02,WO,SS,키움,삼성,RESULT,10회말,False,False,normal
20200803HHLG02020,2020-08-03,HH,LG,한화,LG,BEFORE,경기취소,True,False,cancelled
20200803SKKT02020,2020-08-03,SK,KT,SK,KT,BEFORE,경기취소,True,False,cancelled
20200804KTWO02020,2020-08-04,KT,WO,KT,키움,RESULT,9회말,False,False,normal
20200804LGHT02020,2020-08-04,LG,HT,LG,KIA,RESULT,9회말,False,False,normal
20200804LTSK02020,2020-08-04,LT,SK,롯데,SK,RESULT,9회말,False,False,normal
20200804NCHH02020,2020-08-04,NC,HH,NC,한화,BEFORE,경기취소,True,False,cancelled
20200804SSOB02020,2020-08-04,SS,OB,삼성,두산,RESULT,9회말,False,False,normal
20200805KTWO02020,2020-08-05,KT,WO,KT,키움,RESULT,9회초,False,False,normal
20200805LGHT02020,2020-08-05,LG,HT,LG,KIA,RESULT,9회말,False,False,normal
20200805LTSK02020,2020-08-05,LT,SK,롯데,SK,BEFORE,경기취소,True,False,cancelled
20200805NCHH02020,2020-08-05,NC,HH,NC,한화,RESULT,9회초,False,False,normal
20200805SSOB02020,2020-08-05,SS,OB,삼성,두산,RESULT,9회초,False,False,normal
20200806KTWO02020,2020-08-06,KT,WO,KT,키움,RESULT,9회초,False,False,normal
20200806LGHT02020,2020-08-06,LG,HT,LG,KIA,RESULT,9회초,False,False,normal
20200806LTSK02020,2020-08-06,LT,SK,롯데,SK,RESULT,9회말,False,False,normal
20200806NCHH02020,2020-08-06,NC,HH,NC,한화,RESULT,9회말,False,False,normal
20200806SSOB02020,2020-08-06,SS,OB,삼성,두산,RESULT,9회초,False,False,normal
20200807KTHH02020,2020-08-07,KT,HH,KT,한화,BEFORE,경기취소,True,False,cancelled
20200807LGWO02020,2020-08-07,LG,WO,LG,키움,RESULT,9회말,False,False,normal
20200807LTOB02020,2020-08-07,LT,OB,롯데,두산,RESULT,9회말,False,False,normal
20200807NCHT02020,2020-08-07,NC,HT,NC,KIA,BEFORE,경기취소,True,False,cancelled
20200807SSSK02020,2020-08-07,SS,SK,삼성,SK,RESULT,9회말,False,False,normal
20200808KTHH02020,2020-08-08,KT,HH,KT,한화,BEFORE,경기취소,True,False,cancelled
20200808LGWO02020,2020-08-08,LG,WO,LG,키움,RESULT,9회초,False,False,normal
20200808LTOB02020,2020-08-08,LT,OB,롯데,두산,RESULT,6회말,False,False,called
20200808NCHT02020,2020-08-08,NC,HT,NC,KIA,RESULT,9회초,False,False,normal
20200808SSSK02020,2020-08-08,SS,SK,삼성,SK,RESULT,6회초,False,False,called
20200809KTHH02020,2020-08-09,KT,HH,KT,한화,RESULT,9회말,False,False,normal
20200809LGWO02020,2020-08-09,LG,WO,LG,키움,RESULT,9회초,False,False,normal
20200809LTOB02020,2020-08-09,LT,OB,롯데,두산,BEFORE,경기취소,True,False,cancelled
20200809NCHT02020,2020-08-09,NC,HT,NC,KIA,RESULT,9회말,False,False,normal
20200809SSSK02020,2020-08-09,SS,SK,삼성,SK,BEFORE,경기취소,True,False,cancelled
20200810KTHH02020,2020-08-10,KT,HH,KT,한화,BEFORE,경기취소,True,False,cancelled
20200810LTOB02020,2020-08-10,LT,OB,롯데,두산,BEFORE,경기취소,True,False,cancelled
20200810SSSK02020,2020-08-10,SS,SK,삼성,SK,BEFORE,경기취소,True,False,cancelled
20200811HHWO02020,2020-08-11,HH,WO,한화,키움,RESULT,12회말,False,False,normal
20200811HTLG02020,2020-08-11,HT,LG,KIA,LG,RESULT,9회말,False,False,normal
20200811NCLT02020,2020-08-11,NC,LT,NC,롯데,BEFORE,경기취소,True,False,cancelled
20200811OBSS02020,2020-08-11,OB,SS,두산,삼성,RESULT,9회말,False,False,normal
20200811SKKT02020,2020-08-11,SK,KT,SK,KT,RESULT,9회초,False,False,normal
20200812HHWO02020,2020-08-12,HH,WO,한화,키움,RESULT,10회말,False,False,normal
20200812HTLG02020,2020-08-12,HT,LG,KIA,LG,RESULT,9회초,False,False,normal
20200812NCLT02020,2020-08-12,NC,LT,NC,롯데,RESULT,9회초,False,False,normal
20200812OBSS02020,2020-08-12,OB,SS,두산,삼성,RESULT,9회말,False,False,normal
20200812SKKT02020,2020-08-12,SK,KT,SK,KT,RESULT,9회말,False,False,normal
20200813HHWO02020,2020-08-13,HH,WO,한화,키움,RESULT,9회초,False,False,normal
20200813HTLG02020,2020-08-13,HT,LG,KIA,LG,RESULT,9회초,False,False,normal
20200813NCLT02020,2020-08-13,NC,LT,NC,롯데,RESULT,9회말,False,False,normal
20200813OBSS02020,2020-08-13,OB,SS,두산,삼성,RESULT,9회초,False,False,normal
20200813SKKT02020,2020-08-13,SK,KT,SK,KT,RESULT,9회말,False,False,normal
20200814KTOB02020,2020-08-14,KT,OB,KT,두산,RESULT,12회말,False,False,normal
20200814LGNC02020,2020-08-14,LG,NC,LG,NC,RESULT,9회말,False,False,normal
20200814SKHT02020,2020-08-14,SK,HT,SK,KIA,RESULT,9회말,False,False,normal
20200814SSHH02020,2020-08-14,SS,HH,삼성,한화,RESULT,9회말,False,False,normal
20200814WOLT02020,2020-08-14,WO,LT,키움,롯데,RESULT,9회초,False,False,normal
20200815KTOB02020,2020-08-15,KT,OB,KT,두산,RESULT,9회말,False,False,normal
20200815LGNC02020,2020-08-15,LG,NC,LG,NC,RESULT,9회말,False,False,normal
20200815SKHT02020,2020-08-15,SK,HT,SK,KIA,RESULT,9회초,False,False,normal
20200815SSHH02020,2020-08-15,SS,HH,삼성,한화,RESULT,9회말,False,False,normal
20200815WOLT02020,2020-08-15,WO,LT,키움,롯데,RESULT,9회말,False,False,normal
20200816KTOB02020,2020-08-16,KT,OB,KT,두산,RESULT,9회말,False,False,normal
20200816LGNC02020,2020-08-16,LG,NC,LG,NC,RESULT,9회말,False,False,normal
20200816SKHT02020,2020-08-16,SK,HT,SK,KIA,RESULT,9회초,False,False,normal
20200816SSHH02020,2020-08-16,SS,HH,삼성,한화,RESULT,9회초,False,False,normal
20200816WOLT02020,2020-08-16,WO,LT,키움,롯데,RESULT,9회말,False,False,normal
20200818HHSK02020,2020-08-18,HH,SK,한화,SK,RESULT,9회초,False,False,normal
20200818HTLG02020,2020-08-18,HT,LG,KIA,LG,RESULT,10회말,False,False,normal
20200818KTSS02020,2020-08-18,KT,SS,KT,삼성,RESULT,9회말,False,False,normal
20200818OBLT02020,2020-08-18,OB,LT,두산,롯데,RESULT,9회말,False,False,normal
20200818WONC02020,2020-08-18,WO,NC,키움,NC,RESULT,9회초,False,False,normal
20200819HHSK02020,2020-08-19,HH,SK,한화,SK,RESULT,9회초,False,False,normal
20200819HTLG02020,2020-08-19,HT,LG,KIA,LG,RESULT,9회초,False,False,normal
20200819KTSS02020,2020-08-19,KT,SS,KT,삼성,RESULT,9회말,False,False,normal
20200819OBLT02020,2020-08-19,OB,LT,두산,롯데,RESULT,9회초,False,False,normal
20200819WONC02020,2020-08-19,WO,NC,키움,NC,RESULT,9회말,False,False,normal
20200820KTHH02020,2020-08-20,KT,HH,KT,한화,RESULT,9회말,False,False,normal
20200820LGWO02020,2020-08-20,LG,WO,LG,키움,RESULT,9회초,False,False,normal
20200820LTOB02020,2020-08-20,LT,OB,롯데,두산,RESULT,9회말,False,False,normal
20200820NCHT02020,2020-08-20,NC,HT,NC,KIA,RESULT,9회말,False,False,normal
20200820SSSK02020,2020-08-20,SS,SK,삼성,SK,RESULT,9회말,False,False,normal
20200821KTHH02020,2020-08-21,KT,HH,KT,한화,RESULT,9회초,False,False,normal
20200821LGWO02020,2020-08-21,LG,WO,LG,키움,RESULT,9회말,False,False,normal
20200821LTOB02020,2020-08-21,LT,OB,롯데,두산,RESULT,9회말,False,False,normal
20200821NCHT02020,2020-08-21,NC,HT,NC,KIA,RESULT,9회말,False,False,normal
20200821SSSK02020,2020-08-21,SS,SK,삼성,SK,RESULT,9회초,False,False,normal
20200822HHLG02020,2020-08-22,HH,LG,한화,LG,BEFORE,경기취소,True,False,cancelled
20200822HTWO02020,2020-08-22,HT,WO,KIA,키움,RESULT,9회초,False,False,normal
20200822LTSS02020,2020-08-22,LT,SS,롯데,삼성,RESULT,9회말,False,False,normal
20200822NCKT02020,2020-08-22,NC,KT,NC,KT,BEFORE,경기취소,True,False,cancelled
20200822OBSK02020,2020-08-22,OB,SK,두산,SK,RESULT,9회말,False,False,normal
20200823HHLG02020,2020-08-23,HH,LG,한화,LG,RESULT,9회말,False,False,normal
20200823HTWO02020,2020-08-23,HT,WO,KIA,키움,RESULT,9회말,False,False,normal
20200823LTSS02020,2020-08-23,LT,SS,롯데,삼성,RESULT,9회말,False,False,normal
20200823NCKT02020,2020-08-23,NC,KT,NC,KT,RESULT,9회초,False,False,normal
20200823OBSK02020,2020-08-23,OB,SK,두산,SK,RESULT,9회말,False,False,normal
20200824HHLG02020,2020-08-24,HH,LG,한화,LG,RESULT,9회말,False,False,normal
20200824NCKT02020,2020-08-24,NC,KT,NC,KT,RESULT,9회초,False,False,normal
20200825HHNC02020,2020-08-25,HH,NC,한화,NC,RESULT,9회초,False,False,normal
20200825HTOB02020,2020-08-25,HT,OB,KIA,두산,RESULT,9회초,False,False,normal
20200825LGSS02020,2020-08-25,LG,SS,LG,삼성,RESULT,9회초,False,False,normal
20200825SKLT02020,2020-08-25,SK,LT,SK,롯데,RESULT,9회말,False,False,normal
20200825WOKT02020,2020-08-25,WO,KT,키움,KT,RESULT,9회말,False,False,normal
20200826HHNC02020,2020-08-26,HH,NC,한화,NC,RESULT,9회초,False,False,normal
20200826HTOB02020,2020-08-26,HT,OB,KIA,두산,RESULT,9회말,False,False,normal
20200826LGSS02020,2020-08-26,LG,SS,LG,삼성,RESULT,9회말,False,False,normal
20200826SKLT02020,2020-08-26,SK,LT,SK,롯데,RESULT,9회초,False,False,normal
20200826WOKT02020,2020-08-26,WO,KT,키움,KT,RESULT,10회말,False,False,normal
20200827HTSK02020,2020-08-27,HT,SK,KIA,SK,RESULT,9회초,False,False,normal
20200827KTLG02020,2020-08-27,KT,LG,KT,LG,RESULT,9회초,False,False,normal
20200827OBNC02020,2020-08-27,OB,NC,두산,NC,RESULT,9회초,False,False,normal
20200827SSHH02020,2020-08-27,SS,HH,삼성,한화,RESULT,9회초,False,False,normal
20200827WOLT02020,2020-08-27,WO,LT,키움,롯데,RESULT,9회말,False,False,normal
20200828HTSK02020,2020-08-28,HT,SK,KIA,SK,RESULT,9회말,False,False,normal
20200828KTLG02020,2020-08-28,KT,LG,KT,LG,RESULT,11회말,False,False,normal
20200828OBNC02020,2020-08-28,OB,NC,두산,NC,RESULT,9회말,False,False,normal
20200828SSHH02020,2020-08-28,SS,HH,삼성,한화,BEFORE,경기취소,True,False,cancelled
20200828WOLT02020,2020-08-28,WO,LT,키움,롯데,RESULT,9회말,False,False,normal
20200829HHLT02020,2020-08-29,HH,LT,한화,롯데,RESULT,9회초,False,False,normal
20200829KTHT02020,2020-08-29,KT,HT,KT,KIA,BEFORE,경기취소,True,False,cancelled
20200829OBLG02020,2020-08-30,OB,LG,두산,LG,RESULT,9회말,False,False,normal
20200829SKNC02020,2020-08-29,SK,NC,SK,NC,RESULT,9회초,False,False,normal
20200829SSWO02020,2020-08-29,SS,WO,삼성,키움,RESULT,9회말,False,False,normal
20200830HHLT02020,2020-08-30,HH,LT,한화,롯데,RESULT,9회초,False,False,normal
20200830KTHT12020,2020-08-30,KT,HT,KT,KIA,RESULT,9회말,False,False,normal
20200830KTHT22020,2020-08-30,KT,HT,KT,KIA,RESULT,9회초,False,False,normal
20200830OBLG02020,2020-08-30,OB,LG,두산,LG,RESULT,9회초,False,False,normal
20200830SKNC02020,2020-08-30,SK,NC,SK,NC,RESULT,9회초,False,False,normal
20200830SSWO02020,2020-08-30,SS,WO,삼성,키움,RESULT,9회초,False,False,normal
20200901HHOB02020,2020-09-01,HH,OB,한화,두산,RESULT,9회초,False,False,normal
20200901LGSK02020,2020-09-01,LG,SK,LG,SK,RESULT,9회말,False,False,normal
20200901LTKT02020,2020-09-01,LT,KT,롯데,KT,RESULT,9회초,False,False,normal
20200901NCWO02020,2020-09-01,NC,WO,NC,키움,RESULT,9회말,False,False,normal
20200901SSHT02020,2020-09-01,SS,HT,삼성,KIA,RESULT,9회초,False,False,normal
20200902HHOB02020,2020-09-02,HH,OB,한화,두산,BEFORE,경기취소,True,False,cancelled
20200902LGSK02020,2020-09-02,LG,SK,LG,SK,BEFORE,경기취소,True,False,cancelled
20200902LTKT02020,2020-09-02,LT,KT,롯데,KT,BEFORE,경기취소,True,False,cancelled
20200902NCWO02020,2020-09-02,NC,WO,NC,키움,RESULT,9회초,False,False,normal
20200902SSHT02020,2020-09-02,SS,HT,삼성,KIA,BEFORE,경기취소,True,False,cancelled
20200903HTLT02020,2020-09-03,HT,LT,KIA,롯데,RESULT,9회말,False,False,normal
20200903NCLG02020,2020-09-03,NC,LG,NC,LG,RESULT,9회초,False,False,normal
20200903OBSS02020,2020-09-03,OB,SS,두산,삼성,RESULT,9회초,False,False,normal
20200903SKKT02020,2020-09-03,SK,KT,SK,KT,RESULT,9회초,False,False,normal
20200903WOHH02020,2020-09-03,WO,HH,키움,한화,RESULT,9회말,False,False,normal
20200904HTLT12020,2020-09-04,HT,LT,KIA,롯데,RESULT,9회말,False,False,normal
20200904HTLT22020,2020-09-04,HT,LT,KIA,롯데,RESULT,9회초,False,False,normal
20200904NCLG02020,2020-09-04,NC,LG,NC,LG,RESULT,12회말,False,False,normal
20200904OBSS02020,2020-09-04,OB,SS,두산,삼성,RESULT,9회초,False,False,normal
20200904SKKT12020,2020-09-04,SK,KT,SK,KT,RESULT,9회초,False,False,normal
20200904SKKT22020,2020-09-04,SK,KT,SK,KT,RESULT,9회말,False,False,normal
20200904WOHH02020,2020-09-04,WO,HH,키움,한화,RESULT,9회초,False,False,normal
20200905HTHH02020,2020-09-05,HT,HH,KIA,한화,RESULT,9회말,False,False,normal
20200905KTWO02020,2020-09-05,KT,WO,KT,키움,RESULT,9회말,False,False,normal
20200905LGLT02020,2020-09-05,LG,LT,LG,롯데,BEFORE,경기취소,True,False,cancelled
20200905NCSS02020,2020-09-05,NC,SS,NC,삼성,BEFORE,경기취소,True,False,cancelled
20200905SKOB02020,2020-09-05,SK,OB,SK,두산,RESULT,9회초,False,False,normal
20200906HTHH02020,2020-09-06,HT,HH,KIA,한화,RESULT,9회말,False,False,normal
20200906KTWO02020,2020-09-06,KT,WO,KT,키움,RESULT,9회말,False,False,normal
20200906LGLT02020,2020-09-06,LG,LT,LG,롯데,RESULT,9회말,False,False,normal
20200906NCSS12020,2020-09-06,NC,SS,NC,삼성,RESULT,9회초,False,False,normal
20200906NCSS22020,2020-09-06,NC,SS,NC,삼성,BEFORE,경기취소,True,False,cancelled
20200906SKOB02020,2020-09-06,SK,OB,SK,두산,RESULT,9회초,False,False,normal
20200907LGLT02020,2020-09-07,LG,LT,LG,롯데,RESULT,9회초,False,False,normal
20200908HHSS02020,2020-09-08,HH,SS,한화,삼성,RESULT,10회말,False,False,normal
20200908KTOB02020,2020-09-08,KT,OB,KT,두산,RESULT,9회초,False,False,normal
20200908LGHT02020,2020-09-08,LG,HT,LG,KIA,RESULT,9회초,False,False,normal
20200908LTNC02020,2020-09-08,LT,NC,롯데,NC,RESULT,9회초,False,False,normal
20200908WOSK02020,2020-09-08,WO,SK,키움,SK,RESULT,9회말,False,False,normal
20200909HHSS12020,2020-09-09,HH,SS,한화,삼성,RESULT,9회말,False,False,normal
20200909HHSS22020,2020-09-09,HH,SS,한화,삼성,RESULT,9회말,False,False,normal
20200909KTOB02020,2020-09-09,KT,OB,KT,두산,RESULT,11회말,False,False,normal
20200909LGHT02020,2020-09-09,LG,HT,LG,KIA,BEFORE,경기취소,True,False,cancelled
20200909LTNC02020,2020-09-09,LT,NC,롯데,NC,RESULT,10회말,False,False,normal
20200909WOSK02020,2020-09-09,WO,SK,키움,SK,RESULT,9회말,False,False,normal
20200910KTNC02020,2020-09-10,KT,NC,KT,NC,RESULT,9회초,False,False,normal
20200910OBHT02020,2020-09-10,OB,HT,두산,KIA,RESULT,9회말,False,False,normal
20200910SKHH02020,2020-09-10,SK,HH,SK,한화,RESULT,9회말,False,False,normal
20200910SSLT02020,2020-09-10,SS,LT,삼성,롯데,RESULT,9회초,False,False,normal
20200910WOLG02020,2020-09-10,WO,LG,키움,LG,RESULT,9회초,False,False,normal
20200911KTNC02020,2020-09-11,KT,NC,KT,NC,RESULT,9회초,False,False,normal
20200911OBHT02020,2020-09-11,OB,HT,두산,KIA,BEFORE,경기취소,True,False,cancelled
20200911SKHH02020,2020-09-11,SK,HH,SK,한화,RESULT,9회말,False,False,normal
20200911SSLT02020,2020-09-11,SS,LT,삼성,롯데,RESULT,9회초,False,False,normal
20200911WOLG02020,2020-09-11,WO,LG,키움,LG,RESULT,9회말,False,False,normal
20200912HHKT02020,2020-09-12,HH,KT,한화,KT,RESULT,9회초,False,False,normal
20200912HTNC02020,2020-09-12,HT,NC,KIA,NC,RESULT,9회말,False,False,normal
20200912LTSK02020,2020-09-12,LT,SK,롯데,SK,RESULT,9회초,False,False,normal
20200912OBWO02020,2020-09-12,OB,WO,두산,키움,RESULT,9회초,False,False,normal
20200912SSLG02020,2020-09-12,SS,LG,삼성,LG,RESULT,9회말,False,False,normal
20200913HHKT02020,2020-09-13,HH,KT,한화,KT,RESULT,9회말,False,False,normal
20200913HTNC02020,2020-09-13,HT,NC,KIA,NC,RESULT,9회말,False,False,normal
20200913LTSK02020,2020-09-13,LT,SK,롯데,SK,RESULT,9회초,False,False,normal
20200913OBWO02020,2020-09-13,OB,WO,두산,키움,RESULT,12회말,False,False,normal
20200913SSLG02020,2020-09-13,SS,LG,삼성,LG,RESULT,9회말,False,False,normal
20200915LGHH02020,2020-09-15,LG,HH,LG,한화,RESULT,10회말,False,False,normal
20200915LTWO02020,2020-09-15,LT,WO,롯데,키움,RESULT,9회말,False,False,normal
20200915NCOB02020,2020-09-15,NC,OB,NC,두산,RESULT,9회초,False,False,normal
20200915SKHT02020,2020-09-15,SK,HT,SK,KIA,RESULT,9회말,False,False,normal
20200915SSKT02020,2020-09-15,SS,KT,삼성,KT,RESULT,9회말,False,False,normal
20200916LGHH02020,2020-09-16,LG,HH,LG,한화,RESULT,9회말,False,False,normal
20200916LTWO02020,2020-09-16,LT,WO,롯데,키움,RESULT,9회말,False,False,normal
20200916NCOB02020,2020-09-16,NC,OB,NC,두산,RESULT,9회말,False,False,normal
20200916SKHT02020,2020-09-16,SK,HT,SK,KIA,RESULT,9회말,False,False,normal
20200916SSKT02020,2020-09-16,SS,KT,삼성,KT,RESULT,9회초,False,False,normal
20200917HHWO02020,2020-09-17,HH,WO,한화,키움,RESULT,9회초,False,False,normal
20200917HTSS02020,2020-09-17,HT,SS,KIA,삼성,RESULT,9회말,False,False,normal
20200917LTLG02020,2020-09-17,LT,LG,롯데,LG,RESULT,9회초,False,False,normal
20200917NCSK02020,2020-09-17,NC,SK,NC,SK,RESULT,9회말,False,False,normal
20200917OBKT02020,2020-09-17,OB,KT,두산,KT,RESULT,9회초,False,False,normal
20200918HHWO02020,2020-09-18,HH,WO,한화,키움,RESULT,9회말,False,False,normal
20200918HTSS02020,2020-09-18,HT,SS,KIA,삼성,RESULT,9회말,False,False,normal
20200918LTLG02020,2020-09-18,LT,LG,롯데,LG,RESULT,9회말,False,False,normal
20200918NCSK02020,2020-09-18,NC,SK,NC,SK,RESULT,9회말,False,False,normal
20200918OBKT02020,2020-09-18,OB,KT,두산,KT,RESULT,11회말,False,False,normal
20200919HHHT02020,2020-09-19,HH,HT,한화,KIA,RESULT,9회초,False,False,normal
20200919KTSK02020,2020-09-19,KT,SK,KT,SK,RESULT,9회말,False,False,normal
20200919LGOB02020,2020-09-19,LG,OB,LG,두산,RESULT,9회말,False,False,normal
20200919NCLT02020,2020-09-19,NC,LT,NC,롯데,RESULT,9회초,False,False,normal
20200919WOSS02020,2020-09-19,WO,SS,키움,삼성,RESULT,9회말,False,False,normal
20200920HHHT02020,2020-09-20,HH,HT,한화,KIA,RESULT,9회말,False,False,normal
20200920KTSK02020,2020-09-20,KT,SK,KT,SK,RESULT,9회말,False,False,normal
20200920LGOB02020,2020-09-20,LG,OB,LG,두산,RESULT,9회말,False,False,normal
20200920NCLT12020,2020-09-20,NC,LT,NC,롯데,RESULT,9회말,False,False,normal
20200920NCLT22020,2020-09-20,NC,LT,NC,롯데,RESULT,9회말,False,False,normal
20200920WOSS02020,2020-09-20,WO,SS,키움,삼성,RESULT,9회초,False,False,normal
20200922KTLT02020,2020-09-22,KT,LT,KT,롯데,RESULT,9회초,False,False,normal
20200922OBHH02020,2020-09-22,OB,HH,두산,한화,RESULT,9회초,False,False,normal
20200922SKLG02020,2020-09-22,SK,LG,SK,LG,RESULT,9회초,False,False,normal
20200922SSNC02020,2020-09-22,SS,NC,삼성,NC,RESULT,9회초,False,False,normal
20200922WOHT02020,2020-09-22,WO,HT,키움,KIA,RESULT,9회말,False,False,normal
20200923KTLT02020,2020-09-23,KT,LT,KT,롯데,RESULT,9회말,False,False,normal
20200923OBHH02020,2020-09-23,OB,HH,두산,한화,RESULT,9회초,False,False,normal
20200923SKLG02020,2020-09-23,SK,LG,SK,LG,RESULT,9회초,False,False,normal
20200923SSNC02020,2020-09-23,SS,NC,삼성,NC,RESULT,9회초,False,False,normal
20200923WOHT02020,2020-09-23,WO,HT,키움,KIA,RESULT,9회말,False,False,normal
20200924HTKT02020,2020-09-24,HT,KT,KIA,KT,RESULT,9회말,False,False,normal
20200924LGNC02020,2020-09-24,LG,NC,LG,NC,RESULT,9회초,False,False,normal
20200924LTHH02020,2020-09-24,LT,HH,롯데,한화,RESULT,9회초,False,False,normal
20200924SKWO02020,2020-09-24,SK,WO,SK,키움,RESULT,9회초,False,False,normal
20200924SSOB02020,2020-09-24,SS,OB,삼성,두산,RESULT,9회초,False,False,normal
20200925HTKT02020,2020-09-25,HT,KT,KIA,KT,RESULT,9회초,False,False,normal
20200925LGNC02020,2020-09-25,LG,NC,LG,NC,RESULT,9회초,False,False,normal
20200925LTHH02020,2020-09-25,LT,HH,롯데,한화,RESULT,10회말,False,False,normal
20200925SKWO02020,2020-09-25,SK,WO,SK,키움,RESULT,11회말,False,False,normal
20200925SSOB02020,2020-09-25,SS,OB,삼성,두산,RESULT,9회말,False,False,normal
20200926LGKT02020,2020-09-26,LG,KT,LG,KT,RESULT,9회말,False,False,normal
20200926LTHT02020,2020-09-26,LT,HT,롯데,KIA,RESULT,9회말,False,False,normal
20200926NCHH02020,2020-09-26,NC,HH,NC,한화,RESULT,9회말,False,False,normal
20200926SKSS02020,2020-09-26,SK,SS,SK,삼성,RESULT,9회초,False,False,normal
20200926WOOB02020,2020-09-26,WO,OB,키움,두산,RESULT,9회초,False,False,normal
20200927LGKT02020,2020-09-27,LG,KT,LG,KT,RESULT,9회말,False,False,normal
20200927LTHT02020,2020-09-27,LT,HT,롯데,KIA,RESULT,10회말,False,False,normal
20200927NCHH02020,2020-09-27,NC,HH,NC,한화,RESULT,9회말,False,False,normal
20200927SKSS02020,2020-09-27,SK,SS,SK,삼성,RESULT,9회말,False,False,normal
20200927WOOB12020,2020-09-27,WO,OB,키움,두산,RESULT,9회말,False,False,normal
20200927WOOB22020,2020-09-27,WO,OB,키움,두산,RESULT,9회초,False,False,normal
20200929HTWO02020,2020-09-29,HT,WO,KIA,키움,RESULT,9회말,False,False,normal
20200929KTSS02020,2020-09-29,KT,SS,KT,삼성,RESULT,9회말,False,False,normal
20200929LTLG02020,2020-09-29,LT,LG,롯데,LG,RESULT,9회말,False,False,normal
20200929OBHH02020,2020-09-29,OB,HH,두산,한화,RESULT,9회말,False,False,normal
20200929SKNC02020,2020-09-29,SK,NC,SK,NC,RESULT,9회초,False,False,normal
20200930HTWO02020,2020-09-30,HT,WO,KIA,키움,RESULT,9회말,False,False,normal
20200930KTSS02020,2020-09-30,KT,SS,KT,삼성,RESULT,10회말,False,False,normal
20200930LTLG02020,2020-09-30,LT,LG,롯데,LG,RESULT,9회초,False,False,normal
20200930OBHH02020,2020-09-30,OB,HH,두산,한화,RESULT,9회초,False,False,normal
20200930SKNC02020,2020-09-30,SK,NC,SK,NC,RESULT,9회초,False,False,normal
20201001HTWO02020,2020-10-01,HT,WO,KIA,키움,RESULT,9회말,False,False,normal
20201001KTSS02020,2020-10-01,KT,SS,KT,삼성,RESULT,10회말,False,False,normal
20201001LTLG02020,2020-10-01,LT,LG,롯데,LG,RESULT,9회말,False,False,normal
20201001OBHH02020,2020-10-01,OB,HH,두산,한화,RESULT,9회초,False,False,normal
20201001SKNC02020,2020-10-01,SK,NC,SK,NC,RESULT,9회초,False,False,normal
20201002HHLT02020,2020-10-02,HH,LT,한화,롯데,RESULT,9회초,False,False,normal
20201002HTOB02020,2020-10-02,HT,OB,KIA,두산,RESULT,9회초,False,False,normal
20201002LGKT02020,2020-10-02,LG,KT,LG,KT,RESULT,9회초,False,False,normal
20201002SSNC02020,2020-10-02,SS,NC,삼성,NC,RESULT,9회말,False,False,normal
20201002WOSK02020,2020-10-02,WO,SK,키움,SK,RESULT,9회말,False,False,normal
20201003HHLT02020,2020-10-03,HH,LT,한화,롯데,RESULT,9회초,False,False,normal
20201003HTOB02020,2020-10-03,HT,OB,KIA,두산,RESULT,9회초,False,False,normal
20201003LGKT12020,2020-10-03,LG,KT,LG,KT,RESULT,9회말,False,False,normal
20201003LGKT22020,2020-10-03,LG,KT,LG,KT,RESULT,9회초,False,False,normal
20201003SSNC12020,2020-10-03,SS,NC,삼성,NC,RESULT,9회말,False,False,normal
20201003SSNC22020,2020-10-03,SS,NC,삼성,NC,RESULT,9회초,False,False,normal
20201003WOSK02020,2020-10-03,WO,SK,키움,SK,RESULT,9회초,False,False,normal
20201004HHLT02020,2020-10-04,HH,LT,한화,롯데,RESULT,9회초,False,False,normal
20201004HTOB02020,2020-10-04,HT,OB,KIA,두산,RESULT,9회초,False,False,normal
20201004LGKT02020,2020-10-04,LG,KT,LG,KT,RESULT,9회말,False,False,normal
20201004SSNC02020,2020-10-04,SS,NC,삼성,NC,RESULT,9회초,False,False,normal
20201004WOSK02020,2020-10-04,WO,SK,키움,SK,RESULT,9회초,False,False,normal
20201006HHHT02020,2020-10-06,HH,HT,한화,KIA,RESULT,9회말,False,False,normal
20201006KTLT02020,2020-10-06,KT,LT,KT,롯데,RESULT,9회초,False,False,normal
20201006NCWO02020,2020-10-06,NC,WO,NC,키움,RESULT,9회말,False,False,normal
20201006OBSK02020,2020-10-06,OB,SK,두산,SK,RESULT,9회말,False,False,normal
20201006SSLG02020,2020-10-06,SS,LG,삼성,LG,RESULT,12회말,False,False,normal
20201007HHHT12020,2020-10-07,HH,HT,한화,KIA,RESULT,9회초,False,False,normal
20201007HHHT22020,2020-10-07,HH,HT,한화,KIA,RESULT,9회말,False,False,normal
20201007KTLT02020,2020-10-07,KT,LT,KT,롯데,RESULT,9회말,False,False,normal
20201007NCWO02020,2020-10-07,NC,WO,NC,키움,RESULT,9회말,False,False,normal
20201007OBSK02020,2020-10-07,OB,SK,두산,SK,RESULT,9회말,False,False,normal
20201007SSLG02020,2020-10-07,SS,LG,삼성,LG,RESULT,9회초,False,False,normal
20201008HHHT02020,2020-10-08,HH,HT,한화,KIA,RESULT,9회말,False,False,normal
20201008KTLT02020,2020-10-08,KT,LT,KT,롯데,RESULT,9회말,False,False,normal
20201008NCWO02020,2020-10-08,NC,WO,NC,키움,RESULT,9회초,False,False,normal
20201008OBSK02020,2020-10-08,OB,SK,두산,SK,RESULT,9회말,False,False,normal
20201008SSLG02020,2020-10-08,SS,LG,삼성,LG,RESULT,9회말,False,False,normal
20201009LTSS02020,2020-10-09,LT,SS,롯데,삼성,RESULT,9회말,False,False,normal
20201009NCLG02020,2020-10-09,NC,LG,NC,LG,RESULT,9회초,False,False,normal
20201009OBKT02020,2020-10-09,OB,KT,두산,KT,RESULT,9회말,False,False,normal
20201009SKHT02020,2020-10-09,SK,HT,SK,KIA,RESULT,9회초,False,False,normal
20201009WOHH02020,2020-10-09,WO,HH,키움,한화,RESULT,9회초,False,False,normal
20201010LTSS02020,2020-10-10,LT,SS,롯데,삼성,RESULT,9회말,False,False,normal
20201010NCLG12020,2020-10-10,NC,LG,NC,LG,RESULT,9회초,False,False,normal
20201010NCLG22020,2020-10-10,NC,LG,NC,LG,RESULT,9회초,False,False,normal
20201010OBKT02020,2020-10-10,OB,KT,두산,KT,RESULT,9회말,False,False,normal
20201010SKHT02020,2020-10-10,SK,HT,SK,KIA,RESULT,9회말,False,False,normal
20201010WOHH02020,2020-10-10,WO,HH,키움,한화,RESULT,9회말,False,False,normal
20201011LTSS02020,2020-10-11,LT,SS,롯데,삼성,RESULT,9회초,False,False,normal
20201011NCLG02020,2020-10-11,NC,LG,NC,LG,RESULT,9회초,False,False,normal
20201011OBKT02020,2020-10-11,OB,KT,두산,KT,RESULT,10회말,False,False,normal
20201011SKHT02020,2020-10-11,SK,HT,SK,KIA,RESULT,12회말,False,False,normal
20201011WOHH02020,2020-10-11,WO,HH,키움,한화,RESULT,9회초,False,False,normal
20201013HHOB02020,2020-10-13,HH,OB,한화,두산,RESULT,9회초,False,False,normal
20201013HTNC02020,2020-10-13,HT,NC,KIA,NC,RESULT,9회말,False,False,normal
20201013LGLT02020,2020-10-13,LG,LT,LG,롯데,RESULT,9회초,False,False,normal
20201013SKSS02020,2020-10-13,SK,SS,SK,삼성,RESULT,9회말,False,False,normal
20201013WOKT02020,2020-10-13,WO,KT,키움,KT,RESULT,9회초,False,False,normal
20201014HHOB02020,2020-10-14,HH,OB,한화,두산,RESULT,9회초,False,False,normal
20201014HTNC02020,2020-10-14,HT,NC,KIA,NC,RESULT,9회초,False,False,normal
20201014LGLT02020,2020-10-14,LG,LT,LG,롯데,RESULT,9회초,False,False,normal
20201014SKSS02020,2020-10-14,SK,SS,SK,삼성,RESULT,9회초,False,False,normal
20201014WOKT02020,2020-10-14,WO,KT,키움,KT,RESULT,9회말,False,False,normal
20201015HHOB02020,2020-10-15,HH,OB,한화,두산,RESULT,9회초,False,False,normal
20201015HTNC02020,2020-10-15,HT,NC,KIA,NC,RESULT,9회말,False,False,normal
20201015LGLT02020,2020-10-15,LG,LT,LG,롯데,RESULT,9회말,False,False,normal
20201015SKSS02020,2020-10-15,SK,SS,SK,삼성,RESULT,9회말,False,False,normal
20201015WOKT02020,2020-10-15,WO,KT,키움,KT,RESULT,9회말,False,False,normal
20201016HTLG02020,2020-10-16,HT,LG,KIA,LG,RESULT,9회초,False,False,normal
20201016KTSK02020,2020-10-16,KT,SK,KT,SK,RESULT,9회초,False,False,normal
20201016LTNC02020,2020-10-16,LT,NC,롯데,NC,RESULT,9회말,False,False,normal
20201016OBWO02020,2020-10-16,OB,WO,두산,키움,RESULT,9회초,False,False,normal
20201016SSHH02020,2020-10-16,SS,HH,삼성,한화,RESULT,9회말,False,False,normal
20201017HTLG02020,2020-10-17,HT,LG,KIA,LG,RESULT,9회초,False,False,normal
20201017KTSK02020,2020-10-17,KT,SK,KT,SK,RESULT,9회말,False,False,normal
20201017LTNC02020,2020-10-17,LT,NC,롯데,NC,RESULT,9회초,False,False,normal
20201017OBWO02020,2020-10-17,OB,WO,두산,키움,RESULT,9회초,False,False,normal
20201017SSHH12020,2020-10-17,SS,HH,삼성,한화,RESULT,9회말,False,False,normal
20201017SSHH22020,2020-10-17,SS,HH,삼성,한화,RESULT,9회말,False,False,normal
20201018HTLG02020,2020-10-18,HT,LG,KIA,LG,RESULT,9회말,False,False,normal
20201018KTSK02020,2020-10-18,KT,SK,KT,SK,RESULT,9회말,False,False,normal
20201018LTNC02020,2020-10-18,LT,NC,롯데,NC,RESULT,9회말,False,False,normal
20201018OBWO02020,2020-10-18,OB,WO,두산,키움,RESULT,9회말,False,False,normal
20201018SSHH02020,2020-10-18,SS,HH,삼성,한화,RESULT,9회말,False,False,normal
20201020LGKT02020,2020-10-20,LG,KT,LG,KT,RESULT,9회말,False,False,normal
20201020NCHT02020,2020-10-20,NC,HT,NC,KIA,RESULT,9회말,False,False,normal
20201020OBLT02020,2020-10-20,OB,LT,두산,롯데,RESULT,9회말,False,False,normal
20201020SSSK02020,2020-10-20,SS,SK,삼성,SK,RESULT,9회말,False,False,normal
20201021LTSK02020,2020-10-21,LT,SK,롯데,SK,RESULT,9회초,False,False,normal
20201021NCHT02020,2020-10-21,NC,HT,NC,KIA,BEFORE,경기취소,True,False,cancelled
20201021SSKT02020,2020-10-21,SS,KT,삼성,KT,RESULT,10회말,False,False,normal
20201022HTHH02020,2020-10-22,HT,HH,KIA,한화,RESULT,9회말,False,False,normal
20201022KTOB02020,2020-10-22,KT,OB,KT,두산,RESULT,9회말,False,False,normal
20201022LTSK02020,2020-10-22,LT,SK,롯데,SK,RESULT,9회말,False,False,normal
20201023LGHT02020,2020-10-23,LG,HT,LG,KIA,RESULT,9회말,False,False,normal
20201023LTSK02020,2020-10-23,LT,SK,롯데,SK,RESULT,9회말,False,False,normal
20201023NCHH02020,2020-10-23,NC,HH,NC,한화,RESULT,9회초,False,False,normal
20201023WOOB02020,2020-10-23,WO,OB,키움,두산,RESULT,9회말,False,False,normal
20201024LGNC02020,2020-10-24,LG,NC,LG,NC,RESULT,12회말,False,False,normal
20201024LTOB02020,2020-10-24,LT,OB,롯데,두산,RESULT,9회초,False,False,normal
20201024SSHT02020,2020-10-24,SS,HT,삼성,KIA,RESULT,9회말,False,False,normal
20201025LTKT02020,2020-10-25,LT,KT,롯데,KT,RESULT,9회초,False,False,normal
20201025SSHT02020,2020-10-25,SS,HT,삼성,KIA,RESULT,9회초,False,False,normal
20201027HHOB02020,2020-10-27,HH,OB,한화,두산,RESULT,9회초,False,False,normal
20201027KTHT02020,2020-10-27,KT,HT,KT,KIA,RESULT,9회말,False,False,normal
20201027SKLT02020,2020-10-27,SK,LT,SK,롯데,RESULT,9회말,False,False,normal
20201027SSNC02020,2020-10-27,SS,NC,삼성,NC,RESULT,9회말,False,False,normal
20201028HHLG02020,2020-10-28,HH,LG,한화,LG,RESULT,11회말,False,False,normal
20201028KTHT02020,2020-10-28,KT,HT,KT,KIA,RESULT,10회말,False,False,normal
20201028NCLT02020,2020-10-28,NC,LT,NC,롯데,RESULT,9회말,False,False,normal
20201029KTHH02020,2020-10-29,KT,HH,KT,한화,RESULT,9회말,False,False,normal
20201029NCLT02020,2020-10-29,NC,LT,NC,롯데,RESULT,9회말,False,False,normal
20201029OBHT02020,2020-10-29,OB,HT,두산,KIA,RESULT,9회말,False,False,normal
20201030HTLT02020,2020-10-30,HT,LT,KIA,롯데,RESULT,9회초,False,False,normal
20201030KTHH02020,2020-10-30,KT,HH,KT,한화,RESULT,9회초,False,False,normal
20201030LGSK02020,2020-10-30,LG,SK,LG,SK,RESULT,9회초,False,False,normal
20201030NCSS02020,2020-10-30,NC,SS,NC,삼성,RESULT,12회말,False,False,normal
20201030WOOB02020,2020-10-30,WO,OB,키움,두산,RESULT,9회초,False,False,normal
20201031NCHT02020,2020-10-31,NC,HT,NC,KIA,RESULT,9회말,False,False,normal
20210321HTSS02021,2021-03-21,HT,SS,KIA,삼성,RESULT,9회초,False,False,normal
20210321KTOB02021,2021-03-21,KT,OB,KT,두산,RESULT,9회말,False,False,normal
20210321LGHH02021,2021-03-21,LG,HH,LG,한화,RESULT,9회말,False,False,normal
20210321SKNC02021,2021-03-21,SK,NC,SSG,NC,RESULT,9회초,False,False,normal
20210321WOLT02021,2021-03-21,WO,LT,키움,롯데,RESULT,9회초,False,False,normal
20210322HHOB02021,2021-03-22,HH,OB,한화,두산,RESULT,9회말,False,False,normal
20210322HTNC02021,2021-03-22,HT,NC,KIA,NC,RESULT,9회말,False,False,normal
20210322LGKT02021,2021-03-22,LG,KT,LG,KT,RESULT,9회초,False,False,normal
20210322SKLT02021,2021-03-22,SK,LT,SSG,롯데,RESULT,9회초,False,False,normal
20210322WOSS02021,2021-03-22,WO,SS,키움,삼성,RESULT,8회말,False,False,called
20210323HHOB02021,2021-03-23,HH,OB,한화,두산,RESULT,9회말,False,False,normal
20210323HTNC02021,2021-03-23,HT,NC,KIA,NC,RESULT,9회말,False,False,normal
20210323LGKT02021,2021-03-23,LG,KT,LG,KT,RESULT,9회말,False,False,normal
20210323SKLT02021,2021-03-23,SK,LT,SSG,롯데,RESULT,9회초,False,False,normal
20210323WOSS02021,2021-03-23,WO,SS,키움,삼성,RESULT,9회말,False,False,normal
20210325HHKT02021,2021-03-25,HH,KT,한화,KT,RESULT,9회초,False,False,normal
20210325LGOB02021,2021-03-25,LG,OB,LG,두산,RESULT,9회말,False,False,normal
20210325LTHT02021,2021-03-25,LT,HT,롯데,KIA,RESULT,9회말,False,False,normal
20210325SSSK02021,2021-03-25,SS,SK,삼성,SSG,RESULT,9회말,False,False,normal
20210325WONC02021,2021-03-25,WO,NC,키움,NC,RESULT,9회말,False,False,normal
20210326HHKT02021,2021-03-26,HH,KT,한화,KT,RESULT,9회말,False,False,normal
20210326LTHT02021,2021-03-26,LT,HT,롯데,KIA,RESULT,9회초,False,False,normal
20210326OBLG02021,2021-03-26,OB,LG,두산,LG,RESULT,9회말,False,False,normal
20210326SSSK02021,2021-03-26,SS,SK,삼성,SSG,RESULT,9회말,False,False,normal
20210326WONC02021,2021-03-26,WO,NC,키움,NC,RESULT,9회말,False,False,normal
20210328LTHH02021,2021-03-28,LT,HH,롯데,한화,RESULT,9회초,False,False,normal
20210328NCKT02021,2021-03-28,NC,KT,NC,KT,RESULT,9회초,False,False,normal
20210328SSLG02021,2021-03-28,SS,LG,삼성,LG,RESULT,9회초,False,False,normal
20210328WOHT02021,2021-03-28,WO,HT,키움,KIA,RESULT,9회말,False,False,normal
20210329SKLG02021,2021-03-29,SK,LG,SSG,LG,RESULT,9회초,False,False,normal
20210330KTHT02021,2021-03-30,KT,HT,KT,KIA,RESULT,9회말,False,False,normal
20210330NCLT02021,2021-03-30,NC,LT,NC,롯데,RESULT,9회말,False,False,normal
20210330OBSS02021,2021-03-30,OB,SS,두산,삼성,RESULT,9회말,False,False,normal
20210330SKLG02021,2021-03-30,SK,LG,SSG,LG,RESULT,9회말,False,False,normal
20210330WOHH02021,2021-03-30,WO,HH,키움,한화,RESULT,9회초,False,False,normal
20210403HHKT02021,2021-04-03,HH,KT,한화,KT,BEFORE,경기취소,True,False,cancelled
20210403HTOB02021,2021-04-03,HT,OB,KIA,두산,BEFORE,경기취소,True,False,cancelled
20210403LGNC02021,2021-04-03,LG,NC,LG,NC,BEFORE,경기취소,True,False,cancelled
20210403LTSK02021,2021-04-03,LT,SK,롯데,SSG,BEFORE,경기취소,True,False,cancelled
20210403SSWO02021,2021-04-03,SS,WO,삼성,키움,RESULT,9회초,False,False,normal
20210404HHKT02021,2021-04-04,HH,KT,한화,KT,RESULT,9회말,False,False,normal
20210404HTOB02021,2021-04-04,HT,OB,KIA,두산,RESULT,9회초,False,False,normal
20210404LGNC02021,2021-04-04,LG,NC,LG,NC,RESULT,9회말,False,False,normal
20210404LTSK02021,2021-04-04,LT,SK,롯데,SSG,RESULT,9회초,False,False,normal
20210404SSWO02021,2021-04-04,SS,WO,삼성,키움,RESULT,9회초,False,False,normal
20210406HHSK02021,2021-04-06,HH,SK,한화,SSG,RESULT,9회초,False,False,normal
20210406HTWO02021,2021-04-06,HT,WO,KIA,키움,RESULT,11회말,False,False,normal
20210406LGKT02021,2021-04-06,LG,KT,LG,KT,RESULT,9회말,False,False,normal
20210406LTNC02021,2021-04-06,LT,NC,롯데,NC,RESULT,9회말,False,False,normal
20210406SSOB02021,2021-04-06,SS,OB,삼성,두산,RESULT,9회초,False,False,normal
20210407HHSK02021,2021-04-07,HH,SK,한화,SSG,RESULT,9회말,False,False,normal
20210407HTWO02021,2021-04-07,HT,WO,KIA,키움,RESULT,12회말,False,False,normal
20210407LGKT02021,2021-04-07,LG,KT,LG,KT,RESULT,9회초,False,False,normal
20210407LTNC02021,2021-04-07,LT,NC,롯데,NC,RESULT,9회초,False,False,normal
20210407SSOB02021,2021-04-07,SS,OB,삼성,두산,RESULT,9회초,False,False,normal
20210408HHSK02021,2021-04-08,HH,SK,한화,SSG,RESULT,9회초,False,False,normal
20210408HTWO02021,2021-04-08,HT,WO,KIA,키움,RESULT,9회말,False,False,normal
20210408LGKT02021,2021-04-08,LG,KT,LG,KT,RESULT,9회말,False,False,normal
20210408LTNC02021,2021-04-08,LT,NC,롯데,NC,RESULT,9회말,False,False,normal
20210408SSOB02021,2021-04-08,SS,OB,삼성,두산,RESULT,9회말,False,False,normal
20210409KTSS02021,2021-04-09,KT,SS,KT,삼성,RESULT,9회초,False,False,normal
20210409NCHT02021,2021-04-09,NC,HT,NC,KIA,RESULT,9회말,False,False,normal
20210409OBHH02021,2021-04-09,OB,HH,두산,한화,RESULT,9회초,False,False,normal
20210409SKLG02021,2021-04-09,SK,LG,SSG,LG,RESULT,9회초,False,False,normal
20210409WOLT02021,2021-04-09,WO,LT,키움,롯데,RESULT,9회말,False,False,normal
20210410KTSS02021,2021-04-10,KT,SS,KT,삼성,RESULT,9회초,False,False,normal
20210410NCHT02021,2021-04-10,NC,HT,NC,KIA,RESULT,9회말,False,False,normal
20210410OBHH02021,2021-04-10,OB,HH,두산,한화,RESULT,9회말,False,False,normal
20210410SKLG02021,2021-04-10,SK,LG,SSG,LG,RESULT,9회말,False,False,normal
20210410WOLT02021,2021-04-10,WO,LT,키움,롯데,RESULT,9회초,False,False,normal
20210411KTSS02021,2021-04-11,KT,SS,KT,삼성,RESULT,9회초,False,False,normal
20210411NCHT02021,2021-04-11,NC,HT,NC,KIA,RESULT,9회말,False,False,normal
20210411OBHH02021,2021-04-11,OB,HH,두산,한화,RESULT,9회초,False,False,normal
20210411SKLG02021,2021-04-11,SK,LG,SSG,LG,RESULT,9회초,False,False,normal
20210411WOLT02021,2021-04-11,WO,LT,키움,롯데,RESULT,11회말,False,False,normal
20210413HHSS02021,2021-04-13,HH,SS,한화,삼성,RESULT,9회초,False,False,normal
20210413KTOB02021,2021-04-13,KT,OB,KT,두산,RESULT,9회말,False,False,normal
20210413LGWO02021,2021-04-13,LG,WO,LG,키움,RESULT,9회초,False,False,normal
20210413LTHT02021,2021-04-13,LT,HT,롯데,KIA,RESULT,9회말,False,False,normal
20210413NCSK02021,2021-04-13,NC,SK,NC,SSG,RESULT,9회말,False,False,normal
20210414HHSS02021,2021-04-14,HH,SS,한화,삼성,RESULT,9회말,False,False,normal
20210414KTOB02021,2021-04-14,KT,OB,KT,두산,RESULT,9회초,False,False,normal
20210414LGWO02021,2021-04-14,LG,WO,LG,키움,RESULT,9회말,False,False,normal
20210414LTHT02021,2021-04-14,LT,HT,롯데,KIA,RESULT,12회말,False,False,normal
20210414NCSK02021,2021-04-14,NC,SK,NC,SSG,RESULT,9회말,False,False,normal
20210415HHSS02021,2021-04-15,HH,SS,한화,삼성,RESULT,9회초,False,False,normal
20210415KTOB02021,2021-04-15,KT,OB,KT,두산,RESULT,9회말,False,False,normal
20210415LGWO02021,2021-04-15,LG,WO,LG,키움,RESULT,9회말,False,False,normal
20210415LTHT02021,2021-04-15,LT,HT,롯데,KIA,RESULT,9회초,False,False,normal
20210415NCSK02021,2021-04-15,NC,SK,NC,SSG,RESULT,9회초,False,False,normal
20210416HHNC02021,2021-04-16,HH,NC,한화,NC,RESULT,9회초,False,False,normal
20210416HTSK02021,2021-04-16,HT,SK,KIA,SSG,RESULT,9회말,False,False,normal
20210416OBLG02021,2021-04-16,OB,LG,두산,LG,RESULT,9회초,False,False,normal
20210416SSLT02021,2021-04-16,SS,LT,삼성,롯데,RESULT,9회초,False,False,normal
20210416WOKT02021,2021-04-16,WO,KT,키움,KT,RESULT,9회초,False,False,normal
20210417HHNC02021,2021-04-17,HH,NC,한화,NC,RESULT,9회초,False,False,normal
20210417HTSK02021,2021-04-17,HT,SK,KIA,SSG,RESULT,10회말,False,False,normal
20210417OBLG02021,2021-04-17,OB,LG,두산,LG,RESULT,9회말,False,False,normal
20210417SSLT02021,2021-04-17,SS,LT,삼성,롯데,RESULT,9회말,False,False,normal
20210417WOKT02021,2021-04-17,WO,KT,키움,KT,RESULT,9회초,False,False,normal
20210418HHNC02021,2021-04-18,HH,NC,한화,NC,RESULT,9회말,False,False,normal
20210418HTSK02021,2021-04-18,HT,SK,KIA,SSG,RESULT,9회초,False,False,normal
20210418OBLG02021,2021-04-18,OB,LG,두산,LG,RESULT,9회말,False,False,normal
20210418SSLT02021,2021-04-18,SS,LT,삼성,롯데,RESULT,9회말,False,False,normal
20210418WOKT02021,2021-04-18,WO,KT,키움,KT,RESULT,9회초,False,False,normal
20210420HTLG02021,2021-04-20,HT,LG,KIA,LG,RESULT,9회말,False,False,normal
20210420KTNC02021,2021-04-20,KT,NC,KT,NC,RESULT,9회말,False,False,normal
20210420OBLT02021,2021-04-20,OB,LT,두산,롯데,RESULT,9회초,False,False,normal
20210420SKSS02021,2021-04-20,SK,SS,SSG,삼성,RESULT,9회말,False,False,normal
20210420WOHH02021,2021-04-20,WO,HH,키움,한화,RESULT,9회초,False,False,normal
20210421HTLG02021,2021-04-21,HT,LG,KIA,LG,RESULT,9회초,False,False,normal
20210421KTNC02021,2021-04-21,KT,NC,KT,NC,RESULT,9회초,False,False,normal
20210421OBLT02021,2021-04-21,OB,LT,두산,롯데,RESULT,9회초,False,False,normal
20210421SKSS02021,2021-04-21,SK,SS,SSG,삼성,RESULT,9회초,False,False,normal
20210421WOHH02021,2021-04-21,WO,HH,키움,한화,RESULT,9회초,False,False,normal
20210422HTLG02021,2021-04-22,HT,LG,KIA,LG,RESULT,10회말,False,False,normal
20210422KTNC02021,2021-04-22,KT,NC,KT,NC,RESULT,9회말,False,False,normal
20210422OBLT02021,2021-04-22,OB,LT,두산,롯데,RESULT,9회말,False,False,normal
20210422SKSS02021,2021-04-22,SK,SS,SSG,삼성,RESULT,9회말,False,False,normal
20210422WOHH02021,2021-04-22,WO,HH,키움,한화,RESULT,9회말,False,False,normal
20210423LGHH02021,2021-04-23,LG,HH,LG,한화,RESULT,9회말,False,False,normal
20210423LTKT02021,2021-04-23,LT,KT,롯데,KT,RESULT,9회말,False,False,normal
20210423NCOB02021,2021-04-23,NC,OB,NC,두산,RESULT,9회초,False,False,normal
20210423SKWO02021,2021-04-23,SK,WO,SSG,키움,RESULT,9회말,False,False,normal
20210423SSHT02021,2021-04-23,SS,HT,삼성,KIA,RESULT,9회초,False,False,normal
20210424LGHH02021,2021-04-24,LG,HH,LG,한화,RESULT,9회초,False,False,normal
20210424LTKT02021,2021-04-24,LT,KT,롯데,KT,RESULT,9회말,False,False,normal
20210424NCOB02021,2021-04-24,NC,OB,NC,두산,RESULT,9회초,False,False,normal
20210424SKWO02021,2021-04-24,SK,WO,SSG,키움,RESULT,10회말,False,False,normal
20210424SSHT02021,2021-04-24,SS,HT,삼성,KIA,RESULT,9회말,False,False,normal
20210425LGHH02021,2021-04-25,LG,HH,LG,한화,RESULT,9회말,False,False,normal
20210425LTKT02021,2021-04-25,LT,KT,롯데,KT,RESULT,9회말,False,False,normal
20210425NCOB02021,2021-04-25,NC,OB,NC,두산,RESULT,9회말,False,False,normal
20210425SKWO02021,2021-04-25,SK,WO,SSG,키움,RESULT,9회초,False,False,normal
20210425SSHT02021,2021-04-25,SS,HT,삼성,KIA,RESULT,9회말,False,False,normal
20210427HHHT02021,2021-04-27,HH,HT,한화,KIA,RESULT,9회초,False,False,normal
20210427KTSK02021,2021-04-27,KT,SK,KT,SSG,RESULT,9회말,False,False,normal
20210427LTLG02021,2021-04-27,LT,LG,롯데,LG,RESULT,9회초,False,False,normal
20210427NCSS02021,2021-04-27,NC,SS,NC,삼성,RESULT,9회초,False,False,normal
20210427OBWO02021,2021-04-27,OB,WO,두산,키움,RESULT,9회초,False,False,normal
20210428HHHT02021,2021-04-28,HH,HT,한화,KIA,RESULT,9회초,False,False,normal
20210428KTSK02021,2021-04-28,KT,SK,KT,SSG,RESULT,9회초,False,False,normal
20210428LTLG02021,2021-04-28,LT,LG,롯데,LG,RESULT,9회말,False,False,normal
20210428NCSS02021,2021-04-28,NC,SS,NC,삼성,RESULT,9회초,False,False,normal
20210428OBWO02021,2021-04-28,OB,WO,두산,키움,RESULT,11회말,False,False,normal
20210429HHHT02021,2021-04-29,HH,HT,한화,KIA,RESULT,11회말,False,False,normal
20210429KTSK02021,2021-04-29,KT,SK,KT,SSG,RESULT,9회말,False,False,normal
20210429LTLG02021,2021-04-29,LT,LG,롯데,LG,RESULT,9회초,False,False,normal
20210429NCSS02021,2021-04-29,NC,SS,NC,삼성,RESULT,9회말,False,False,normal
20210429OBWO02021,2021-04-29,OB,WO,두산,키움,RESULT,9회말,False,False,normal
20210430HHLT02021,2021-04-30,HH,LT,한화,롯데,RESULT,9회말,False,False,normal
20210430HTKT02021,2021-04-30,HT,KT,KIA,KT,RESULT,9회초,False,False,normal
20210430LGSS02021,2021-04-30,LG,SS,LG,삼성,RESULT,9회초,False,False,normal
20210430SKOB02021,2021-04-30,SK,OB,SSG,두산,RESULT,9회초,False,False,normal
20210430WONC02021,2021-04-30,WO,NC,키움,NC,RESULT,9회말,False,False,normal
20210501HHLT02021,2021-05-01,HH,LT,한화,롯데,RESULT,9회말,False,False,normal
20210501HTKT02021,2021-05-01,HT,KT,KIA,KT,RESULT,9회초,False,False,normal
20210501LGSS02021,2021-05-01,LG,SS,LG,삼성,RESULT,9회초,False,False,normal
20210501SKOB02021,2021-05-01,SK,OB,SSG,두산,RESULT,12회말,False,False,normal
20210501WONC02021,2021-05-01,WO,NC,키움,NC,RESULT,9회말,False,False,normal
20210502HHLT02021,2021-05-02,HH,LT,한화,롯데,RESULT,9회말,False,False,normal
20210502HTKT02021,2021-05-02,HT,KT,KIA,KT,RESULT,9회초,False,False,normal
20210502LGSS02021,2021-05-02,LG,SS,LG,삼성,RESULT,9회초,False,False,normal
20210502SKOB02021,2021-05-02,SK,OB,SSG,두산,RESULT,9회초,False,False,normal
20210502WONC02021,2021-05-02,WO,NC,키움,NC,RESULT,9회초,False,False,normal
20210504HTLT02021,2021-05-04,HT,LT,KIA,롯데,BEFORE,경기취소,True,False,cancelled
20210504KTWO02021,2021-05-04,KT,WO,KT,키움,BEFORE,경기취소,True,False,cancelled
20210504LGOB02021,2021-05-04,LG,OB,LG,두산,BEFORE,경기취소,True,False,cancelled
20210504SKNC02021,2021-05-04,SK,NC,SSG,NC,BEFORE,경기취소,True,False,cancelled
20210504SSHH02021,2021-05-04,SS,HH,삼성,한화,BEFORE,경기취소,True,False,cancelled
20210505HTLT02021,2021-05-05,HT,LT,KIA,롯데,RESULT,9회말,False,False,normal
20210505KTWO02021,2021-05-05,KT,WO,KT,키움,RESULT,9회초,False,False,normal
20210505LGOB02021,2021-05-05,LG,OB,LG,두산,RESULT,9회말,False,False,normal
20210505SKNC02021,2021-05-05,SK,NC,SSG,NC,RESULT,9회말,False,False,normal
20210505SSHH02021,2021-05-05,SS,HH,삼성,한화,RESULT,9회말,False,False,normal
20210506HTLT02021,2021-05-06,HT,LT,KIA,롯데,RESULT,9회초,False,False,normal
20210506KTWO02021,2021-05-06,KT,WO,KT,키움,RESULT,9회초,False,False,normal
20210506LGOB02021,2021-05-06,LG,OB,LG,두산,RESULT,9회말,False,False,normal
20210506SKNC02021,2021-05-06,SK,NC,SSG,NC,RESULT,9회초,False,False,normal
20210506SSHH02021,2021-05-06,SS,HH,삼성,한화,RESULT,10회말,False,False,normal
20210507HHLG02021,2021-05-07,HH,LG,한화,LG,BEFORE,경기취소,True,False,cancelled
20210507LTSS02021,2021-05-07,LT,SS,롯데,삼성,RESULT,9회초,False,False,normal
20210507NCKT02021,2021-05-07,NC,KT,NC,KT,BEFORE,경기취소,True,False,cancelled
20210507OBHT02021,2021-05-07,OB,HT,두산,KIA,BEFORE,경기취소,True,False,cancelled
20210507WOSK02021,2021-05-07,WO,SK,키움,SSG,BEFORE,경기취소,True,False,cancelled
20210508HHLG02021,2021-05-08,HH,LG,한화,LG,RESULT,9회초,False,False,normal
20210508HHLG12021,2021-05-08,HH,LG,한화,LG,BEFORE,경기취소,True,False,cancelled
20210508LTSS02021,2021-05-08,LT,SS,롯데,삼성,RESULT,9회말,False,False,normal
20210508NCKT02021,2021-05-08,NC,KT,NC,KT,RESULT,9회말,False,False,normal
20210508NCKT12021,2021-05-08,NC,KT,NC,KT,BEFORE,경기취소,True,False,cancelled
20210508OBHT02021,2021-05-08,OB,HT,두산,KIA,RESULT,9회말,False,False,normal
20210508OBHT12021,2021-05-08,OB,HT,두산,KIA,BEFORE,경기취소,True,False,cancelled
20210508WOSK02021,2021-05-08,WO,SK,키움,SSG,RESULT,9회말,False,False,normal
20210508WOSK12021,2021-05-08,WO,SK,키움,SSG,BEFORE,경기취소,True,False,cancelled
20210509HHLG12021,2021-05-09,HH,LG,한화,LG,RESULT,9회초,False,False,normal
20210509HHLG22021,2021-05-09,HH,LG,한화,LG,RESULT,9회말,False,False,normal
20210509LTSS02021,2021-05-09,LT,SS,롯데,삼성,RESULT,9회초,False,False,normal
20210509NCKT12021,2021-05-09,NC,KT,NC,KT,RESULT,9회말,False,False,normal
20210509NCKT22021,2021-05-09,NC,KT,NC,KT,RESULT,9회초,False,False,normal
20210509OBHT12021,2021-05-09,OB,HT,두산,KIA,RESULT,9회말,False,False,normal
20210509OBHT22021,2021-05-09,OB,HT,두산,KIA,RESULT,9회말,False,False,normal
20210509WOSK12021,2021-05-09,WO,SK,키움,SSG,RESULT,9회초,False,False,normal
20210509WOSK22021,2021-05-09,WO,SK,키움,SSG,RESULT,9회초,False,False,normal
20210511LGHT02021,2021-05-11,LG,HT,LG,KIA,RESULT,9회초,False,False,normal
20210511NCHH02021,2021-05-11,NC,HH,NC,한화,RESULT,9회말,False,False,normal
20210511SKLT02021,2021-05-11,SK,LT,SSG,롯데,RESULT,9회말,False,False,normal
20210511SSKT02021,2021-05-11,SS,KT,삼성,KT,RESULT,9회초,False,False,normal
20210511WOOB02021,2021-05-11,WO,OB,키움,두산,RESULT,9회초,False,False,normal
20210512LGHT02021,2021-05-12,LG,HT,LG,KIA,RESULT,9회초,False,False,normal
20210512NCHH02021,2021-05-12,NC,HH,NC,한화,RESULT,9회말,False,False,normal
20210512SKLT02021,2021-05-12,SK,LT,SSG,롯데,RESULT,9회말,False,False,normal
20210512SSKT02021,2021-05-12,SS,KT,삼성,KT,RESULT,9회말,False,False,normal
20210512WOOB02021,2021-05-12,WO,OB,키움,두산,RESULT,9회말,False,False,normal
20210513LGHT02021,2021-05-13,LG,HT,LG,KIA,RESULT,9회말,False,False,normal
20210513NCHH02021,2021-05-13,NC,HH,NC,한화,RESULT,9회말,False,False,normal
20210513SKLT02021,2021-05-13,SK,LT,SSG,롯데,RESULT,9회초,False,False,normal
20210513SSKT02021,2021-05-13,SS,KT,삼성,KT,RESULT,9회말,False,False,normal
20210513WOOB02021,2021-05-13,WO,OB,키움,두산,RESULT,9회말,False,False,normal
20210514HHWO02021,2021-05-14,HH,WO,한화,키움,RESULT,9회말,False,False,normal
20210514HTNC02021,2021-05-14,HT,NC,KIA,NC,RESULT,9회초,False,False,normal
20210514KTLT02021,2021-05-14,KT,LT,KT,롯데,RESULT,9회말,False,False,normal
20210514OBSK02021,2021-05-14,OB,SK,두산,SSG,RESULT,9회말,False,False,normal
20210514SSLG02021,2021-05-14,SS,LG,삼성,LG,RESULT,9회초,False,False,normal
20210515HHWO02021,2021-05-15,HH,WO,한화,키움,RESULT,9회초,False,False,normal
20210515HTNC02021,2021-05-15,HT,NC,KIA,NC,RESULT,9회초,False,False,normal
20210515KTLT02021,2021-05-15,KT,LT,KT,롯데,RESULT,9회말,False,False,normal
20210515OBSK02021,2021-05-15,OB,SK,두산,SSG,BEFORE,경기취소,True,False,cancelled
20210515SSLG02021,2021-05-15,SS,LG,삼성,LG,RESULT,9회초,False,False,normal
20210516HHWO02021,2021-05-16,HH,WO,한화,키움,RESULT,9회초,False,False,normal
20210516HTNC02021,2021-05-16,HT,NC,KIA,NC,BEFORE,경기취소,True,False,cancelled
20210516KTLT02021,2021-05-16,KT,LT,KT,롯데,BEFORE,경기취소,True,False,cancelled
20210516OBSK02021,2021-05-16,OB,SK,두산,SSG,BEFORE,경기취소,True,False,cancelled
20210516OBSK12021,2021-05-16,OB,SK,두산,SSG,BEFORE,경기취소,True,False,cancelled
20210516SSLG02021,2021-05-16,SS,LG,삼성,LG,BEFORE,경기취소,True,False,cancelled
20210517HTNC02021,2021-05-17,HT,NC,KIA,NC,BEFORE,경기취소,True,False,cancelled
20210517KTLT02021,2021-05-17,KT,LT,KT,롯데,BEFORE,경기취소,True,False,cancelled
20210517OBSK02021,2021-05-17,OB,SK,두산,SSG,RESULT,9회말,False,False,normal
20210517SSLG02021,2021-05-17,SS,LG,삼성,LG,RESULT,9회말,False,False,normal
20210518LTHH02021,2021-05-18,LT,HH,롯데,한화,RESULT,9회말,False,False,normal
20210518NCLG02021,2021-05-18,NC,LG,NC,LG,RESULT,9회초,False,False,normal
20210518OBKT02021,2021-05-18,OB,KT,두산,KT,RESULT,9회초,False,False,normal
20210518SKHT02021,2021-05-18,SK,HT,SSG,KIA,RESULT,9회말,False,False,normal
20210518WOSS02021,2021-05-18,WO,SS,키움,삼성,RESULT,9회말,False,False,normal
20210519LTHH02021,2021-05-19,LT,HH,롯데,한화,RESULT,9회초,False,False,normal
20210519NCLG02021,2021-05-19,NC,LG,NC,LG,RESULT,10회말,False,False,normal
20210519OBKT02021,2021-05-19,OB,KT,두산,KT,RESULT,9회초,False,False,normal
20210519SKHT02021,2021-05-19,SK,HT,SSG,KIA,RESULT,9회말,False,False,normal
20210519WOSS02021,2021-05-19,WO,SS,키움,삼성,RESULT,9회말,False,False,normal
20210520LTHH02021,2021-05-20,LT,HH,롯데,한화,BEFORE,경기취소,True,False,cancelled
20210520NCLG02021,2021-05-20,NC,LG,NC,LG,RESULT,9회말,False,False,normal
20210520OBKT02021,2021-05-20,OB,KT,두산,KT,BEFORE,경기취소,True,False,cancelled
20210520SKHT02021,2021-05-20,SK,HT,SSG,KIA,BEFORE,경기취소,True,False,cancelled
20210520WOSS02021,2021-05-20,WO,SS,키움,삼성,BEFORE,경기취소,True,False,cancelled
20210521HTSS02021,2021-05-21,HT,SS,KIA,삼성,RESULT,9회초,False,False,normal
20210521KTHH02021,2021-05-21,KT,HH,KT,한화,RESULT,9회초,False,False,normal
20210521LGSK02021,2021-05-21,LG,SK,LG,SSG,RESULT,9회말,False,False,normal
20210521LTOB02021,2021-05-21,LT,OB,롯데,두산,RESULT,9회말,False,False,normal
20210521NCWO02021,2021-05-21,NC,WO,NC,키움,RESULT,9회초,False,False,normal
20210522HTSS02021,2021-05-22,HT,SS,KIA,삼성,RESULT,9회말,False,False,normal
20210522KTHH02021,2021-05-22,KT,HH,KT,한화,RESULT,9회초,False,False,normal
20210522LGSK02021,2021-05-22,LG,SK,LG,SSG,RESULT,9회초,False,False,normal
20210522LTOB02021,2021-05-22,LT,OB,롯데,두산,RESULT,10회말,False,False,normal
20210522NCWO02021,2021-05-22,NC,WO,NC,키움,RESULT,9회초,False,False,normal
20210523HTSS02021,2021-05-23,HT,SS,KIA,삼성,RESULT,9회초,False,False,normal
20210523KTHH02021,2021-05-23,KT,HH,KT,한화,RESULT,9회말,False,False,normal
20210523LGSK02021,2021-05-23,LG,SK,LG,SSG,RESULT,9회초,False,False,normal
20210523LTOB02021,2021-05-23,LT,OB,롯데,두산,RESULT,9회초,False,False,normal
20210523NCWO02021,2021-05-23,NC,WO,NC,키움,RESULT,9회초,False,False,normal
20210525HHOB02021,2021-05-25,HH,OB,한화,두산,BEFORE,경기취소,True,False,cancelled
20210525LGLT02021,2021-05-25,LG,LT,LG,롯데,BEFORE,경기취소,True,False,cancelled
20210525SKKT02021,2021-05-25,SK,KT,SSG,KT,BEFORE,경기취소,True,False,cancelled
20210525SSNC02021,2021-05-25,SS,NC,삼성,NC,BEFORE,경기취소,True,False,cancelled
20210525WOHT02021,2021-05-25,WO,HT,키움,KIA,BEFORE,경기취소,True,False,cancelled
20210526HHOB02021,2021-05-26,HH,OB,한화,두산,RESULT,9회초,False,False,normal
20210526LGLT02021,2021-05-26,LG,LT,LG,롯데,RESULT,9회말,False,False,normal
20210526SKKT02021,2021-05-26,SK,KT,SSG,KT,RESULT,12회말,False,False,normal
20210526SSNC02021,2021-05-26,SS,NC,삼성,NC,RESULT,9회말,False,False,normal
20210526WOHT02021,2021-05-26,WO,HT,키움,KIA,RESULT,9회초,False,False,normal
20210527HHOB02021,2021-05-27,HH,OB,한화,두산,RESULT,9회말,False,False,normal
20210527LGLT02021,2021-05-27,LG,LT,LG,롯데,RESULT,9회말,False,False,normal
20210527SKKT02021,2021-05-27,SK,KT,SSG,KT,RESULT,10회말,False,False,normal
20210527SSNC02021,2021-05-27,SS,NC,삼성,NC,RESULT,9회초,False,False,normal
20210527WOHT02021,2021-05-27,WO,HT,키움,KIA,RESULT,9회초,False,False,normal
20210528KTHT02021,2021-05-28,KT,HT,KT,KIA,RESULT,10회말,False,False,normal
20210528NCLT02021,2021-05-28,NC,LT,NC,롯데,BEFORE,경기취소,True,False,cancelled
20210528OBSS02021,2021-05-28,OB,SS,두산,삼성,RESULT,9회말,False,False,normal
20210528SKHH02021,2021-05-28,SK,HH,SSG,한화,RESULT,9회말,False,False,normal
20210528WOLG02021,2021-05-28,WO,LG,키움,LG,RESULT,9회초,False,False,normal
20210529KTHT02021,2021-05-29,KT,HT,KT,KIA,RESULT,9회말,False,False,normal
20210529NCLT12021,2021-05-29,NC,LT,NC,롯데,RESULT,9회말,False,False,normal
20210529NCLT22021,2021-05-29,NC,LT,NC,롯데,RESULT,9회말,False,False,normal
20210529OBSS02021,2021-05-29,OB,SS,두산,삼성,RESULT,9회초,False,False,normal
20210529SKHH02021,2021-05-29,SK,HH,SSG,한화,RESULT,9회말,False,False,normal
20210529WOLG02021,2021-05-29,WO,LG,키움,LG,RESULT,9회말,False,False,normal
20210530KTHT02021,2021-05-30,KT,HT,KT,KIA,RESULT,9회말,False,False,normal
20210530NCLT02021,2021-05-30,NC,LT,NC,롯데,RESULT,9회말,False,False,normal
20210530OBSS02021,2021-05-30,OB,SS,두산,삼성,RESULT,9회말,False,False,normal
20210530SKHH02021,2021-05-30,SK,HH,SSG,한화,RESULT,9회말,False,False,normal
20210530WOLG02021,2021-05-30,WO,LG,키움,LG,RESULT,9회초,False,False,normal
20210601HTHH02021,2021-06-01,HT,HH,KIA,한화,RESULT,9회초,False,False,normal
20210601KTLG02021,2021-06-01,KT,LG,KT,LG,RESULT,9회말,False,False,normal
20210601LTWO02021,2021-06-01,LT,WO,롯데,키움,RESULT,9회말,False,False,normal
20210601OBNC02021,2021-06-01,OB,NC,두산,NC,RESULT,9회말,False,False,normal
20210601SSSK02021,2021-06-01,SS,SK,삼성,SSG,RESULT,9회말,False,False,normal
20210602HTHH02021,2021-06-02,HT,HH,KIA,한화,RESULT,9회말,False,False,normal
20210602KTLG02021,2021-06-02,KT,LG,KT,LG,RESULT,9회초,False,False,normal
20210602LTWO02021,2021-06-02,LT,WO,롯데,키움,RESULT,9회말,False,False,normal
20210602OBNC02021,2021-06-02,OB,NC,두산,NC,RESULT,9회초,False,False,normal
20210602SSSK02021,2021-06-02,SS,SK,삼성,SSG,RESULT,9회말,False,False,normal
20210603HTHH02021,2021-06-03,HT,HH,KIA,한화,BEFORE,경기취소,True,False,cancelled
20210603KTLG02021,2021-06-03,KT,LG,KT,LG,BEFORE,경기취소,True,False,cancelled
20210603LTWO02021,2021-06-03,LT,WO,롯데,키움,RESULT,9회초,False,False,normal
20210603OBNC02021,2021-06-03,OB,NC,두산,NC,BEFORE,경기취소,True,False,cancelled
20210603SSSK02021,2021-06-03,SS,SK,삼성,SSG,BEFORE,경기취소,True,False,cancelled
20210604HHNC02021,2021-06-04,HH,NC,한화,NC,RESULT,9회초,False,False,normal
20210604LGHT02021,2021-06-04,LG,HT,LG,KIA,RESULT,9회말,False,False,normal
20210604LTKT02021,2021-06-04,LT,KT,롯데,KT,RESULT,9회말,False,False,normal
20210604SKOB02021,2021-06-04,SK,OB,SSG,두산,RESULT,9회초,False,False,normal
20210604SSWO02021,2021-06-04,SS,WO,삼성,키움,RESULT,9회말,False,False,normal
20210605HHNC02021,2021-06-05,HH,NC,한화,NC,RESULT,9회초,False,False,normal
20210605LGHT02021,2021-06-05,LG,HT,LG,KIA,RESULT,9회말,False,False,normal
20210605LTKT02021,2021-06-05,LT,KT,롯데,KT,RESULT,9회초,False,False,normal
20210605SKOB02021,2021-06-05,SK,OB,SSG,두산,RESULT,9회초,False,False,normal
20210605SSWO02021,2021-06-05,SS,WO,삼성,키움,RESULT,9회초,False,False,normal
20210606HHNC02021,2021-06-06,HH,NC,한화,NC,RESULT,9회말,False,False,normal
20210606LGHT02021,2021-06-06,LG,HT,LG,KIA,RESULT,9회말,False,False,normal
20210606LTKT02021,2021-06-06,LT,KT,롯데,KT,RESULT,10회말,False,False,normal
20210606SKOB02021,2021-06-06,SK,OB,SSG,두산,RESULT,9회말,False,False,normal
20210606SSWO02021,2021-06-06,SS,WO,삼성,키움,RESULT,9회말,False,False,normal
20210608HTSS02021,2021-06-08,HT,SS,KIA,삼성,RESULT,9회초,False,False,normal
20210608KTSK02021,2021-06-08,KT,SK,KT,SSG,RESULT,9회말,False,False,normal
20210608NCLG02021,2021-06-08,NC,LG,NC,LG,RESULT,9회초,False,False,normal
20210608OBLT02021,2021-06-08,OB,LT,두산,롯데,RESULT,9회초,False,False,normal
20210608WOHH02021,2021-06-08,WO,HH,키움,한화,RESULT,9회초,False,False,normal
20210609HTSS02021,2021-06-09,HT,SS,KIA,삼성,RESULT,9회말,False,False,normal
20210609KTSK02021,2021-06-09,KT,SK,KT,SSG,RESULT,9회말,False,False,normal
20210609NCLG02021,2021-06-09,NC,LG,NC,LG,RESULT,9회초,False,False,normal
20210609OBLT02021,2021-06-09,OB,LT,두산,롯데,RESULT,9회말,False,False,normal
20210609WOHH02021,2021-06-09,WO,HH,키움,한화,RESULT,9회말,False,False,normal
20210610HTSS02021,2021-06-10,HT,SS,KIA,삼성,RESULT,9회초,False,False,normal
20210610KTSK02021,2021-06-10,KT,SK,KT,SSG,BEFORE,경기취소,True,False,cancelled
20210610NCLG02021,2021-06-10,NC,LG,NC,LG,RESULT,9회말,False,False,normal
20210610OBLT02021,2021-06-10,OB,LT,두산,롯데,RESULT,9회말,False,False,normal
20210610WOHH02021,2021-06-10,WO,HH,키움,한화,RESULT,9회말,False,False,normal
20210611HHKT02021,2021-06-11,HH,KT,한화,KT,RESULT,11회말,False,False,normal
20210611HTLT02021,2021-06-11,HT,LT,KIA,롯데,BEFORE,경기취소,True,False,cancelled
20210611NCSS02021,2021-06-11,NC,SS,NC,삼성,RESULT,9회말,False,False,normal
20210611OBLG02021,2021-06-11,OB,LG,두산,LG,RESULT,9회초,False,False,normal
20210611WOSK02021,2021-06-11,WO,SK,키움,SSG,RESULT,9회초,False,False,normal
20210612HHKT02021,2021-06-12,HH,KT,한화,KT,RESULT,9회초,False,False,normal
20210612HTLT02021,2021-06-12,HT,LT,KIA,롯데,BEFORE,경기취소,True,False,cancelled
20210612HTLT12021,2021-06-12,HT,LT,KIA,롯데,BEFORE,경기취소,True,False,cancelled
20210612NCSS02021,2021-06-12,NC,SS,NC,삼성,RESULT,9회초,False,False,normal
20210612OBLG02021,2021-06-12,OB,LG,두산,LG,RESULT,10회말,False,False,normal
20210612WOSK02021,2021-06-12,WO,SK,키움,SSG,RESULT,9회말,False,False,normal
20210613HHKT02021,2021-06-13,HH,KT,한화,KT,RESULT,9회초,False,False,normal
20210613HTLT12021,2021-06-13,HT,LT,KIA,롯데,RESULT,9회초,False,False,normal
20210613HTLT22021,2021-06-13,HT,LT,KIA,롯데,RESULT,9회말,False,False,normal
20210613NCSS02021,2021-06-13,NC,SS,NC,삼성,RESULT,9회초,False,False,normal
20210613OBLG02021,2021-06-13,OB,LG,두산,LG,RESULT,9회초,False,False,normal
20210613WOSK02021,2021-06-13,WO,SK,키움,SSG,RESULT,9회말,False,False,normal
20210615KTNC02021,2021-06-15,KT,NC,KT,NC,BEFORE,경기취소,True,False,cancelled
20210615LGWO02021,2021-06-15,LG,WO,LG,키움,RESULT,9회말,False,False,normal
20210615LTHH02021,2021-06-15,LT,HH,롯데,한화,RESULT,9회초,False,False,normal
20210615SKHT02021,2021-06-15,SK,HT,SSG,KIA,BEFORE,경기취소,True,False,cancelled
20210615SSOB02021,2021-06-15,SS,OB,삼성,두산,RESULT,9회말,False,False,normal
20210616KTNC02021,2021-06-16,KT,NC,KT,NC,RESULT,9회말,False,False,normal
20210616LGWO02021,2021-06-16,LG,WO,LG,키움,RESULT,9회초,False,False,normal
20210616LTHH12021,2021-06-16,LT,HH,롯데,한화,RESULT,9회초,False,False,normal
20210616LTHH22021,2021-06-16,LT,HH,롯데,한화,RESULT,9회초,False,False,normal
20210616SKHT12021,2021-06-16,SK,HT,SSG,KIA,RESULT,9회말,False,False,normal
20210616SKHT22021,2021-06-16,SK,HT,SSG,KIA,RESULT,9회초,False,False,normal
20210616SSOB02021,2021-06-16,SS,OB,삼성,두산,RESULT,9회말,False,False,normal
20210617KTNC02021,2021-06-17,KT,NC,KT,NC,RESULT,9회초,False,False,normal
20210617LGWO02021,2021-06-17,LG,WO,LG,키움,RESULT,9회말,False,False,normal
20210617LTHH02021,2021-06-17,LT,HH,롯데,한화,RESULT,9회말,False,False,normal
20210617SKHT02021,2021-06-17,SK,HT,SSG,KIA,RESULT,9회말,False,False,normal
20210617SSOB02021,2021-06-17,SS,OB,삼성,두산,RESULT,9회초,False,False,normal
20210618HTLG02021,2021-06-18,HT,LG,KIA,LG,RESULT,9회초,False,False,normal
20210618OBKT02021,2021-06-18,OB,KT,두산,KT,RESULT,9회말,False,False,normal
20210618SKHH02021,2021-06-18,SK,HH,SSG,한화,RESULT,10회말,False,False,normal
20210618SSLT02021,2021-06-18,SS,LT,삼성,롯데,RESULT,9회초,False,False,normal
20210618WONC02021,2021-06-18,WO,NC,키움,NC,RESULT,9회초,False,False,normal
20210619HTLG02021,2021-06-19,HT,LG,KIA,LG,RESULT,9회초,False,False,normal
20210619OBKT12021,2021-06-19,OB,KT,두산,KT,RESULT,9회말,False,False,normal
20210619OBKT22021,2021-06-19,OB,KT,두산,KT,RESULT,9회초,False,False,normal
20210619SKHH02021,2021-06-19,SK,HH,SSG,한화,RESULT,9회말,False,False,normal
20210619SSLT02021,2021-06-19,SS,LT,삼성,롯데,RESULT,9회말,False,False,normal
20210619WONC02021,2021-06-19,WO,NC,키움,NC,RESULT,9회말,False,False,normal
20210620HTLG02021,2021-06-20,HT,LG,KIA,LG,RESULT,9회초,False,False,normal
20210620OBKT02021,2021-06-20,OB,KT,두산,KT,RESULT,9회초,False,False,normal
20210620SKHH02021,2021-06-20,SK,HH,SSG,한화,RESULT,9회말,False,False,normal
20210620SSLT02021,2021-06-20,SS,LT,삼성,롯데,RESULT,9회초,False,False,normal
20210620WONC02021,2021-06-20,WO,NC,키움,NC,RESULT,9회말,False,False,normal
20210622HHSS02021,2021-06-22,HH,SS,한화,삼성,RESULT,9회초,False,False,normal
20210622HTKT02021,2021-06-22,HT,KT,KIA,KT,RESULT,9회초,False,False,normal
20210622LGSK02021,2021-06-22,LG,SK,LG,SSG,RESULT,9회말,False,False,normal
20210622NCLT02021,2021-06-22,NC,LT,NC,롯데,RESULT,9회말,False,False,normal
20210622WOOB02021,2021-06-22,WO,OB,키움,두산,RESULT,9회초,False,False,normal
20210623HHSS02021,2021-06-23,HH,SS,한화,삼성,RESULT,9회초,False,False,normal
20210623HTKT02021,2021-06-23,HT,KT,KIA,KT,RESULT,9회말,False,False,normal
20210623LGSK02021,2021-06-23,LG,SK,LG,SSG,RESULT,9회초,False,False,normal
20210623NCLT02021,2021-06-23,NC,LT,NC,롯데,RESULT,9회초,False,False,normal
20210623WOOB02021,2021-06-23,WO,OB,키움,두산,RESULT,9회말,False,False,normal
20210624HHSS02021,2021-06-24,HH,SS,한화,삼성,RESULT,9회초,False,False,normal
20210624HTKT02021,2021-06-24,HT,KT,KIA,KT,RESULT,9회초,False,False,normal
20210624LGSK02021,2021-06-24,LG,SK,LG,SSG,RESULT,9회초,False,False,normal
20210624NCLT02021,2021-06-24,NC,LT,NC,롯데,RESULT,9회말,False,False,normal
20210624WOOB02021,2021-06-24,WO,OB,키움,두산,RESULT,11회말,False,False,normal
20210625HTWO02021,2021-06-25,HT,WO,KIA,키움,RESULT,9회초,False,False,normal
20210625KTHH02021,2021-06-25,KT,HH,KT,한화,RESULT,5회말,False,False,called
20210625LGSS02021,2021-06-25,LG,SS,LG,삼성,BEFORE,경기취소,True,False,cancelled
20210625LTOB02021,2021-06-25,LT,OB,롯데,두산,RESULT,9회말,False,False,normal
20210625SKNC02021,2021-06-25,SK,NC,SSG,NC,RESULT,9회말,False,False,normal
20210626HTWO02021,2021-06-26,HT,WO,KIA,키움,RESULT,9회초,False,False,normal
20210626KTHH02021,2021-06-26,KT,HH,KT,한화,RESULT,9회말,False,False,normal
20210626LGSS12021,2021-06-26,LG,SS,LG,삼성,RESULT,9회말,False,False,normal
20210626LGSS22021,2021-06-26,LG,SS,LG,삼성,RESULT,9회초,False,False,normal
20210626LTOB02021,2021-06-26,LT,OB,롯데,두산,RESULT,9회말,False,False,normal
20210626SKNC02021,2021-06-26,SK,NC,SSG,NC,RESULT,12회말,False,False,normal
20210627HTWO02021,2021-06-27,HT,WO,KIA,키움,RESULT,9회말,False,False,normal
20210627KTHH02021,2021-06-27,KT,HH,KT,한화,RESULT,9회말,False,False,normal
20210627LGSS02021,2021-06-27,LG,SS,LG,삼성,RESULT,9회말,False,False,normal
20210627LTOB02021,2021-10-07,LT,OB,롯데,두산,RESULT,9회말,False,False,normal
20210627SKNC02021,2021-06-27,SK,NC,SSG,NC,RESULT,9회말,False,False,normal
20210629KTLG02021,2021-06-29,KT,LG,KT,LG,BEFORE,경기취소,True,False,cancelled
20210629LTWO02021,2021-06-29,LT,WO,롯데,키움,RESULT,9회말,False,False,normal
20210629NCHT02021,2021-06-29,NC,HT,NC,KIA,RESULT,9회말,False,False,normal
20210629OBHH02021,2021-06-29,OB,HH,두산,한화,BEFORE,경기취소,True,False,cancelled
20210629SSSK02021,2021-06-29,SS,SK,삼성,SSG,RESULT,9회초,False,False,normal
20210630KTLG02021,2021-06-30,KT,LG,KT,LG,RESULT,9회말,False,False,normal
20210630KTLG12021,2021-06-30,KT,LG,KT,LG,BEFORE,경기취소,True,False,cancelled
20210630LTWO02021,2021-06-30,LT,WO,롯데,키움,RESULT,9회초,False,False,normal
20210630NCHT02021,2021-06-30,NC,HT,NC,KIA,BEFORE,경기취소,True,False,cancelled
20210630OBHH02021,2021-06-30,OB,HH,두산,한화,RESULT,9회말,False,False,normal
20210630SSSK12021,2021-06-30,SS,SK,삼성,SSG,RESULT,9회말,False,False,normal
20210630SSSK22021,2021-06-30,SS,SK,삼성,SSG,RESULT,9회초,False,False,normal
20210701KTLG02021,2021-07-01,KT,LG,KT,LG,RESULT,9회말,False,False,normal
20210701LTWO02021,2021-07-01,LT,WO,롯데,키움,RESULT,9회초,False,False,normal
20210701NCHT02021,2021-07-01,NC,HT,NC,KIA,RESULT,9회초,False,False,normal
20210701OBHH02021,2021-07-01,OB,HH,두산,한화,RESULT,9회말,False,False,normal
20210701SSSK02021,2021-07-01,SS,SK,삼성,SSG,RESULT,10회말,False,False,normal
20210702HHLG02021,2021-07-02,HH,LG,한화,LG,RESULT,9회말,False,False,normal
20210702LTSK02021,2021-07-02,LT,SK,롯데,SSG,RESULT,10회말,False,False,normal
20210702OBHT02021,2021-07-02,OB,HT,두산,KIA,RESULT,9회초,False,False,normal
20210702SSNC02021,2021-07-02,SS,NC,삼성,NC,RESULT,9회말,False,False,normal
20210702WOKT02021,2021-07-02,WO,KT,키움,KT,RESULT,9회초,False,False,normal
20210703HHLG02021,2021-07-03,HH,LG,한화,LG,BEFORE,경기취소,True,False,cancelled
20210703LTSK02021,2021-07-03,LT,SK,롯데,SSG,BEFORE,경기취소,True,False,cancelled
20210703OBHT02021,2021-07-03,OB,HT,두산,KIA,BEFORE,경기취소,True,False,cancelled
20210703SSNC02021,2021-07-03,SS,NC,삼성,NC,BEFORE,경기취소,True,False,cancelled
20210703WOKT02021,2021-07-03,WO,KT,키움,KT,BEFORE,경기취소,True,False,cancelled
20210704HHLG02021,2021-07-04,HH,LG,한화,LG,RESULT,9회초,False,False,normal
20210704LTSK02021,2021-07-04,LT,SK,롯데,SSG,RESULT,9회말,False,False,normal
20210704OBHT02021,2021-07-04,OB,HT,두산,KIA,RESULT,9회초,False,False,normal
20210704SSNC02021,2021-07-04,SS,NC,삼성,NC,RESULT,5회말,False,False,called
20210704WOKT02021,2021-07-04,WO,KT,키움,KT,RESULT,9회초,False,False,normal
20210705HHLG02021,2021-07-05,HH,LG,한화,LG,RESULT,9회말,False,False,normal
20210705LTSK02021,2021-07-05,LT,SK,롯데,SSG,RESULT,9회초,False,False,normal
20210705OBHT02021,2021-07-05,OB,HT,두산,KIA,BEFORE,경기취소,True,False,cancelled
20210705SSNC02021,2021-07-05,SS,NC,삼성,NC,BEFORE,경기취소,True,False,cancelled
20210705WOKT02021,2021-07-05,WO,KT,키움,KT,RESULT,9회말,False,False,normal
20210706HTHH02021,2021-07-06,HT,HH,KIA,한화,BEFORE,경기취소,True,False,cancelled
20210706KTSS02021,2021-07-06,KT,SS,KT,삼성,BEFORE,경기취소,True,False,cancelled
20210706LGLT02021,2021-07-06,LG,LT,LG,롯데,BEFORE,경기취소,True,False,cancelled
20210706NCOB02021,2021-07-06,NC,OB,NC,두산,RESULT,9회말,False,False,normal
20210706SKWO02021,2021-07-06,SK,WO,SSG,키움,RESULT,9회초,False,False,normal
20210707HTHH02021,2021-07-07,HT,HH,KIA,한화,RESULT,11회말,False,False,normal
20210707KTSS02021,2021-07-07,KT,SS,KT,삼성,BEFORE,경기취소,True,False,cancelled
20210707LGLT02021,2021-07-07,LG,LT,LG,롯데,BEFORE,경기취소,True,False,cancelled
20210707NCOB02021,2021-07-07,NC,OB,NC,두산,RESULT,9회초,False,False,normal
20210707SKWO02021,2021-07-07,SK,WO,SSG,키움,RESULT,9회초,False,False,normal
20210708HTHH02021,2021-07-08,HT,HH,KIA,한화,BEFORE,경기취소,True,False,cancelled
20210708KTSS02021,2021-07-08,KT,SS,KT,삼성,RESULT,9회말,False,False,normal
20210708LGLT02021,2021-07-08,LG,LT,LG,롯데,BEFORE,경기취소,True,False,cancelled
20210708NCOB02021,2021-07-08,NC,OB,NC,두산,BEFORE,경기취소,True,False,cancelled
20210708SKWO02021,2021-07-08,SK,WO,SSG,키움,RESULT,9회말,False,False,normal
20210709HHSK02021,2021-07-09,HH,SK,한화,SSG,RESULT,9회말,False,False,normal
20210709KTHT02021,2021-07-09,KT,HT,KT,KIA,RESULT,9회초,False,False,normal
20210709LGOB02021,2021-07-09,LG,OB,LG,두산,BEFORE,경기취소,True,False,cancelled
20210709LTSS02021,2021-07-09,LT,SS,롯데,삼성,RESULT,11회말,False,False,normal
20210709NCWO02021,2021-07-09,NC,WO,NC,키움,BEFORE,경기취소,True,False,cancelled
20210710HHSK02021,2021-07-10,HH,SK,한화,SSG,RESULT,9회말,False,False,normal
20210710KTHT02021,2021-07-10,KT,HT,KT,KIA,BEFORE,경기취소,True,False,cancelled
20210710LGOB02021,2021-07-10,LG,OB,LG,두산,BEFORE,경기취소,True,False,cancelled
20210710LTSS02021,2021-07-10,LT,SS,롯데,삼성,RESULT,9회초,False,False,normal
20210710NCWO02021,2021-07-10,NC,WO,NC,키움,BEFORE,경기취소,True,False,cancelled
20210711HHSK02021,2021-07-11,HH,SK,한화,SSG,RESULT,9회초,False,False,normal
20210711KTHT02021,2021-07-11,KT,HT,KT,KIA,RESULT,9회초,False,False,normal
20210711LGOB02021,2021-07-11,LG,OB,LG,두산,BEFORE,경기취소,True,False,cancelled
20210711LTSS02021,2021-07-11,LT,SS,롯데,삼성,RESULT,9회초,False,False,normal
20210711NCWO02021,2021-07-11,NC,WO,NC,키움,BEFORE,경기취소,True,False,cancelled
20210713HHLT02021,2021-07-13,HH,LT,한화,롯데,BEFORE,경기취소,True,False,cancelled
20210713NCKT02021,2021-07-13,NC,KT,NC,KT,BEFORE,경기취소,True,False,cancelled
20210713OBSK02021,2021-07-13,OB,SK,두산,SSG,BEFORE,경기취소,True,False,cancelled
20210713SSHT02021,2021-07-13,SS,HT,삼성,KIA,BEFORE,경기취소,True,False,cancelled
20210713WOLG02021,2021-07-13,WO,LG,키움,LG,BEFORE,경기취소,True,False,cancelled
20210714HHLT02021,2021-07-14,HH,LT,한화,롯데,BEFORE,경기취소,True,False,cancelled
20210714NCKT02021,2021-07-14,NC,KT,NC,KT,BEFORE,경기취소,True,False,cancelled
20210714OBSK02021,2021-07-14,OB,SK,두산,SSG,BEFORE,경기취소,True,False,cancelled
20210714SSHT02021,2021-07-14,SS,HT,삼성,KIA,BEFORE,경기취소,True,False,cancelled
20210714WOLG02021,2021-07-14,WO,LG,키움,LG,BEFORE,경기취소,True,False,cancelled
20210715HHLT02021,2021-07-15,HH,LT,한화,롯데,BEFORE,경기취소,True,False,cancelled
20210715NCKT02021,2021-07-15,NC,KT,NC,KT,BEFORE,경기취소,True,False,cancelled
20210715OBSK02021,2021-07-15,OB,SK,두산,SSG,BEFORE,경기취소,True,False,cancelled
20210715SSHT02021,2021-07-15,SS,HT,삼성,KIA,BEFORE,경기취소,True,False,cancelled
20210715WOLG02021,2021-07-15,WO,LG,키움,LG,BEFORE,경기취소,True,False,cancelled
20210716HTNC02021,2021-07-16,HT,NC,KIA,NC,BEFORE,경기취소,True,False,cancelled
20210716KTOB02021,2021-07-16,KT,OB,KT,두산,BEFORE,경기취소,True,False,cancelled
20210716LGHH02021,2021-07-16,LG,HH,LG,한화,BEFORE,경기취소,True,False,cancelled
20210716SKLT02021,2021-07-16,SK,LT,SSG,롯데,BEFORE,경기취소,True,False,cancelled
20210716WOSS02021,2021-07-16,WO,SS,키움,삼성,BEFORE,경기취소,True,False,cancelled
20210717HTNC02021,2021-07-17,HT,NC,KIA,NC,BEFORE,경기취소,True,False,cancelled
20210717KTOB02021,2021-07-17,KT,OB,KT,두산,BEFORE,경기취소,True,False,cancelled
20210717LGHH02021,2021-07-17,LG,HH,LG,한화,BEFORE,경기취소,True,False,cancelled
20210717SKLT02021,2021-07-17,SK,LT,SSG,롯데,BEFORE,경기취소,True,False,cancelled
20210717WOSS02021,2021-07-17,WO,SS,키움,삼성,BEFORE,경기취소,True,False,cancelled
20210718HTNC02021,2021-07-18,HT,NC,KIA,NC,BEFORE,경기취소,True,False,cancelled
20210718KTOB02021,2021-07-18,KT,OB,KT,두산,BEFORE,경기취소,True,False,cancelled
20210718LGHH02021,2021-07-18,LG,HH,LG,한화,BEFORE,경기취소,True,False,cancelled
20210718SKLT02021,2021-07-18,SK,LT,SSG,롯데,BEFORE,경기취소,True,False,cancelled
20210718WOSS02021,2021-07-18,WO,SS,키움,삼성,BEFORE,경기취소,True,False,cancelled
20210810HHHT02021,2021-08-10,HH,HT,한화,KIA,RESULT,9회초,False,False,normal
20210810KTWO02021,2021-08-10,KT,WO,KT,키움,RESULT,9회초,False,False,normal
20210810LTNC02021,2021-08-10,LT,NC,롯데,NC,RESULT,9회말,False,False,normal
20210810OBSS02021,2021-08-10,OB,SS,두산,삼성,BEFORE,경기취소,True,False,cancelled
20210810SKLG02021,2021-08-10,SK,LG,SSG,LG,RESULT,9회초,False,False,normal
20210811HHHT02021,2021-08-11,HH,HT,한화,KIA,RESULT,9회말,False,False,normal
20210811KTWO02021,2021-08-11,KT,WO,KT,키움,RESULT,9회초,False,False,normal
20210811LTNC02021,2021-08-11,LT,NC,롯데,NC,RESULT,9회말,False,False,normal
20210811OBSS02021,2021-08-11,OB,SS,두산,삼성,RESULT,9회말,False,False,normal
20210811SKLG02021,2021-08-11,SK,LG,SSG,LG,RESULT,9회초,False,False,normal
20210812HHHT02021,2021-08-12,HH,HT,한화,KIA,BEFORE,경기취소,True,False,cancelled
20210812KTWO02021,2021-08-12,KT,WO,KT,키움,RESULT,9회초,False,False,normal
20210812LTNC02021,2021-08-12,LT,NC,롯데,NC,RESULT,9회초,False,False,normal
20210812OBSS02021,2021-08-12,OB,SS,두산,삼성,RESULT,9회초,False,False,normal
20210812SKLG02021,2021-08-12,SK,LG,SSG,LG,BEFORE,경기취소,True,False,cancelled
20210813HTSK02021,2021-08-13,HT,SK,KIA,SSG,RESULT,9회말,False,False,normal
20210813LTLG02021,2021-08-13,LT,LG,롯데,LG,RESULT,9회말,False,False,normal
20210813NCHH02021,2021-08-13,NC,HH,NC,한화,RESULT,9회말,False,False,normal
20210813OBWO02021,2021-08-13,OB,WO,두산,키움,RESULT,9회말,False,False,normal
20210813SSKT02021,2021-08-13,SS,KT,삼성,KT,RESULT,9회초,False,False,normal
20210814HTSK02021,2021-08-14,HT,SK,KIA,SSG,RESULT,9회말,False,False,normal
20210814LTLG02021,2021-08-14,LT,LG,롯데,LG,RESULT,9회말,False,False,normal
20210814NCHH02021,2021-08-14,NC,HH,NC,한화,RESULT,9회말,False,False,normal
20210814OBWO02021,2021-08-14,OB,WO,두산,키움,RESULT,9회초,False,False,normal
20210814SSKT02021,2021-08-14,SS,KT,삼성,KT,RESULT,9회초,False,False,normal
20210815HTSK02021,2021-08-15,HT,SK,KIA,SSG,RESULT,9회초,False,False,normal
20210815LTLG02021,2021-08-15,LT,LG,롯데,LG,RESULT,9회초,False,False,normal
20210815NCHH02021,2021-08-15,NC,HH,NC,한화,RESULT,9회말,False,False,normal
20210815OBWO02021,2021-08-15,OB,WO,두산,키움,RESULT,9회초,False,False,normal
20210815SSKT02021,2021-08-15,SS,KT,삼성,KT,RESULT,9회초,False,False,normal
20210817HTOB02021,2021-08-17,HT,OB,KIA,두산,BEFORE,경기취소,True,False,cancelled
20210817LGKT02021,2021-08-17,LG,KT,LG,KT,RESULT,9회말,False,False,normal
20210817NCSK02021,2021-08-17,NC,SK,NC,SSG,BEFORE,경기취소,True,False,cancelled
20210817SSHH02021,2021-08-17,SS,HH,삼성,한화,RESULT,9회초,False,False,normal
20210817WOLT02021,2021-08-17,WO,LT,키움,롯데,RESULT,9회초,False,False,normal
20210818HTOB02021,2021-08-18,HT,OB,KIA,두산,RESULT,9회말,False,False,normal
20210818LGKT02021,2021-08-18,LG,KT,LG,KT,RESULT,9회초,False,False,normal
20210818NCSK02021,2021-08-18,NC,SK,NC,SSG,RESULT,9회초,False,False,normal
20210818SSHH02021,2021-08-18,SS,HH,삼성,한화,RESULT,9회말,False,False,normal
20210818WOLT02021,2021-08-18,WO,LT,키움,롯데,RESULT,9회초,False,False,normal
20210819HTOB02021,2021-08-19,HT,OB,KIA,두산,RESULT,9회말,False,False,normal
20210819LGKT02021,2021-08-19,LG,KT,LG,KT,RESULT,9회말,False,False,normal
20210819NCSK02021,2021-08-19,NC,SK,NC,SSG,RESULT,9회말,False,False,normal
20210819SSHH02021,2021-08-19,SS,HH,삼성,한화,RESULT,9회말,False,False,normal
20210819WOLT02021,2021-08-19,WO,LT,키움,롯데,BEFORE,경기취소,True,False,cancelled
20210820HHOB02021,2021-08-20,HH,OB,한화,두산,RESULT,9회초,False,False,normal
20210820KTLT02021,2021-08-20,KT,LT,KT,롯데,RESULT,9회말,False,False,normal
20210820LGNC02021,2021-08-20,LG,NC,LG,NC,RESULT,9회초,False,False,normal
20210820SKSS02021,2021-08-20,SK,SS,SSG,삼성,RESULT,9회초,False,False,normal
20210820WOHT02021,2021-08-20,WO,HT,키움,KIA,RESULT,9회초,False,False,normal
20210821HHOB02021,2021-08-21,HH,OB,한화,두산,RESULT,9회말,False,False,normal
20210821KTLT02021,2021-08-21,KT,LT,KT,롯데,BEFORE,경기취소,True,False,cancelled
20210821LGNC02021,2021-08-21,LG,NC,LG,NC,BEFORE,경기취소,True,False,cancelled
20210821SKSS02021,2021-08-21,SK,SS,SSG,삼성,BEFORE,경기취소,True,False,cancelled
20210821WOHT02021,2021-08-21,WO,HT,키움,KIA,BEFORE,경기취소,True,False,cancelled
20210822HHOB02021,2021-08-22,HH,OB,한화,두산,RESULT,9회말,False,False,normal
20210822KTLT02021,2021-08-22,KT,LT,KT,롯데,RESULT,9회말,False,False,normal
20210822LGNC02021,2021-08-22,LG,NC,LG,NC,RESULT,9회초,False,False,normal
20210822SKSS02021,2021-08-22,SK,SS,SSG,삼성,RESULT,9회말,False,False,normal
20210822WOHT02021,2021-08-22,WO,HT,키움,KIA,RESULT,9회말,False,False,normal
20210823HHOB02021,2021-08-23,HH,OB,한화,두산,BEFORE,경기취소,True,False,cancelled
20210823KTLT02021,2021-08-23,KT,LT,KT,롯데,RESULT,7회초,False,False,called
20210823LGNC02021,2021-08-23,LG,NC,LG,NC,BEFORE,경기취소,True,False,cancelled
20210823SKSS02021,2021-08-23,SK,SS,SSG,삼성,BEFORE,경기취소,True,False,cancelled
20210823WOHT02021,2021-08-23,WO,HT,키움,KIA,BEFORE,경기취소,True,False,cancelled
20210824HHOB02021,2021-08-24,HH,OB,한화,두산,RESULT,9회초,False,False,normal
20210824KTLT02021,2021-08-24,KT,LT,KT,롯데,BEFORE,경기취소,True,False,cancelled
20210824LGNC02021,2021-08-24,LG,NC,LG,NC,BEFORE,경기취소,True,False,cancelled
20210824SKSS02021,2021-08-24,SK,SS,SSG,삼성,RESULT,9회말,False,False,normal
20210824WOHT02021,2021-08-24,WO,HT,키움,KIA,RESULT,9회말,False,False,normal
20210825HHWO02021,2021-08-25,HH,WO,한화,키움,RESULT,9회말,False,False,normal
20210825LTHT02021,2021-08-25,LT,HT,롯데,KIA,RESULT,9회초,False,False,normal
20210825OBNC02021,2021-08-25,OB,NC,두산,NC,BEFORE,경기취소,True,False,cancelled
20210825SKKT02021,2021-08-25,SK,KT,SSG,KT,RESULT,9회초,False,False,normal
20210825SSLG02021,2021-08-25,SS,LG,삼성,LG,RESULT,9회말,False,False,normal
20210826HHWO02021,2021-08-26,HH,WO,한화,키움,RESULT,9회말,False,False,normal
20210826LTHT02021,2021-08-26,LT,HT,롯데,KIA,RESULT,9회말,False,False,normal
20210826OBNC12021,2021-08-26,OB,NC,두산,NC,RESULT,9회말,False,False,normal
20210826OBNC22021,2021-08-26,OB,NC,두산,NC,RESULT,9회말,False,False,normal
20210826SKKT02021,2021-08-26,SK,KT,SSG,KT,RESULT,9회초,False,False,normal
20210826SSLG02021,2021-08-26,SS,LG,삼성,LG,RESULT,9회초,False,False,normal
20210827HHWO02021,2021-08-27,HH,WO,한화,키움,RESULT,9회말,False,False,normal
20210827LTHT02021,2021-08-27,LT,HT,롯데,KIA,BEFORE,경기취소,True,False,cancelled
20210827OBNC02021,2021-08-27,OB,NC,두산,NC,RESULT,6회말,False,False,called
20210827SKKT02021,2021-08-27,SK,KT,SSG,KT,RESULT,9회초,False,False,normal
20210827SSLG02021,2021-08-27,SS,LG,삼성,LG,RESULT,9회초,False,False,normal
20210828HTSK02021,2021-08-28,HT,SK,KIA,SSG,RESULT,9회초,False,False,normal
20210828NCHH02021,2021-08-28,NC,HH,NC,한화,RESULT,9회초,False,False,normal
20210828OBLT02021,2021-08-28,OB,LT,두산,롯데,RESULT,9회말,False,False,normal
20210828SSKT02021,2021-08-28,SS,KT,삼성,KT,RESULT,9회말,False,False,normal
20210828WOLG02021,2021-08-28,WO,LG,키움,LG,RESULT,9회초,False,False,normal
20210829HTSK02021,2021-08-29,HT,SK,KIA,SSG,RESULT,9회초,False,False,normal
20210829NCHH02021,2021-08-29,NC,HH,NC,한화,RESULT,9회초,False,False,normal
20210829OBLT02021,2021-08-29,OB,LT,두산,롯데,RESULT,9회초,False,False,normal
20210829SSKT02021,2021-08-29,SS,KT,삼성,KT,RESULT,9회초,False,False,normal
20210829WOLG02021,2021-08-29,WO,LG,키움,LG,RESULT,9회초,False,False,normal
20210831HTOB02021,2021-08-31,HT,OB,KIA,두산,BEFORE,경기취소,True,False,cancelled
20210831KTHH02021,2021-08-31,KT,HH,KT,한화,RESULT,9회초,False,False,normal
20210831LGLT02021,2021-08-31,LG,LT,LG,롯데,RESULT,9회말,False,False,normal
20210831NCSK02021,2021-08-31,NC,SK,NC,SSG,BEFORE,경기취소,True,False,cancelled
20210831WOSS02021,2021-08-31,WO,SS,키움,삼성,RESULT,9회초,False,False,normal
20210901HTOB12021,2021-09-01,HT,OB,KIA,두산,RESULT,9회초,False,False,normal
20210901HTOB22021,2021-09-01,HT,OB,KIA,두산,RESULT,9회말,False,False,normal
20210901KTHH02021,2021-09-01,KT,HH,KT,한화,RESULT,9회말,False,False,normal
20210901LGLT02021,2021-09-01,LG,LT,LG,롯데,BEFORE,경기취소,True,False,cancelled
20210901NCSK12021,2021-09-01,NC,SK,NC,SSG,RESULT,9회말,False,False,normal
20210901NCSK22021,2021-09-01,NC,SK,NC,SSG,RESULT,9회초,False,False,normal
20210901WOSS12021,2021-09-01,WO,SS,키움,삼성,RESULT,7회말,False,False,called
20210901WOSS22021,2021-09-01,WO,SS,키움,삼성,BEFORE,경기취소,True,False,cancelled
20210902HHLT02021,2021-09-02,HH,LT,한화,롯데,BEFORE,경기취소,True,False,cancelled
20210902KTWO02021,2021-09-02,KT,WO,KT,키움,RESULT,9회초,False,False,normal
20210902NCLG02021,2021-09-02,NC,LG,NC,LG,RESULT,9회초,False,False,normal
20210902OBSK02021,2021-09-02,OB,SK,두산,SSG,RESULT,9회초,False,False,normal
20210902SSHT02021,2021-09-02,SS,HT,삼성,KIA,RESULT,9회말,False,False,normal
20210903HHLT12021,2021-09-03,HH,LT,한화,롯데,RESULT,9회초,False,False,normal
20210903HHLT22021,2021-09-03,HH,LT,한화,롯데,RESULT,9회초,False,False,normal
20210903KTWO02021,2021-09-03,KT,WO,KT,키움,RESULT,9회말,False,False,normal
20210903NCLG02021,2021-09-03,NC,LG,NC,LG,RESULT,9회말,False,False,normal
20210903OBSK02021,2021-09-03,OB,SK,두산,SSG,RESULT,9회초,False,False,normal
20210903SSHT02021,2021-09-03,SS,HT,삼성,KIA,RESULT,9회말,False,False,normal
20210904HTHH02021,2021-09-04,HT,HH,KIA,한화,RESULT,9회초,False,False,normal
20210904KTLG02021,2021-09-04,KT,LG,KT,LG,RESULT,9회말,False,False,normal
20210904LTNC02021,2021-09-04,LT,NC,롯데,NC,RESULT,9회말,False,False,normal
20210904OBSS02021,2021-09-04,OB,SS,두산,삼성,RESULT,9회초,False,False,normal
20210904SKWO02021,2021-09-04,SK,WO,SSG,키움,RESULT,9회초,False,False,normal
20210905HTHH02021,2021-09-05,HT,HH,KIA,한화,RESULT,9회말,False,False,normal
20210905KTLG02021,2021-09-05,KT,LG,KT,LG,RESULT,9회말,False,False,normal
20210905LTNC02021,2021-09-05,LT,NC,롯데,NC,RESULT,9회초,False,False,normal
20210905OBSS02021,2021-09-05,OB,SS,두산,삼성,RESULT,9회말,False,False,normal
20210905SKWO02021,2021-09-05,SK,WO,SSG,키움,RESULT,9회초,False,False,normal
20210907HHNC02021,2021-09-07,HH,NC,한화,NC,RESULT,9회초,False,False,normal
20210907HTKT02021,2021-09-07,HT,KT,KIA,KT,BEFORE,경기취소,True,False,cancelled
20210907LGSK02021,2021-09-07,LG,SK,LG,SSG,BEFORE,경기취소,True,False,cancelled
20210907LTSS02021,2021-09-07,LT,SS,롯데,삼성,RESULT,9회말,False,False,normal
20210907WOOB02021,2021-09-07,WO,OB,키움,두산,BEFORE,경기취소,True,False,cancelled
20210908HHNC02021,2021-09-08,HH,NC,한화,NC,RESULT,9회말,False,False,normal
20210908HTKT02021,2021-09-08,HT,KT,KIA,KT,RESULT,9회말,False,False,normal
20210908LGSK02021,2021-09-08,LG,SK,LG,SSG,RESULT,9회초,False,False,normal
20210908LTSS02021,2021-09-08,LT,SS,롯데,삼성,RESULT,9회말,False,False,normal
20210908WOOB02021,2021-09-08,WO,OB,키움,두산,RESULT,9회초,False,False,normal
20210909HHLG02021,2021-09-09,HH,LG,한화,LG,RESULT,9회초,False,False,normal
20210909HTWO02021,2021-09-09,HT,WO,KIA,키움,RESULT,9회초,False,False,normal
20210909KTSS02021,2021-09-09,KT,SS,KT,삼성,RESULT,9회말,False,False,normal
20210909OBNC02021,2021-09-09,OB,NC,두산,NC,RESULT,9회말,False,False,normal
20210909SKLT02021,2021-09-09,SK,LT,SSG,롯데,RESULT,9회말,False,False,normal
20210910HHLG02021,2021-09-10,HH,LG,한화,LG,RESULT,9회초,False,False,normal
20210910HTWO02021,2021-09-10,HT,WO,KIA,키움,RESULT,9회초,False,False,normal
20210910KTSS02021,2021-09-10,KT,SS,KT,삼성,RESULT,9회말,False,False,normal
20210910OBNC02021,2021-09-10,OB,NC,두산,NC,RESULT,9회말,False,False,normal
20210910SKLT02021,2021-09-10,SK,LT,SSG,롯데,RESULT,9회초,False,False,normal
20210911LGOB02021,2021-09-11,LG,OB,LG,두산,RESULT,9회말,False,False,normal
20210911NCHT02021,2021-09-11,NC,HT,NC,KIA,RESULT,9회초,False,False,normal
20210911SKKT02021,2021-09-11,SK,KT,SSG,KT,RESULT,9회말,False,False,normal
20210911SSHH02021,2021-09-11,SS,HH,삼성,한화,RESULT,9회말,False,False,normal
20210911WOLT02021,2021-09-11,WO,LT,키움,롯데,RESULT,9회말,False,False,normal
20210912LGOB12021,2021-09-12,LG,OB,LG,두산,RESULT,9회초,False,False,normal
20210912LGOB22021,2021-09-12,LG,OB,LG,두산,RESULT,9회초,False,False,normal
20210912NCHT12021,2021-09-12,NC,HT,NC,KIA,RESULT,9회말,False,False,normal
20210912NCHT22021,2021-09-12,NC,HT,NC,KIA,RESULT,9회말,False,False,normal
20210912SKKT12021,2021-09-12,SK,KT,SSG,KT,RESULT,9회초,False,False,normal
20210912SKKT22021,2021-09-12,SK,KT,SSG,KT,RESULT,9회초,False,False,normal
20210912SSHH12021,2021-09-12,SS,HH,삼성,한화,RESULT,9회말,False,False,normal
20210912SSHH22021,2021-09-12,SS,HH,삼성,한화,RESULT,9회말,False,False,normal
20210912WOLT12021,2021-09-12,WO,LT,키움,롯데,RESULT,9회말,False,False,normal
20210912WOLT22021,2021-09-12,WO,LT,키움,롯데,RESULT,9회초,False,False,normal
20210914HHSK02021,2021-09-14,HH,SK,한화,SSG,RESULT,9회말,False,False,normal
20210914KTOB02021,2021-09-14,KT,OB,KT,두산,RESULT,9회말,False,False,normal
20210914LGSS02021,2021-09-14,LG,SS,LG,삼성,RESULT,9회말,False,False,normal
20210914LTHT02021,2021-09-14,LT,HT,롯데,KIA,RESULT,9회말,False,False,normal
20210914WONC02021,2021-09-14,WO,NC,키움,NC,RESULT,9회초,False,False,normal
20210915HHSK02021,2021-09-15,HH,SK,한화,SSG,RESULT,9회초,False,False,normal
20210915KTOB02021,2021-09-15,KT,OB,KT,두산,RESULT,9회초,False,False,normal
20210915LGSS02021,2021-09-15,LG,SS,LG,삼성,RESULT,9회말,False,False,normal
20210915LTHT12021,2021-09-15,LT,HT,롯데,KIA,RESULT,9회말,False,False,normal
20210915LTHT22021,2021-09-15,LT,HT,롯데,KIA,RESULT,9회초,False,False,normal
20210915WONC02021,2021-09-15,WO,NC,키움,NC,RESULT,9회초,False,False,normal
20210916HHWO02021,2021-09-16,HH,WO,한화,키움,RESULT,9회말,False,False,normal
20210916HTSS02021,2021-09-16,HT,SS,KIA,삼성,RESULT,9회말,False,False,normal
20210916LGNC02021,2021-09-16,LG,NC,LG,NC,RESULT,9회초,False,False,normal
20210916LTKT02021,2021-09-16,LT,KT,롯데,KT,RESULT,9회초,False,False,normal
20210916SKOB02021,2021-09-16,SK,OB,SSG,두산,RESULT,9회말,False,False,normal
20210917HHWO02021,2021-09-17,HH,WO,한화,키움,RESULT,9회말,False,False,normal
20210917HTSS02021,2021-09-17,HT,SS,KIA,삼성,RESULT,9회초,False,False,normal
20210917LGNC02021,2021-09-17,LG,NC,LG,NC,RESULT,9회초,False,False,normal
20210917LGNC12021,2021-09-17,LG,NC,LG,NC,BEFORE,경기취소,True,False,cancelled
20210917LTKT02021,2021-09-17,LT,KT,롯데,KT,RESULT,9회말,False,False,normal
20210917SKOB02021,2021-09-17,SK,OB,SSG,두산,RESULT,9회초,False,False,normal
20210918HTLG02021,2021-09-18,HT,LG,KIA,LG,RESULT,9회말,False,False,normal
20210918KTNC02021,2021-09-18,KT,NC,KT,NC,RESULT,9회말,False,False,normal
20210918LTHH02021,2021-09-18,LT,HH,롯데,한화,RESULT,9회초,False,False,normal
20210918OBWO02021,2021-09-18,OB,WO,두산,키움,RESULT,9회말,False,False,normal
20210918SSSK02021,2021-09-18,SS,SK,삼성,SSG,RESULT,9회말,False,False,normal
20210919HTLG02021,2021-09-19,HT,LG,KIA,LG,RESULT,9회초,False,False,normal
20210919KTNC02021,2021-09-19,KT,NC,KT,NC,RESULT,9회말,False,False,normal
20210919LTHH02021,2021-09-19,LT,HH,롯데,한화,RESULT,9회말,False,False,normal
20210919OBWO02021,2021-09-19,OB,WO,두산,키움,RESULT,9회말,False,False,normal
20210919SSSK02021,2021-09-19,SS,SK,삼성,SSG,RESULT,9회말,False,False,normal
20210921KTHT02021,2021-09-21,KT,HT,KT,KIA,RESULT,9회말,False,False,normal
20210921LGHH02021,2021-09-21,LG,HH,LG,한화,RESULT,9회초,False,False,normal
20210921NCOB02021,2021-09-21,NC,OB,NC,두산,RESULT,9회초,False,False,normal
20210921SSLT02021,2021-09-21,SS,LT,삼성,롯데,RESULT,9회말,False,False,normal
20210921WOSK02021,2021-09-21,WO,SK,키움,SSG,RESULT,9회초,False,False,normal
20210922KTHT02021,2021-09-22,KT,HT,KT,KIA,RESULT,9회초,False,False,normal
20210922LGHH02021,2021-09-22,LG,HH,LG,한화,RESULT,9회말,False,False,normal
20210922NCOB02021,2021-09-22,NC,OB,NC,두산,RESULT,9회초,False,False,normal
20210922SSLT02021,2021-09-22,SS,LT,삼성,롯데,RESULT,9회초,False,False,normal
20210922WOSK02021,2021-09-22,WO,SK,키움,SSG,RESULT,9회말,False,False,normal
20210923HHKT02021,2021-09-23,HH,KT,한화,KT,RESULT,9회초,False,False,normal
20210923LTSK02021,2021-09-23,LT,SK,롯데,SSG,RESULT,9회말,False,False,normal
20210923NCWO02021,2021-09-23,NC,WO,NC,키움,RESULT,9회초,False,False,normal
20210923OBHT02021,2021-09-23,OB,HT,두산,KIA,RESULT,9회말,False,False,normal
20210923SSLG02021,2021-09-23,SS,LG,삼성,LG,RESULT,9회말,False,False,normal
20210924HHKT02021,2021-09-24,HH,KT,한화,KT,RESULT,9회말,False,False,normal
20210924LTSK12021,2021-09-24,LT,SK,롯데,SSG,RESULT,9회초,False,False,normal
20210924LTSK22021,2021-09-24,LT,SK,롯데,SSG,RESULT,9회말,False,False,normal
20210924NCWO02021,2021-09-24,NC,WO,NC,키움,RESULT,9회말,False,False,normal
20210924OBHT02021,2021-09-24,OB,HT,두산,KIA,RESULT,9회말,False,False,normal
20210924SSLG02021,2021-09-24,SS,LG,삼성,LG,RESULT,9회초,False,False,normal
20210925HHOB02021,2021-09-25,HH,OB,한화,두산,RESULT,9회말,False,False,normal
20210925LGKT02021,2021-09-25,LG,KT,LG,KT,RESULT,9회말,False,False,normal
20210925LTWO02021,2021-09-25,LT,WO,롯데,키움,RESULT,9회말,False,False,normal
20210925NCSS02021,2021-09-25,NC,SS,NC,삼성,RESULT,9회초,False,False,normal
20210925SKHT02021,2021-09-25,SK,HT,SSG,KIA,RESULT,9회초,False,False,normal
20210926HHOB02021,2021-09-26,HH,OB,한화,두산,RESULT,9회초,False,False,normal
20210926LGKT02021,2021-09-26,LG,KT,LG,KT,RESULT,9회말,False,False,normal
20210926LTWO02021,2021-09-26,LT,WO,롯데,키움,RESULT,9회초,False,False,normal
20210926NCSS02021,2021-09-26,NC,SS,NC,삼성,RESULT,9회말,False,False,normal
20210926SKHT02021,2021-09-26,SK,HT,SSG,KIA,RESULT,9회초,False,False,normal
20210928HTNC02021,2021-09-28,HT,NC,KIA,NC,RESULT,9회초,False,False,normal
20210928LTLG02021,2021-09-28,LT,LG,롯데,LG,RESULT,9회초,False,False,normal
20210928OBKT02021,2021-09-28,OB,KT,두산,KT,RESULT,9회초,False,False,normal
20210928SKSS02021,2021-09-28,SK,SS,SSG,삼성,RESULT,9회말,False,False,normal
20210928WOHH02021,2021-09-28,WO,HH,키움,한화,RESULT,9회말,False,False,normal
20210929HTNC12021,2021-09-29,HT,NC,KIA,NC,RESULT,5회말,False,False,called
20210929HTNC22021,2021-09-29,HT,NC,KIA,NC,BEFORE,경기취소,True,False,cancelled
20210929LTLG02021,2021-09-29,LT,LG,롯데,LG,BEFORE,경기취소,True,False,cancelled
20210929OBKT02021,2021-09-29,OB,KT,두산,KT,RESULT,9회말,False,False,normal
20210929SKSS02021,2021-09-29,SK,SS,SSG,삼성,BEFORE,경기취소,True,False,cancelled
20210929WOHH02021,2021-09-29,WO,HH,키움,한화,BEFORE,경기취소,True,False,cancelled
20210930HHSS02021,2021-09-30,HH,SS,한화,삼성,RESULT,9회초,False,False,normal
20210930KTLT02021,2021-09-30,KT,LT,KT,롯데,RESULT,9회초,False,False,normal
20210930OBLG02021,2021-09-30,OB,LG,두산,LG,RESULT,9회초,False,False,normal
20210930SKNC02021,2021-09-30,SK,NC,SSG,NC,RESULT,9회초,False,False,normal
20210930WOHT02021,2021-09-30,WO,HT,키움,KIA,RESULT,9회말,False,False,normal
20211001HHSS02021,2021-10-01,HH,SS,한화,삼성,RESULT,9회말,False,False,normal
20211001KTLT12021,2021-10-01,KT,LT,KT,롯데,RESULT,9회초,False,False,normal
20211001KTLT22021,2021-10-01,KT,LT,KT,롯데,RESULT,9회초,False,False,normal
20211001OBLG02021,2021-10-01,OB,LG,두산,LG,RESULT,9회말,False,False,normal
20211001SKNC02021,2021-10-01,SK,NC,SSG,NC,RESULT,9회말,False,False,normal
20211001WOHT02021,2021-10-01,WO,HT,키움,KIA,RESULT,9회초,False,False,normal
20211002HHHT02021,2021-10-02,HH,HT,한화,KIA,RESULT,9회말,False,False,normal
20211002KTSK02021,2021-10-02,KT,SK,KT,SSG,RESULT,9회말,False,False,normal
20211002LGWO02021,2021-10-02,LG,WO,LG,키움,RESULT,9회말,False,False,normal
20211002NCLT02021,2021-10-02,NC,LT,NC,롯데,RESULT,9회말,False,False,normal
20211002SSOB02021,2021-10-02,SS,OB,삼성,두산,RESULT,9회초,False,False,normal
20211003HHHT02021,2021-10-03,HH,HT,한화,KIA,RESULT,9회초,False,False,normal
20211003KTSK02021,2021-10-03,KT,SK,KT,SSG,RESULT,9회말,False,False,normal
20211003LGWO02021,2021-10-03,LG,WO,LG,키움,RESULT,9회말,False,False,normal
20211003NCLT02021,2021-10-03,NC,LT,NC,롯데,RESULT,9회초,False,False,normal
20211003SSOB02021,2021-10-03,SS,OB,삼성,두산,RESULT,9회말,False,False,normal
20211005HTLT02021,2021-10-05,HT,LT,KIA,롯데,RESULT,9회초,False,False,normal
20211005NCKT02021,2021-10-05,NC,KT,NC,KT,RESULT,9회말,False,False,normal
20211005OBHH02021,2021-10-05,OB,HH,두산,한화,RESULT,9회초,False,False,normal
20211005SKLG02021,2021-10-05,SK,LG,SSG,LG,RESULT,9회말,False,False,normal
20211005SSWO02021,2021-10-05,SS,WO,삼성,키움,RESULT,9회초,False,False,normal
20211006HTLT02021,2021-10-06,HT,LT,KIA,롯데,RESULT,9회말,False,False,normal
20211006NCKT02021,2021-10-06,NC,KT,NC,KT,RESULT,9회말,False,False,normal
20211006OBHH02021,2021-10-06,OB,HH,두산,한화,RESULT,9회말,False,False,normal
20211006SKLG12021,2021-10-06,SK,LG,SSG,LG,RESULT,9회초,False,False,normal
20211006SKLG22021,2021-10-06,SK,LG,SSG,LG,RESULT,9회말,False,False,normal
20211006SSWO02021,2021-10-06,SS,WO,삼성,키움,RESULT,9회말,False,False,normal
20211007LGHT02021,2021-10-07,LG,HT,LG,KIA,RESULT,9회말,False,False,normal
20211007LTOB02021,2021-10-07,LT,OB,롯데,두산,RESULT,9회말,False,False,normal
20211007SKHH02021,2021-10-07,SK,HH,SSG,한화,RESULT,9회말,False,False,normal
20211007SSNC02021,2021-10-07,SS,NC,삼성,NC,RESULT,9회말,False,False,normal
20211007WOKT02021,2021-10-07,WO,KT,키움,KT,RESULT,9회초,False,False,normal
20211008LGHT02021,2021-10-08,LG,HT,LG,KIA,RESULT,9회말,False,False,normal
20211008LTOB02021,2021-10-08,LT,OB,롯데,두산,RESULT,9회초,False,False,normal
20211008SKHH02021,2021-10-08,SK,HH,SSG,한화,RESULT,9회말,False,False,normal
20211008SSNC02021,2021-10-08,SS,NC,삼성,NC,RESULT,9회초,False,False,normal
20211008WOKT02021,2021-10-08,WO,KT,키움,KT,BEFORE,경기취소,True,False,cancelled
20211009HTHH02021,2021-10-09,HT,HH,KIA,한화,RESULT,9회말,False,False,normal
20211009KTLG02021,2021-10-09,KT,LG,KT,LG,RESULT,9회초,False,False,normal
20211009LTSK02021,2021-10-09,LT,SK,롯데,SSG,RESULT,9회초,False,False,normal
20211010HTHH12021,2021-10-10,HT,HH,KIA,한화,RESULT,9회말,False,False,normal
20211010HTHH22021,2021-10-10,HT,HH,KIA,한화,RESULT,9회말,False,False,normal
20211010KTLG02021,2021-10-10,KT,LG,KT,LG,BEFORE,경기취소,True,False,cancelled
20211010OBNC02021,2021-10-10,OB,NC,두산,NC,RESULT,9회초,False,False,normal
20211011KTLG02021,2021-10-11,KT,LG,KT,LG,RESULT,9회말,False,False,normal
20211012KTOB02021,2021-10-12,KT,OB,KT,두산,RESULT,9회초,False,False,normal
20211012LGSK02021,2021-10-12,LG,SK,LG,SSG,RESULT,9회말,False,False,normal
20211012NCWO02021,2021-10-12,NC,WO,NC,키움,RESULT,9회초,False,False,normal
20211012SSHT02021,2021-10-12,SS,HT,삼성,KIA,RESULT,9회말,False,False,normal
20211013KTOB02021,2021-10-13,KT,OB,KT,두산,RESULT,9회초,False,False,normal
20211013LGLT02021,2021-10-13,LG,LT,LG,롯데,RESULT,9회말,False,False,normal
20211013NCWO02021,2021-10-13,NC,WO,NC,키움,RESULT,9회초,False,False,normal
20211013SSHT02021,2021-10-13,SS,HT,삼성,KIA,RESULT,9회말,False,False,normal
20211014KTOB02021,2021-10-14,KT,OB,KT,두산,RESULT,9회말,False,False,normal
20211014LGLT02021,2021-10-14,LG,LT,LG,롯데,RESULT,9회말,False,False,normal
20211014NCWO02021,2021-10-14,NC,WO,NC,키움,RESULT,9회말,False,False,normal
20211014SSHT02021,2021-10-14,SS,HT,삼성,KIA,RESULT,9회초,False,False,normal
20211015HTKT02021,2021-10-15,HT,KT,KIA,KT,RESULT,9회말,False,False,normal
20211015LGLT02021,2021-10-15,LG,LT,LG,롯데,RESULT,9회초,False,False,normal
20211015NCOB02021,2021-10-15,NC,OB,NC,두산,RESULT,9회말,False,False,normal
20211015WOSS02021,2021-10-15,WO,SS,키움,삼성,RESULT,6회말,False,False,called
20211016HHKT02021,2021-10-16,HH,KT,한화,KT,RESULT,9회초,False,False,normal
20211016HTOB02021,2021-10-16,HT,OB,KIA,두산,RESULT,9회말,False,False,normal
20211016LGNC02021,2021-10-16,LG,NC,LG,NC,RESULT,9회말,False,False,normal
20211016SKLT02021,2021-10-16,SK,LT,SSG,롯데,RESULT,9회말,False,False,normal
20211016WOSS12021,2021-10-16,WO,SS,키움,삼성,RESULT,9회초,False,False,normal
20211016WOSS22021,2021-10-16,WO,SS,키움,삼성,RESULT,9회초,False,False,normal
20211017HHKT02021,2021-10-17,HH,KT,한화,KT,RESULT,9회말,False,False,normal
20211017HTOB12021,2021-10-17,HT,OB,KIA,두산,RESULT,9회말,False,False,normal
20211017HTOB22021,2021-10-17,HT,OB,KIA,두산,RESULT,9회초,False,False,normal
20211017LGNC12021,2021-10-17,LG,NC,LG,NC,RESULT,9회말,False,False,normal
20211017LGNC22021,2021-10-17,LG,NC,LG,NC,RESULT,9회말,False,False,normal
20211017SKLT12021,2021-10-17,SK,LT,SSG,롯데,RESULT,9회말,False,False,normal
20211017SKLT22021,2021-10-17,SK,LT,SSG,롯데,RESULT,9회초,False,False,normal
20211017WOSS02021,2021-10-17,WO,SS,키움,삼성,RESULT,9회초,False,False,normal
20211019KTNC02021,2021-10-19,KT,NC,KT,NC,RESULT,9회초,False,False,normal
20211019OBSS02021,2021-10-19,OB,SS,두산,삼성,RESULT,9회말,False,False,normal
20211019SKHT02021,2021-10-19,SK,HT,SSG,KIA,RESULT,9회초,False,False,normal
20211019WOLG02021,2021-10-19,WO,LG,키움,LG,RESULT,9회말,False,False,normal
20211020KTHT02021,2021-10-20,KT,HT,KT,KIA,RESULT,9회초,False,False,normal
20211020NCSK02021,2021-10-20,NC,SK,NC,SSG,RESULT,9회말,False,False,normal
20211020WOLG02021,2021-10-20,WO,LG,키움,LG,RESULT,9회말,False,False,normal
20211021HHHT02021,2021-10-21,HH,HT,한화,KIA,RESULT,9회말,False,False,normal
20211021OBSK02021,2021-10-21,OB,SK,두산,SSG,RESULT,9회초,False,False,normal
20211021WOLG02021,2021-10-21,WO,LG,키움,LG,RESULT,9회말,False,False,normal
20211022HHLT02021,2021-10-22,HH,LT,한화,롯데,RESULT,9회말,False,False,normal
20211022HTNC02021,2021-10-22,HT,NC,KIA,NC,RESULT,9회말,False,False,normal
20211022KTSS02021,2021-10-22,KT,SS,KT,삼성,RESULT,9회초,False,False,normal
20211022OBSK02021,2021-10-22,OB,SK,두산,SSG,RESULT,9회초,False,False,normal
20211023HHLT02021,2021-10-23,HH,LT,한화,롯데,RESULT,9회말,False,False,normal
20211023HTNC12021,2021-10-23,HT,NC,KIA,NC,RESULT,9회말,False,False,normal
20211023HTNC22021,2021-10-23,HT,NC,KIA,NC,RESULT,9회초,False,False,normal
20211023KTSS02021,2021-10-23,KT,SS,KT,삼성,RESULT,9회초,False,False,normal
20211023LGOB02021,2021-10-23,LG,OB,LG,두산,RESULT,9회말,False,False,normal
20211024HHLT02021,2021-10-24,HH,LT,한화,롯데,RESULT,9회초,False,False,normal
20211024HTNC02021,2021-10-24,HT,NC,KIA,NC,RESULT,9회초,False,False,normal
20211024LGOB12021,2021-10-24,LG,OB,LG,두산,RESULT,9회말,False,False,normal
20211024LGOB22021,2021-10-24,LG,OB,LG,두산,RESULT,9회말,False,False,normal
20211024SKSS02021,2021-10-24,SK,SS,SSG,삼성,RESULT,9회말,False,False,normal
20211024WOKT02021,2021-10-24,WO,KT,키움,KT,RESULT,9회초,False,False,normal
20211025LTLG02021,2021-10-25,LT,LG,롯데,LG,RESULT,9회말,False,False,normal
20211025WOHH02021,2021-10-25,WO,HH,키움,한화,RESULT,9회말,False,False,normal
20211026LGHH02021,2021-10-26,LG,HH,LG,한화,RESULT,9회말,False,False,normal
20211026SKNC02021,2021-10-26,SK,NC,SSG,NC,RESULT,9회말,False,False,normal
20211026WOOB02021,2021-10-26,WO,OB,키움,두산,RESULT,9회초,False,False,normal
20211027HTLT02021,2021-10-27,HT,LT,KIA,롯데,RESULT,9회말,False,False,normal
20211027LGHH02021,2021-10-27,LG,HH,LG,한화,RESULT,9회말,False,False,normal
20211027NCKT02021,2021-10-27,NC,KT,NC,KT,RESULT,9회말,False,False,normal
20211027OBSK02021,2021-10-27,OB,SK,두산,SSG,RESULT,9회말,False,False,normal
20211027SSWO02021,2021-10-27,SS,WO,삼성,키움,RESULT,9회초,False,False,normal
20211028HTLT02021,2021-10-28,HT,LT,KIA,롯데,RESULT,9회말,False,False,normal
20211028LGHH02021,2021-10-28,LG,HH,LG,한화,RESULT,9회말,False,False,normal
20211028NCKT12021,2021-10-28,NC,KT,NC,KT,RESULT,9회말,False,False,normal
20211028NCKT22021,2021-10-28,NC,KT,NC,KT,RESULT,9회초,False,False,normal
20211028OBSK02021,2021-10-28,OB,SK,두산,SSG,RESULT,9회초,False,False,normal
20211029KTWO02021,2021-10-29,KT,WO,KT,키움,RESULT,9회초,False,False,normal
20211029LGLT02021,2021-10-29,LG,LT,LG,롯데,RESULT,9회말,False,False,normal
20211029OBHT02021,2021-10-29,OB,HT,두산,KIA,RESULT,9회말,False,False,normal
20211029SSNC02021,2021-10-29,SS,NC,삼성,NC,RESULT,9회초,False,False,normal
20211030KTSK02021,2021-10-30,KT,SK,KT,SSG,RESULT,9회말,False,False,normal
20211030LGLT02021,2021-10-30,LG,LT,LG,롯데,RESULT,9회초,False,False,normal
20211030OBHH02021,2021-10-30,OB,HH,두산,한화,RESULT,9회말,False,False,normal
20211030SSNC02021,2021-10-30,SS,NC,삼성,NC,RESULT,9회말,False,False,normal
20211030WOHT02021,2021-10-30,WO,HT,키움,KIA,RESULT,9회말,False,False,normal
20220312HHSS02022,2022-03-12,HH,SS,한화,삼성,RESULT,9회말,False,False,normal
20220312HTNC02022,2022-03-12,HT,NC,KIA,NC,RESULT,9회말,False,False,normal
20220312LGKT02022,2022-03-12,LG,KT,LG,KT,RESULT,9회말,False,False,normal
20220312OBWO02022,2022-03-12,OB,WO,두산,키움,RESULT,9회초,False,False,normal
20220312SKLT02022,2022-03-12,SK,LT,SSG,롯데,RESULT,9회말,False,False,normal
20220313HHSS02022,2022-03-13,HH,SS,한화,삼성,BEFORE,경기취소,True,False,cancelled
20220313HTNC02022,2022-03-13,HT,NC,KIA,NC,BEFORE,경기취소,True,False,cancelled
20220313LGKT02022,2022-03-13,LG,KT,LG,KT,BEFORE,경기취소,True,False,cancelled
20220313OBWO02022,2022-03-13,OB,WO,두산,키움,RESULT,9회초,False,False,normal
20220313SKLT02022,2022-03-13,SK,LT,SSG,롯데,BEFORE,경기취소,True,False,cancelled
20220314HHLT02022,2022-03-14,HH,LT,한화,롯데,RESULT,9회초,False,False,normal
20220314HTSS02022,2022-03-14,HT,SS,KIA,삼성,RESULT,9회말,False,False,normal
20220314LGWO02022,2022-03-14,LG,WO,LG,키움,RESULT,9회말,False,False,normal
20220314OBKT02022,2022-03-14,OB,KT,두산,KT,BEFORE,경기취소,True,False,cancelled
20220314SKNC02022,2022-03-14,SK,NC,SSG,NC,RESULT,9회말,False,False,normal
20220315HHLT02022,2022-03-15,HH,LT,한화,롯데,RESULT,9회말,False,False,normal
20220315HTSS02022,2022-03-15,HT,SS,KIA,삼성,RESULT,9회말,False,False,normal
20220315LGWO02022,2022-03-15,LG,WO,LG,키움,RESULT,9회말,False,False,normal
20220315OBKT02022,2022-03-15,OB,KT,두산,KT,RESULT,9회초,False,False,normal
20220315SKNC02022,2022-03-15,SK,NC,SSG,NC,RESULT,9회초,False,False,normal
20220317HHNC02022,2022-03-17,HH,NC,한화,NC,RESULT,9회초,False,False,normal
20220317HTKT02022,2022-03-17,HT,KT,KIA,KT,RESULT,9회말,False,False,normal
20220317LGSS02022,2022-03-17,LG,SS,LG,삼성,BEFORE,경기취소,True,False,cancelled
20220317OBLT02022,2022-03-17,OB,LT,두산,롯데,RESULT,9회초,False,False,normal
20220317SKWO02022,2022-03-17,SK,WO,SSG,키움,RESULT,9회초,False,False,normal
20220318HHNC02022,2022-03-18,HH,NC,한화,NC,RESULT,9회말,False,False,normal
20220318HTKT02022,2022-03-18,HT,KT,KIA,KT,RESULT,9회초,False,False,normal
20220318LGSS02022,2022-03-18,LG,SS,LG,삼성,RESULT,9회말,False,False,normal
20220318OBLT02022,2022-03-18,OB,LT,두산,롯데,BEFORE,경기취소,True,False,cancelled
20220318SKWO02022,2022-03-18,SK,WO,SSG,키움,RESULT,9회말,False,False,normal
20220319HHWO02022,2022-03-19,HH,WO,한화,키움,RESULT,9회말,False,False,normal
20220319HTLT02022,2022-03-19,HT,LT,KIA,롯데,BEFORE,경기취소,True,False,cancelled
20220319LGNC02022,2022-03-19,LG,NC,LG,NC,BEFORE,경기취소,True,False,cancelled
20220319OBSS02022,2022-03-19,OB,SS,두산,삼성,BEFORE,경기취소,True,False,cancelled
20220319SKKT02022,2022-03-19,SK,KT,SSG,KT,BEFORE,경기취소,True,False,cancelled
20220320HHWO02022,2022-03-20,HH,WO,한화,키움,RESULT,9회말,False,False,normal
20220320HTLT02022,2022-03-20,HT,LT,KIA,롯데,RESULT,9회초,False,False,normal
20220320LGNC02022,2022-03-20,LG,NC,LG,NC,RESULT,9회말,False,False,normal
20220320OBSS02022,2022-03-20,OB,SS,두산,삼성,RESULT,9회초,False,False,normal
20220320SKKT02022,2022-03-20,SK,KT,SSG,KT,RESULT,9회말,False,False,normal
20220321HHKT02022,2022-03-21,HH,KT,한화,KT,RESULT,9회말,False,False,normal
20220321LGSK02022,2022-03-21,LG,SK,LG,SSG,RESULT,9회초,False,False,normal
20220321NCLT02022,2022-03-21,NC,LT,NC,롯데,RESULT,9회초,False,False,normal
20220321OBHT02022,2022-03-21,OB,HT,두산,KIA,RESULT,9회말,False,False,normal
20220321WOSS02022,2022-03-21,WO,SS,키움,삼성,RESULT,9회말,False,False,normal
20220322HHKT02022,2022-03-22,HH,KT,한화,KT,RESULT,9회초,False,False,normal
20220322LGSK02022,2022-03-22,LG,SK,LG,SSG,RESULT,9회말,False,False,normal
20220322NCLT02022,2022-03-22,NC,LT,NC,롯데,RESULT,9회말,False,False,normal
20220322OBHT02022,2022-03-22,OB,HT,두산,KIA,RESULT,9회말,False,False,normal
20220322WOSS02022,2022-03-22,WO,SS,키움,삼성,RESULT,9회초,False,False,normal
20220324HHSK02022,2022-03-24,HH,SK,한화,SSG,RESULT,9회말,False,False,normal
20220324KTLT02022,2022-03-24,KT,LT,KT,롯데,RESULT,9회말,False,False,normal
20220324LGOB02022,2022-03-24,LG,OB,LG,두산,RESULT,9회말,False,False,normal
20220324SSNC02022,2022-03-24,SS,NC,삼성,NC,RESULT,9회말,False,False,normal
20220324WOHT02022,2022-03-24,WO,HT,키움,KIA,RESULT,9회초,False,False,normal
20220325HHSK02022,2022-03-25,HH,SK,한화,SSG,RESULT,9회말,False,False,normal
20220325KTLT02022,2022-03-25,KT,LT,KT,롯데,RESULT,9회말,False,False,normal
20220325OBLG02022,2022-03-25,OB,LG,두산,LG,RESULT,9회초,False,False,normal
20220325SSNC02022,2022-03-25,SS,NC,삼성,NC,RESULT,9회말,False,False,normal
20220325WOHT02022,2022-03-25,WO,HT,키움,KIA,RESULT,9회초,False,False,normal
20220326HTHH02022,2022-03-26,HT,HH,KIA,한화,BEFORE,경기취소,True,False,cancelled
20220326LTLG02022,2022-03-26,LT,LG,롯데,LG,RESULT,9회말,False,False,normal
20220326NCWO02022,2022-03-26,NC,WO,NC,키움,RESULT,9회말,False,False,normal
20220326OBSK02022,2022-03-26,OB,SK,두산,SSG,BEFORE,경기취소,True,False,cancelled
20220326SSKT02022,2022-03-26,SS,KT,삼성,KT,BEFORE,경기취소,True,False,cancelled
20220327HTHH02022,2022-03-27,HT,HH,KIA,한화,RESULT,9회말,False,False,normal
20220327LTLG02022,2022-03-27,LT,LG,롯데,LG,RESULT,9회말,False,False,normal
20220327NCWO02022,2022-03-27,NC,WO,NC,키움,RESULT,9회말,False,False,normal
20220327OBSK02022,2022-03-27,OB,SK,두산,SSG,RESULT,9회말,False,False,normal
20220327SSKT02022,2022-03-27,SS,KT,삼성,KT,RESULT,9회초,False,False,normal
20220328KTWO02022,2022-03-28,KT,WO,KT,키움,RESULT,9회말,False,False,normal
20220328LGHH02022,2022-03-28,LG,HH,LG,한화,RESULT,9회말,False,False,normal
20220328LTSS02022,2022-03-28,LT,SS,롯데,삼성,RESULT,9회말,False,False,normal
20220328NCOB02022,2022-03-28,NC,OB,NC,두산,RESULT,9회말,False,False,normal
20220328SKHT02022,2022-03-28,SK,HT,SSG,KIA,RESULT,9회초,False,False,normal
20220329KTWO02022,2022-03-29,KT,WO,KT,키움,RESULT,9회초,False,False,normal
20220329LGHH02022,2022-03-29,LG,HH,LG,한화,RESULT,9회말,False,False,normal
20220329LTSS02022,2022-03-29,LT,SS,롯데,삼성,RESULT,9회말,False,False,normal
20220329NCOB02022,2022-03-29,NC,OB,NC,두산,RESULT,9회말,False,False,normal
20220329SKHT02022,2022-03-29,SK,HT,SSG,KIA,RESULT,9회말,False,False,normal
20220402HHOB02022,2022-04-02,HH,OB,한화,두산,RESULT,9회초,False,False,normal
20220402LGHT02022,2022-04-02,LG,HT,LG,KIA,RESULT,9회말,False,False,normal
20220402LTWO02022,2022-04-02,LT,WO,롯데,키움,RESULT,9회말,False,False,normal
20220402SKNC02022,2022-04-02,SK,NC,SSG,NC,RESULT,10회말,False,False,normal
20220402SSKT02022,2022-04-02,SS,KT,삼성,KT,RESULT,9회초,False,False,normal
20220403HHOB02022,2022-04-03,HH,OB,한화,두산,RESULT,9회초,False,False,normal
20220403LGHT02022,2022-04-03,LG,HT,LG,KIA,RESULT,9회말,False,False,normal
20220403LTWO02022,2022-04-03,LT,WO,롯데,키움,RESULT,10회말,False,False,normal
20220403SKNC02022,2022-04-03,SK,NC,SSG,NC,RESULT,9회말,False,False,normal
20220403SSKT02022,2022-04-03,SS,KT,삼성,KT,RESULT,9회말,False,False,normal
20220405HHHT02022,2022-04-05,HH,HT,한화,KIA,RESULT,9회초,False,False,normal
20220405LGWO02022,2022-04-05,LG,WO,LG,키움,RESULT,9회말,False,False,normal
20220405LTNC02022,2022-04-05,LT,NC,롯데,NC,RESULT,9회말,False,False,normal
20220405SKKT02022,2022-04-05,SK,KT,SSG,KT,RESULT,9회말,False,False,normal
20220405SSOB02022,2022-04-05,SS,OB,삼성,두산,RESULT,9회말,False,False,normal
20220406HHHT02022,2022-04-06,HH,HT,한화,KIA,RESULT,9회초,False,False,normal
20220406LGWO02022,2022-04-06,LG,WO,LG,키움,RESULT,11회말,False,False,normal
20220406LTNC02022,2022-04-06,LT,NC,롯데,NC,RESULT,9회초,False,False,normal
20220406SKKT02022,2022-04-06,SK,KT,SSG,KT,RESULT,9회말,False,False,normal
20220406SSOB02022,2022-04-06,SS,OB,삼성,두산,RESULT,9회말,False,False,normal
20220407HHHT02022,2022-04-07,HH,HT,한화,KIA,RESULT,9회초,False,False,normal
20220407LGWO02022,2022-04-07,LG,WO,LG,키움,RESULT,9회말,False,False,normal
20220407LTNC02022,2022-04-07,LT,NC,롯데,NC,RESULT,9회말,False,False,normal
20220407SKKT02022,2022-04-07,SK,KT,SSG,KT,RESULT,9회말,False,False,normal
20220407SSOB02022,2022-04-07,SS,OB,삼성,두산,RESULT,9회초,False,False,normal
20220408HTSK02022,2022-04-08,HT,SK,KIA,SSG,RESULT,9회초,False,False,normal
20220408KTHH02022,2022-04-08,KT,HH,KT,한화,RESULT,9회말,False,False,normal
20220408NCLG02022,2022-04-08,NC,LG,NC,LG,RESULT,9회말,False,False,normal
20220408OBLT02022,2022-04-08,OB,LT,두산,롯데,RESULT,9회말,False,False,normal
20220408WOSS02022,2022-04-08,WO,SS,키움,삼성,RESULT,9회말,False,False,normal
20220409HTSK02022,2022-04-09,HT,SK,KIA,SSG,RESULT,9회초,False,False,normal
20220409KTHH02022,2022-04-09,KT,HH,KT,한화,RESULT,9회초,False,False,normal
20220409NCLG02022,2022-04-09,NC,LG,NC,LG,RESULT,9회초,False,False,normal
20220409OBLT02022,2022-04-09,OB,LT,두산,롯데,RESULT,9회초,False,False,normal
20220409WOSS02022,2022-04-09,WO,SS,키움,삼성,RESULT,9회말,False,False,normal
20220410HTSK02022,2022-04-10,HT,SK,KIA,SSG,RESULT,9회초,False,False,normal
20220410KTHH02022,2022-04-10,KT,HH,KT,한화,RESULT,9회초,False,False,normal
20220410NCLG02022,2022-04-10,NC,LG,NC,LG,RESULT,9회초,False,False,normal
20220410OBLT02022,2022-04-10,OB,LT,두산,롯데,RESULT,11회말,False,False,normal
20220410WOSS02022,2022-04-10,WO,SS,키움,삼성,RESULT,9회말,False,False,normal
20220412HHSS02022,2022-04-12,HH,SS,한화,삼성,RESULT,9회초,False,False,normal
20220412LTHT02022,2022-04-12,LT,HT,롯데,KIA,RESULT,9회초,False,False,normal
20220412NCWO02022,2022-04-12,NC,WO,NC,키움,RESULT,9회초,False,False,normal
20220412OBKT02022,2022-04-12,OB,KT,두산,KT,RESULT,9회말,False,False,normal
20220412SKLG02022,2022-04-12,SK,LG,SSG,LG,RESULT,9회말,False,False,normal
20220413HHSS02022,2022-04-13,HH,SS,한화,삼성,RESULT,9회초,False,False,normal
20220413LTHT02022,2022-04-13,LT,HT,롯데,KIA,BEFORE,경기취소,True,False,cancelled
20220413NCWO02022,2022-04-13,NC,WO,NC,키움,RESULT,12회말,False,False,normal
20220413OBKT02022,2022-04-13,OB,KT,두산,KT,BEFORE,경기취소,True,False,cancelled
20220413SKLG02022,2022-04-13,SK,LG,SSG,LG,RESULT,9회말,False,False,normal
20220414HHSS02022,2022-04-14,HH,SS,한화,삼성,RESULT,9회초,False,False,normal
20220414LTHT02022,2022-04-14,LT,HT,롯데,KIA,RESULT,9회말,False,False,normal
20220414NCWO02022,2022-04-14,NC,WO,NC,키움,RESULT,9회초,False,False,normal
20220414OBKT02022,2022-04-14,OB,KT,두산,KT,RESULT,10회말,False,False,normal
20220414SKLG02022,2022-04-14,SK,LG,SSG,LG,RESULT,9회초,False,False,normal
20220415HTNC02022,2022-04-15,HT,NC,KIA,NC,RESULT,9회초,False,False,normal
20220415KTLT02022,2022-04-15,KT,LT,KT,롯데,RESULT,9회초,False,False,normal
20220415LGHH02022,2022-04-15,LG,HH,LG,한화,RESULT,9회초,False,False,normal
20220415SSSK02022,2022-04-15,SS,SK,삼성,SSG,RESULT,9회초,False,False,normal
20220415WOOB02022,2022-04-15,WO,OB,키움,두산,RESULT,9회말,False,False,normal
20220416HTNC02022,2022-04-16,HT,NC,KIA,NC,RESULT,9회말,False,False,normal
20220416KTLT02022,2022-04-16,KT,LT,KT,롯데,RESULT,9회말,False,False,normal
20220416LGHH02022,2022-04-16,LG,HH,LG,한화,RESULT,9회말,False,False,normal
20220416SSSK02022,2022-04-16,SS,SK,삼성,SSG,RESULT,9회초,False,False,normal
20220416WOOB02022,2022-04-16,WO,OB,키움,두산,RESULT,9회초,False,False,normal
20220417HTNC02022,2022-04-17,HT,NC,KIA,NC,RESULT,9회말,False,False,normal
20220417KTLT02022,2022-04-17,KT,LT,KT,롯데,RESULT,9회초,False,False,normal
20220417LGHH02022,2022-04-17,LG,HH,LG,한화,RESULT,10회말,False,False,normal
20220417SSSK02022,2022-04-17,SS,SK,삼성,SSG,RESULT,9회초,False,False,normal
20220417WOOB02022,2022-04-17,WO,OB,키움,두산,RESULT,9회말,False,False,normal
20220419HHLT02022,2022-04-19,HH,LT,한화,롯데,RESULT,9회말,False,False,normal
20220419KTLG02022,2022-04-19,KT,LG,KT,LG,RESULT,9회말,False,False,normal
20220419OBHT02022,2022-04-19,OB,HT,두산,KIA,RESULT,9회초,False,False,normal
20220419SSNC02022,2022-04-19,SS,NC,삼성,NC,RESULT,9회초,False,False,normal
20220419WOSK02022,2022-04-19,WO,SK,키움,SSG,RESULT,9회말,False,False,normal
20220420HHLT02022,2022-04-20,HH,LT,한화,롯데,RESULT,9회초,False,False,normal
20220420KTLG02022,2022-04-20,KT,LG,KT,LG,RESULT,9회말,False,False,normal
20220420OBHT02022,2022-04-20,OB,HT,두산,KIA,RESULT,9회말,False,False,normal
20220420SSNC02022,2022-04-20,SS,NC,삼성,NC,RESULT,9회초,False,False,normal
20220420WOSK02022,2022-04-20,WO,SK,키움,SSG,RESULT,9회초,False,False,normal
20220421HHLT02022,2022-04-21,HH,LT,한화,롯데,RESULT,9회말,False,False,normal
20220421KTLG02022,2022-04-21,KT,LG,KT,LG,RESULT,9회말,False,False,normal
20220421OBHT02022,2022-04-21,OB,HT,두산,KIA,RESULT,9회말,False,False,normal
20220421SSNC02022,2022-04-21,SS,NC,삼성,NC,RESULT,9회말,False,False,normal
20220421WOSK02022,2022-04-21,WO,SK,키움,SSG,RESULT,9회초,False,False,normal
20220422HTWO02022,2022-04-22,HT,WO,KIA,키움,RESULT,9회말,False,False,normal
20220422LGOB02022,2022-04-22,LG,OB,LG,두산,RESULT,9회말,False,False,normal
20220422LTSS02022,2022-04-22,LT,SS,롯데,삼성,RESULT,9회말,False,False,normal
20220422NCKT02022,2022-04-22,NC,KT,NC,KT,RESULT,9회초,False,False,normal
20220422SKHH02022,2022-04-22,SK,HH,SSG,한화,RESULT,9회초,False,False,normal
20220423HTWO02022,2022-04-23,HT,WO,KIA,키움,RESULT,9회초,False,False,normal
20220423LGOB02022,2022-04-23,LG,OB,LG,두산,RESULT,9회초,False,False,normal
20220423LTSS02022,2022-04-23,LT,SS,롯데,삼성,RESULT,9회말,False,False,normal
20220423NCKT02022,2022-04-23,NC,KT,NC,KT,RESULT,9회초,False,False,normal
20220423SKHH02022,2022-04-23,SK,HH,SSG,한화,RESULT,9회초,False,False,normal
20220424HTWO02022,2022-04-24,HT,WO,KIA,키움,RESULT,9회말,False,False,normal
20220424LGOB02022,2022-04-24,LG,OB,LG,두산,RESULT,9회말,False,False,normal
20220424LTSS02022,2022-04-24,LT,SS,롯데,삼성,RESULT,9회말,False,False,normal
20220424NCKT02022,2022-04-24,NC,KT,NC,KT,RESULT,10회말,False,False,normal
20220424SKHH02022,2022-04-24,SK,HH,SSG,한화,RESULT,9회말,False,False,normal
20220426HTKT02022,2022-04-26,HT,KT,KIA,KT,RESULT,9회말,False,False,normal
20220426LGSS02022,2022-04-26,LG,SS,LG,삼성,RESULT,9회초,False,False,normal
20220426NCOB02022,2022-04-26,NC,OB,NC,두산,RESULT,9회초,False,False,normal
20220426SKLT02022,2022-04-26,SK,LT,SSG,롯데,RESULT,9회말,False,False,normal
20220426WOHH02022,2022-04-26,WO,HH,키움,한화,RESULT,9회초,False,False,normal
20220427HTKT02022,2022-04-27,HT,KT,KIA,KT,RESULT,9회초,False,False,normal
20220427LGSS02022,2022-04-27,LG,SS,LG,삼성,RESULT,9회말,False,False,normal
20220427NCOB02022,2022-04-27,NC,OB,NC,두산,RESULT,9회초,False,False,normal
20220427SKLT02022,2022-04-27,SK,LT,SSG,롯데,RESULT,12회말,False,False,normal
20220427WOHH02022,2022-04-27,WO,HH,키움,한화,RESULT,9회말,False,False,normal
20220428HTKT02022,2022-04-28,HT,KT,KIA,KT,RESULT,9회초,False,False,normal
20220428LGSS02022,2022-04-28,LG,SS,LG,삼성,RESULT,9회말,False,False,normal
20220428NCOB02022,2022-04-28,NC,OB,NC,두산,RESULT,9회말,False,False,normal
20220428SKLT02022,2022-04-28,SK,LT,SSG,롯데,RESULT,9회초,False,False,normal
20220428WOHH02022,2022-04-28,WO,HH,키움,한화,RESULT,9회말,False,False,normal
20220429HHNC02022,2022-04-29,HH,NC,한화,NC,RESULT,9회초,False,False,normal
20220429KTWO02022,2022-04-29,KT,WO,KT,키움,RESULT,9회말,False,False,normal
20220429LTLG02022,2022-04-29,LT,LG,롯데,LG,RESULT,9회말,False,False,normal
20220429OBSK02022,2022-04-29,OB,SK,두산,SSG,RESULT,12회말,False,False,normal
20220429SSHT02022,2022-04-29,SS,HT,삼성,KIA,RESULT,9회말,False,False,normal
20220430HHNC02022,2022-04-30,HH,NC,한화,NC,RESULT,9회말,False,False,normal
20220430KTWO02022,2022-04-30,KT,WO,KT,키움,RESULT,9회초,False,False,normal
20220430LTLG02022,2022-04-30,LT,LG,롯데,LG,RESULT,9회말,False,False,normal
20220430OBSK02022,2022-04-30,OB,SK,두산,SSG,RESULT,9회초,False,False,normal
20220430SSHT02022,2022-04-30,SS,HT,삼성,KIA,RESULT,9회말,False,False,normal
20220501HHNC02022,2022-05-01,HH,NC,한화,NC,RESULT,9회말,False,False,normal
20220501KTWO02022,2022-05-01,KT,WO,KT,키움,RESULT,9회초,False,False,normal
20220501LTLG02022,2022-05-01,LT,LG,롯데,LG,RESULT,9회말,False,False,normal
20220501OBSK02022,2022-05-01,OB,SK,두산,SSG,RESULT,9회말,False,False,normal
20220501SSHT02022,2022-05-01,SS,HT,삼성,KIA,RESULT,9회말,False,False,normal
20220503HHSK02022,2022-05-03,HH,SK,한화,SSG,RESULT,9회초,False,False,normal
20220503LTKT02022,2022-05-03,LT,KT,롯데,KT,RESULT,9회초,False,False,normal
20220503NCSS02022,2022-05-03,NC,SS,NC,삼성,RESULT,9회말,False,False,normal
20220503OBLG02022,2022-05-03,OB,LG,두산,LG,RESULT,9회초,False,False,normal
20220503WOHT02022,2022-05-03,WO,HT,키움,KIA,RESULT,9회말,False,False,normal
20220504HHSK02022,2022-05-04,HH,SK,한화,SSG,RESULT,9회말,False,False,normal
20220504LTKT02022,2022-05-04,LT,KT,롯데,KT,RESULT,9회말,False,False,normal
20220504NCSS02022,2022-05-04,NC,SS,NC,삼성,RESULT,9회초,False,False,normal
20220504OBLG02022,2022-05-04,OB,LG,두산,LG,RESULT,9회말,False,False,normal
20220504WOHT02022,2022-05-04,WO,HT,키움,KIA,RESULT,9회말,False,False,normal
20220505HHSK02022,2022-05-05,HH,SK,한화,SSG,RESULT,9회초,False,False,normal
20220505LTKT02022,2022-05-05,LT,KT,롯데,KT,RESULT,9회초,False,False,normal
20220505NCSS02022,2022-05-05,NC,SS,NC,삼성,RESULT,9회초,False,False,normal
20220505OBLG02022,2022-05-05,OB,LG,두산,LG,RESULT,9회말,False,False,normal
20220505WOHT02022,2022-05-05,WO,HT,키움,KIA,RESULT,9회초,False,False,normal
20220506HTHH02022,2022-05-06,HT,HH,KIA,한화,RESULT,9회말,False,False,normal
20220506KTOB02022,2022-05-06,KT,OB,KT,두산,RESULT,9회말,False,False,normal
20220506LGNC02022,2022-05-06,LG,NC,LG,NC,RESULT,9회말,False,False,normal
20220506SKWO02022,2022-05-06,SK,WO,SSG,키움,RESULT,9회초,False,False,normal
20220506SSLT02022,2022-05-06,SS,LT,삼성,롯데,RESULT,9회말,False,False,normal
20220507HTHH02022,2022-05-07,HT,HH,KIA,한화,RESULT,9회말,False,False,normal
20220507KTOB02022,2022-05-07,KT,OB,KT,두산,RESULT,9회초,False,False,normal
20220507LGNC02022,2022-05-07,LG,NC,LG,NC,RESULT,9회말,False,False,normal
20220507SKWO02022,2022-05-07,SK,WO,SSG,키움,RESULT,9회말,False,False,normal
20220507SSLT02022,2022-05-07,SS,LT,삼성,롯데,RESULT,9회말,False,False,normal
20220508HTHH02022,2022-05-08,HT,HH,KIA,한화,RESULT,9회말,False,False,normal
20220508KTOB02022,2022-05-08,KT,OB,KT,두산,RESULT,9회말,False,False,normal
20220508LGNC02022,2022-05-08,LG,NC,LG,NC,RESULT,9회말,False,False,normal
20220508SKWO02022,2022-05-08,SK,WO,SSG,키움,RESULT,9회말,False,False,normal
20220508SSLT02022,2022-05-08,SS,LT,삼성,롯데,RESULT,10회말,False,False,normal
20220510HHLG02022,2022-05-10,HH,LG,한화,LG,RESULT,9회초,False,False,normal
20220510KTHT02022,2022-05-10,KT,HT,KT,KIA,RESULT,9회말,False,False,normal
20220510NCLT02022,2022-05-10,NC,LT,NC,롯데,RESULT,9회초,False,False,normal
20220510OBWO02022,2022-05-10,OB,WO,두산,키움,RESULT,9회말,False,False,normal
20220510SKSS02022,2022-05-10,SK,SS,SSG,삼성,RESULT,9회말,False,False,normal
20220511HHLG02022,2022-05-11,HH,LG,한화,LG,RESULT,9회초,False,False,normal
20220511KTHT02022,2022-05-11,KT,HT,KT,KIA,RESULT,9회말,False,False,normal
20220511NCLT02022,2022-05-11,NC,LT,NC,롯데,RESULT,9회말,False,False,normal
20220511OBWO02022,2022-05-11,OB,WO,두산,키움,RESULT,9회말,False,False,normal
20220511SKSS02022,2022-05-11,SK,SS,SSG,삼성,RESULT,10회말,False,False,normal
20220512HHLG02022,2022-05-12,HH,LG,한화,LG,RESULT,9회초,False,False,normal
20220512KTHT02022,2022-05-12,KT,HT,KT,KIA,RESULT,9회초,False,False,normal
20220512NCLT02022,2022-05-12,NC,LT,NC,롯데,RESULT,9회말,False,False,normal
20220512OBWO02022,2022-05-12,OB,WO,두산,키움,RESULT,9회말,False,False,normal
20220512SKSS02022,2022-05-12,SK,SS,SSG,삼성,RESULT,9회초,False,False,normal
20220513HTLG02022,2022-05-13,HT,LG,KIA,LG,RESULT,9회말,False,False,normal
20220513LTHH02022,2022-05-13,LT,HH,롯데,한화,RESULT,9회말,False,False,normal
20220513NCSK02022,2022-05-13,NC,SK,NC,SSG,RESULT,9회말,False,False,normal
20220513OBSS02022,2022-05-13,OB,SS,두산,삼성,BEFORE,경기취소,True,False,cancelled
20220513WOKT02022,2022-05-13,WO,KT,키움,KT,RESULT,9회말,False,False,normal
20220514HTLG02022,2022-05-14,HT,LG,KIA,LG,RESULT,9회초,False,False,normal
20220514LTHH02022,2022-05-14,LT,HH,롯데,한화,RESULT,9회말,False,False,normal
20220514NCSK02022,2022-05-14,NC,SK,NC,SSG,RESULT,9회초,False,False,normal
20220514OBSS02022,2022-05-14,OB,SS,두산,삼성,RESULT,9회초,False,False,normal
20220514WOKT02022,2022-05-14,WO,KT,키움,KT,RESULT,9회말,False,False,normal
20220515HTLG02022,2022-05-15,HT,LG,KIA,LG,RESULT,9회초,False,False,normal
20220515LTHH02022,2022-05-15,LT,HH,롯데,한화,RESULT,9회초,False,False,normal
20220515NCSK02022,2022-05-15,NC,SK,NC,SSG,RESULT,9회말,False,False,normal
20220515OBSS02022,2022-05-15,OB,SS,두산,삼성,RESULT,9회초,False,False,normal
20220515WOKT02022,2022-05-15,WO,KT,키움,KT,RESULT,11회말,False,False,normal
20220517HTLT02022,2022-05-17,HT,LT,KIA,롯데,RESULT,9회말,False,False,normal
20220517LGKT02022,2022-05-17,LG,KT,LG,KT,RESULT,9회말,False,False,normal
20220517SKOB02022,2022-05-17,SK,OB,SSG,두산,RESULT,12회말,False,False,normal
20220517SSHH02022,2022-05-17,SS,HH,삼성,한화,RESULT,9회초,False,False,normal
20220517WONC02022,2022-05-17,WO,NC,키움,NC,RESULT,9회말,False,False,normal
20220518HTLT02022,2022-05-18,HT,LT,KIA,롯데,RESULT,9회말,False,False,normal
20220518LGKT02022,2022-05-18,LG,KT,LG,KT,RESULT,9회말,False,False,normal
20220518SKOB02022,2022-05-18,SK,OB,SSG,두산,RESULT,12회말,False,False,normal
20220518SSHH02022,2022-05-18,SS,HH,삼성,한화,RESULT,9회말,False,False,normal
20220518WONC02022,2022-05-18,WO,NC,키움,NC,RESULT,9회초,False,False,normal
20220519HTLT02022,2022-05-19,HT,LT,KIA,롯데,RESULT,9회말,False,False,normal
20220519LGKT02022,2022-05-19,LG,KT,LG,KT,RESULT,9회말,False,False,normal
20220519SKOB02022,2022-05-19,SK,OB,SSG,두산,RESULT,9회말,False,False,normal
20220519SSHH02022,2022-05-19,SS,HH,삼성,한화,RESULT,10회말,False,False,normal
20220519WONC02022,2022-05-19,WO,NC,키움,NC,RESULT,9회말,False,False,normal
20220520HHWO02022,2022-05-20,HH,WO,한화,키움,RESULT,9회초,False,False,normal
20220520KTSS02022,2022-05-20,KT,SS,KT,삼성,RESULT,9회말,False,False,normal
20220520LGSK02022,2022-05-20,LG,SK,LG,SSG,RESULT,9회말,False,False,normal
20220520LTOB02022,2022-05-20,LT,OB,롯데,두산,RESULT,9회말,False,False,normal
20220520NCHT02022,2022-05-20,NC,HT,NC,KIA,RESULT,9회초,False,False,normal
20220521HHWO02022,2022-05-21,HH,WO,한화,키움,RESULT,9회초,False,False,normal
20220521KTSS02022,2022-05-21,KT,SS,KT,삼성,RESULT,11회말,False,False,normal
20220521LGSK02022,2022-05-21,LG,SK,LG,SSG,RESULT,9회말,False,False,normal
20220521LTOB02022,2022-05-21,LT,OB,롯데,두산,RESULT,9회초,False,False,normal
20220521NCHT02022,2022-05-21,NC,HT,NC,KIA,RESULT,9회말,False,False,normal
20220522HHWO02022,2022-05-22,HH,WO,한화,키움,RESULT,9회말,False,False,normal
20220522KTSS02022,2022-05-22,KT,SS,KT,삼성,RESULT,9회초,False,False,normal
20220522LGSK02022,2022-05-22,LG,SK,LG,SSG,RESULT,9회초,False,False,normal
20220522LTOB02022,2022-05-22,LT,OB,롯데,두산,RESULT,9회말,False,False,normal
20220522NCHT02022,2022-05-22,NC,HT,NC,KIA,RESULT,9회초,False,False,normal
20220524HTSS02022,2022-05-24,HT,SS,KIA,삼성,RESULT,9회말,False,False,normal
20220524KTNC02022,2022-05-24,KT,NC,KT,NC,RESULT,10회말,False,False,normal
20220524LTSK02022,2022-05-24,LT,SK,롯데,SSG,RESULT,9회말,False,False,normal
20220524OBHH02022,2022-05-24,OB,HH,두산,한화,RESULT,9회초,False,False,normal
20220524WOLG02022,2022-05-24,WO,LG,키움,LG,RESULT,9회말,False,False,normal
20220525HTSS02022,2022-05-25,HT,SS,KIA,삼성,RESULT,9회말,False,False,normal
20220525KTNC02022,2022-05-25,KT,NC,KT,NC,RESULT,9회말,False,False,normal
20220525LTSK02022,2022-05-25,LT,SK,롯데,SSG,RESULT,7회초,False,False,called
20220525OBHH02022,2022-05-25,OB,HH,두산,한화,RESULT,9회초,False,False,normal
20220525WOLG02022,2022-05-25,WO,LG,키움,LG,RESULT,9회말,False,False,normal
20220526HTSS02022,2022-05-26,HT,SS,KIA,삼성,RESULT,9회말,False,False,normal
20220526KTNC02022,2022-05-26,KT,NC,KT,NC,RESULT,9회말,False,False,normal
20220526LTSK02022,2022-05-26,LT,SK,롯데,SSG,RESULT,9회초,False,False,normal
20220526OBHH02022,2022-05-26,OB,HH,두산,한화,RESULT,9회말,False,False,normal
20220526WOLG02022,2022-05-26,WO,LG,키움,LG,RESULT,9회말,False,False,normal
20220527HHKT02022,2022-05-27,HH,KT,한화,KT,RESULT,9회말,False,False,normal
20220527OBNC02022,2022-05-27,OB,NC,두산,NC,RESULT,9회말,False,False,normal
20220527SKHT02022,2022-05-27,SK,HT,SSG,KIA,RESULT,9회말,False,False,normal
20220527SSLG02022,2022-05-27,SS,LG,삼성,LG,RESULT,9회초,False,False,normal
20220527WOLT02022,2022-05-27,WO,LT,키움,롯데,RESULT,9회말,False,False,normal
20220528HHKT02022,2022-05-28,HH,KT,한화,KT,RESULT,9회말,False,False,normal
20220528OBNC02022,2022-05-28,OB,NC,두산,NC,RESULT,9회초,False,False,normal
20220528SKHT02022,2022-05-28,SK,HT,SSG,KIA,RESULT,9회초,False,False,normal
20220528SSLG02022,2022-05-28,SS,LG,삼성,LG,RESULT,9회초,False,False,normal
20220528WOLT02022,2022-05-28,WO,LT,키움,롯데,RESULT,10회말,False,False,normal
20220529HHKT02022,2022-05-29,HH,KT,한화,KT,RESULT,9회말,False,False,normal
20220529OBNC02022,2022-05-29,OB,NC,두산,NC,RESULT,9회말,False,False,normal
20220529SKHT02022,2022-05-29,SK,HT,SSG,KIA,RESULT,9회말,False,False,normal
20220529SSLG02022,2022-05-29,SS,LG,삼성,LG,RESULT,9회말,False,False,normal
20220529WOLT02022,2022-05-29,WO,LT,키움,롯데,RESULT,9회말,False,False,normal
20220531HTOB02022,2022-05-31,HT,OB,KIA,두산,RESULT,9회말,False,False,normal
20220531KTSK02022,2022-05-31,KT,SK,KT,SSG,RESULT,9회말,False,False,normal
20220531LGLT02022,2022-05-31,LG,LT,LG,롯데,RESULT,9회초,False,False,normal
20220531NCHH02022,2022-05-31,NC,HH,NC,한화,RESULT,9회말,False,False,normal
20220531SSWO02022,2022-05-31,SS,WO,삼성,키움,RESULT,9회초,False,False,normal
20220601HTOB02022,2022-06-01,HT,OB,KIA,두산,RESULT,9회말,False,False,normal
20220601KTSK02022,2022-06-01,KT,SK,KT,SSG,RESULT,9회초,False,False,normal
20220601LGLT02022,2022-06-01,LG,LT,LG,롯데,RESULT,9회말,False,False,normal
20220601NCHH02022,2022-06-01,NC,HH,NC,한화,RESULT,9회초,False,False,normal
20220601SSWO02022,2022-06-01,SS,WO,삼성,키움,RESULT,9회말,False,False,normal
20220602HTOB02022,2022-06-02,HT,OB,KIA,두산,RESULT,9회말,False,False,normal
20220602KTSK02022,2022-06-02,KT,SK,KT,SSG,RESULT,9회말,False,False,normal
20220602LGLT02022,2022-06-02,LG,LT,LG,롯데,RESULT,12회말,False,False,normal
20220602NCHH02022,2022-06-02,NC,HH,NC,한화,RESULT,11회말,False,False,normal
20220602SSWO02022,2022-06-02,SS,WO,삼성,키움,RESULT,9회말,False,False,normal
20220603HTKT02022,2022-06-03,HT,KT,KIA,KT,RESULT,9회초,False,False,normal
20220603LTNC02022,2022-06-03,LT,NC,롯데,NC,RESULT,9회초,False,False,normal
20220603OBSS02022,2022-06-03,OB,SS,두산,삼성,RESULT,9회초,False,False,normal
20220603SKLG02022,2022-06-03,SK,LG,SSG,LG,RESULT,9회초,False,False,normal
20220603WOHH02022,2022-06-03,WO,HH,키움,한화,RESULT,9회초,False,False,normal
20220604HTKT02022,2022-06-04,HT,KT,KIA,KT,RESULT,9회초,False,False,normal
20220604LTNC02022,2022-06-04,LT,NC,롯데,NC,RESULT,9회말,False,False,normal
20220604OBSS02022,2022-06-04,OB,SS,두산,삼성,RESULT,9회말,False,False,normal
20220604SKLG02022,2022-06-04,SK,LG,SSG,LG,RESULT,9회초,False,False,normal
20220604WOHH02022,2022-06-04,WO,HH,키움,한화,RESULT,10회말,False,False,normal
20220605HTKT02022,2022-06-05,HT,KT,KIA,KT,RESULT,12회말,False,False,normal
20220605LTNC02022,2022-06-05,LT,NC,롯데,NC,BEFORE,경기취소,True,False,cancelled
20220605OBSS02022,2022-06-05,OB,SS,두산,삼성,BEFORE,경기취소,True,False,cancelled
20220605SKLG02022,2022-06-05,SK,LG,SSG,LG,RESULT,9회말,False,False,normal
20220605WOHH02022,2022-06-05,WO,HH,키움,한화,BEFORE,경기취소,True,False,cancelled
20220607HHOB02022,2022-06-07,HH,OB,한화,두산,RESULT,9회초,False,False,normal
20220607KTWO02022,2022-06-07,KT,WO,KT,키움,RESULT,9회초,False,False,normal
20220607LGHT02022,2022-06-07,LG,HT,LG,KIA,BEFORE,경기취소,True,False,cancelled
20220607SKNC02022,2022-06-07,SK,NC,SSG,NC,RESULT,9회초,False,False,normal
20220607SSLT02022,2022-06-07,SS,LT,삼성,롯데,RESULT,11회말,False,False,normal
20220608HHOB02022,2022-06-08,HH,OB,한화,두산,RESULT,9회말,False,False,normal
20220608KTWO02022,2022-06-08,KT,WO,KT,키움,RESULT,12회말,False,False,normal
20220608LGHT02022,2022-06-08,LG,HT,LG,KIA,RESULT,9회말,False,False,normal
20220608SKNC02022,2022-06-08,SK,NC,SSG,NC,RESULT,12회말,False,False,normal
20220608SSLT02022,2022-06-08,SS,LT,삼성,롯데,RESULT,9회말,False,False,normal
20220609HHOB02022,2022-06-09,HH,OB,한화,두산,RESULT,9회초,False,False,normal
20220609KTWO02022,2022-06-09,KT,WO,KT,키움,RESULT,9회말,False,False,normal
20220609LGHT02022,2022-06-09,LG,HT,LG,KIA,RESULT,9회초,False,False,normal
20220609SKNC02022,2022-06-09,SK,NC,SSG,NC,RESULT,9회말,False,False,normal
20220609SSLT02022,2022-06-09,SS,LT,삼성,롯데,RESULT,11회말,False,False,normal
20220610HHSK02022,2022-06-10,HH,SK,한화,SSG,RESULT,9회초,False,False,normal
20220610KTLT02022,2022-06-10,KT,LT,KT,롯데,RESULT,9회말,False,False,normal
20220610NCSS02022,2022-06-10,NC,SS,NC,삼성,RESULT,9회말,False,False,normal
20220610OBLG02022,2022-06-10,OB,LG,두산,LG,RESULT,9회초,False,False,normal
20220610WOHT02022,2022-06-10,WO,HT,키움,KIA,RESULT,9회말,False,False,normal
20220611HHSK02022,2022-06-11,HH,SK,한화,SSG,RESULT,9회초,False,False,normal
20220611KTLT02022,2022-06-11,KT,LT,KT,롯데,RESULT,9회말,False,False,normal
20220611NCSS02022,2022-06-11,NC,SS,NC,삼성,RESULT,11회말,False,False,normal
20220611OBLG02022,2022-06-11,OB,LG,두산,LG,RESULT,9회말,False,False,normal
20220611WOHT02022,2022-06-11,WO,HT,키움,KIA,RESULT,9회초,False,False,normal
20220612HHSK02022,2022-06-12,HH,SK,한화,SSG,RESULT,9회초,False,False,normal
20220612KTLT02022,2022-06-12,KT,LT,KT,롯데,RESULT,9회초,False,False,normal
20220612NCSS02022,2022-06-12,NC,SS,NC,삼성,RESULT,9회초,False,False,normal
20220612OBLG02022,2022-06-12,OB,LG,두산,LG,RESULT,9회초,False,False,normal
20220612WOHT02022,2022-06-12,WO,HT,키움,KIA,RESULT,9회말,False,False,normal
20220614HTNC02022,2022-06-14,HT,NC,KIA,NC,BEFORE,경기취소,True,False,cancelled
20220614LTHH02022,2022-06-14,LT,HH,롯데,한화,BEFORE,경기취소,True,False,cancelled
20220614OBWO02022,2022-06-14,OB,WO,두산,키움,RESULT,9회초,False,False,normal
20220614SKKT02022,2022-06-14,SK,KT,SSG,KT,RESULT,9회초,False,False,normal
20220614SSLG02022,2022-06-14,SS,LG,삼성,LG,RESULT,9회초,False,False,normal
20220615HTNC02022,2022-06-15,HT,NC,KIA,NC,RESULT,9회초,False,False,normal
20220615LTHH02022,2022-06-15,LT,HH,롯데,한화,RESULT,9회말,False,False,normal
20220615OBWO02022,2022-06-15,OB,WO,두산,키움,RESULT,9회말,False,False,normal
20220615SKKT02022,2022-06-15,SK,KT,SSG,KT,RESULT,9회초,False,False,normal
20220615SSLG02022,2022-06-15,SS,LG,삼성,LG,RESULT,9회말,False,False,normal
20220616HTNC02022,2022-06-16,HT,NC,KIA,NC,RESULT,9회말,False,False,normal
20220616LTHH02022,2022-06-16,LT,HH,롯데,한화,RESULT,9회말,False,False,normal
20220616OBWO02022,2022-06-16,OB,WO,두산,키움,RESULT,9회초,False,False,normal
20220616SKKT02022,2022-06-16,SK,KT,SSG,KT,RESULT,9회말,False,False,normal
20220616SSLG02022,2022-06-16,SS,LG,삼성,LG,RESULT,9회초,False,False,normal
20220617HHNC02022,2022-06-17,HH,NC,한화,NC,RESULT,12회말,False,False,normal
20220617KTOB02022,2022-06-17,KT,OB,KT,두산,RESULT,9회말,False,False,normal
20220617LGWO02022,2022-06-17,LG,WO,LG,키움,RESULT,10회말,False,False,normal
20220617SKLT02022,2022-06-17,SK,LT,SSG,롯데,RESULT,9회말,False,False,normal
20220617SSHT02022,2022-06-17,SS,HT,삼성,KIA,RESULT,9회초,False,False,normal
20220618HHNC02022,2022-06-18,HH,NC,한화,NC,RESULT,9회말,False,False,normal
20220618KTOB02022,2022-06-18,KT,OB,KT,두산,RESULT,9회초,False,False,normal
20220618LGWO02022,2022-06-18,LG,WO,LG,키움,RESULT,9회초,False,False,normal
20220618SKLT02022,2022-06-18,SK,LT,SSG,롯데,RESULT,9회말,False,False,normal
20220618SSHT02022,2022-06-18,SS,HT,삼성,KIA,RESULT,9회말,False,False,normal
20220619HHNC02022,2022-06-19,HH,NC,한화,NC,RESULT,9회초,False,False,normal
20220619KTOB02022,2022-06-19,KT,OB,KT,두산,RESULT,9회말,False,False,normal
20220619LGWO02022,2022-06-19,LG,WO,LG,키움,RESULT,10회말,False,False,normal
20220619SKLT02022,2022-06-19,SK,LT,SSG,롯데,RESULT,9회초,False,False,normal
20220619SSHT02022,2022-06-19,SS,HT,삼성,KIA,RESULT,9회말,False,False,normal
20220621HHLG02022,2022-06-21,HH,LG,한화,LG,RESULT,9회초,False,False,normal
20220621LTHT02022,2022-06-21,LT,HT,롯데,KIA,RESULT,9회초,False,False,normal
20220621NCKT02022,2022-06-21,NC,KT,NC,KT,RESULT,9회초,False,False,normal
20220621OBSK02022,2022-06-21,OB,SK,두산,SSG,RESULT,9회말,False,False,normal
20220621WOSS02022,2022-06-21,WO,SS,키움,삼성,RESULT,9회말,False,False,normal
20220622HHLG02022,2022-06-22,HH,LG,한화,LG,RESULT,9회초,False,False,normal
20220622LTHT02022,2022-06-22,LT,HT,롯데,KIA,RESULT,10회말,False,False,normal
20220622NCKT02022,2022-06-22,NC,KT,NC,KT,RESULT,9회말,False,False,normal
20220622OBSK02022,2022-06-22,OB,SK,두산,SSG,RESULT,10회말,False,False,normal
20220622WOSS02022,2022-06-22,WO,SS,키움,삼성,RESULT,9회말,False,False,normal
20220623HHLG02022,2022-06-23,HH,LG,한화,LG,BEFORE,경기취소,True,False,cancelled
20220623LTHT02022,2022-06-23,LT,HT,롯데,KIA,RESULT,9회초,False,False,normal
20220623NCKT02022,2022-06-23,NC,KT,NC,KT,BEFORE,경기취소,True,False,cancelled
20220623OBSK02022,2022-06-23,OB,SK,두산,SSG,BEFORE,경기취소,True,False,cancelled
20220623WOSS02022,2022-06-23,WO,SS,키움,삼성,RESULT,9회말,False,False,normal
20220624HTOB02022,2022-06-24,HT,OB,KIA,두산,RESULT,9회말,False,False,normal
20220624LGKT02022,2022-06-24,LG,KT,LG,KT,RESULT,9회초,False,False,normal
20220624NCSK02022,2022-06-24,NC,SK,NC,SSG,RESULT,9회초,False,False,normal
20220624SSHH02022,2022-06-24,SS,HH,삼성,한화,RESULT,9회초,False,False,normal
20220624WOLT02022,2022-06-24,WO,LT,키움,롯데,RESULT,9회초,False,False,normal
20220625HTOB02022,2022-06-25,HT,OB,KIA,두산,RESULT,9회말,False,False,normal
20220625LGKT02022,2022-06-25,LG,KT,LG,KT,RESULT,9회말,False,False,normal
20220625NCSK02022,2022-06-25,NC,SK,NC,SSG,RESULT,9회초,False,False,normal
20220625SSHH02022,2022-06-25,SS,HH,삼성,한화,RESULT,9회말,False,False,normal
20220625WOLT02022,2022-06-25,WO,LT,키움,롯데,RESULT,9회말,False,False,normal
20220626HTOB02022,2022-06-26,HT,OB,KIA,두산,RESULT,9회초,False,False,normal
20220626LGKT02022,2022-06-26,LG,KT,LG,KT,RESULT,9회말,False,False,normal
20220626NCSK02022,2022-06-26,NC,SK,NC,SSG,RESULT,9회초,False,False,normal
20220626SSHH02022,2022-06-26,SS,HH,삼성,한화,RESULT,9회말,False,False,normal
20220626WOLT02022,2022-06-26,WO,LT,키움,롯데,RESULT,9회말,False,False,normal
20220628HTWO02022,2022-06-28,HT,WO,KIA,키움,RESULT,9회초,False,False,normal
20220628KTSS02022,2022-06-28,KT,SS,KT,삼성,RESULT,9회말,False,False,normal
20220628NCLG02022,2022-06-28,NC,LG,NC,LG,RESULT,9회초,False,False,normal
20220628OBLT02022,2022-06-28,OB,LT,두산,롯데,RESULT,8회초,False,False,called
20220628SKHH02022,2022-06-28,SK,HH,SSG,한화,RESULT,9회초,False,False,normal
20220629HTWO02022,2022-06-29,HT,WO,KIA,키움,RESULT,9회초,False,False,normal
20220629KTSS02022,2022-06-29,KT,SS,KT,삼성,RESULT,9회초,False,False,normal
20220629NCLG02022,2022-06-29,NC,LG,NC,LG,BEFORE,경기취소,True,False,cancelled
20220629OBLT02022,2022-06-29,OB,LT,두산,롯데,BEFORE,경기취소,True,False,cancelled
20220629SKHH02022,2022-06-29,SK,HH,SSG,한화,RESULT,9회말,False,False,normal
20220630HTWO02022,2022-06-30,HT,WO,KIA,키움,RESULT,9회초,False,False,normal
20220630KTSS02022,2022-06-30,KT,SS,KT,삼성,RESULT,9회말,False,False,normal
20220630NCLG02022,2022-06-30,NC,LG,NC,LG,BEFORE,경기취소,True,False,cancelled
20220630OBLT02022,2022-06-30,OB,LT,두산,롯데,RESULT,9회초,False,False,normal
20220630SKHH02022,2022-06-30,SK,HH,SSG,한화,BEFORE,경기취소,True,False,cancelled
20220701HHWO02022,2022-07-01,HH,WO,한화,키움,RESULT,9회초,False,False,normal
20220701HTSK02022,2022-07-01,HT,SK,KIA,SSG,RESULT,9회말,False,False,normal
20220701LTLG02022,2022-07-01,LT,LG,롯데,LG,RESULT,9회초,False,False,normal
20220701OBKT02022,2022-07-01,OB,KT,두산,KT,RESULT,9회초,False,False,normal
20220701SSNC02022,2022-07-01,SS,NC,삼성,NC,BEFORE,경기취소,True,False,cancelled
20220702HHWO02022,2022-07-02,HH,WO,한화,키움,RESULT,9회초,False,False,normal
20220702HTSK02022,2022-07-02,HT,SK,KIA,SSG,RESULT,9회초,False,False,normal
20220702LTLG02022,2022-07-02,LT,LG,롯데,LG,RESULT,9회말,False,False,normal
20220702OBKT02022,2022-07-02,OB,KT,두산,KT,RESULT,9회초,False,False,normal
20220702SSNC02022,2022-07-02,SS,NC,삼성,NC,RESULT,9회초,False,False,normal
20220703HHWO02022,2022-07-03,HH,WO,한화,키움,RESULT,9회초,False,False,normal
20220703HTSK02022,2022-07-03,HT,SK,KIA,SSG,RESULT,9회초,False,False,normal
20220703LTLG02022,2022-07-03,LT,LG,롯데,LG,RESULT,9회초,False,False,normal
20220703OBKT02022,2022-07-03,OB,KT,두산,KT,RESULT,9회초,False,False,normal
20220703SSNC02022,2022-07-03,SS,NC,삼성,NC,RESULT,9회초,False,False,normal
20220705KTHT02022,2022-07-05,KT,HT,KT,KIA,BEFORE,경기취소,True,False,cancelled
20220705LGSS02022,2022-07-05,LG,SS,LG,삼성,RESULT,9회말,False,False,normal
20220705LTSK02022,2022-07-05,LT,SK,롯데,SSG,RESULT,9회말,False,False,normal
20220705NCHH02022,2022-07-05,NC,HH,NC,한화,RESULT,10회말,False,False,normal
20220705WOOB02022,2022-07-05,WO,OB,키움,두산,RESULT,9회말,False,False,normal
20220706KTHT02022,2022-07-06,KT,HT,KT,KIA,RESULT,9회말,False,False,normal
20220706LGSS02022,2022-07-06,LG,SS,LG,삼성,RESULT,9회말,False,False,normal
20220706LTSK02022,2022-07-06,LT,SK,롯데,SSG,RESULT,9회말,False,False,normal
20220706NCHH02022,2022-07-06,NC,HH,NC,한화,RESULT,9회말,False,False,normal
20220706WOOB02022,2022-07-06,WO,OB,키움,두산,RESULT,9회초,False,False,normal
20220707KTHT02022,2022-07-07,KT,HT,KT,KIA,BEFORE,경기취소,True,False,cancelled
20220707LGSS02022,2022-07-07,LG,SS,LG,삼성,RESULT,9회말,False,False,normal
20220707LTSK02022,2022-07-07,LT,SK,롯데,SSG,RESULT,9회초,False,False,normal
20220707NCHH02022,2022-07-07,NC,HH,NC,한화,RESULT,9회초,False,False,normal
20220707WOOB02022,2022-07-07,WO,OB,키움,두산,RESULT,9회초,False,False,normal
20220708HHHT02022,2022-07-08,HH,HT,한화,KIA,RESULT,9회초,False,False,normal
20220708LGOB02022,2022-07-08,LG,OB,LG,두산,RESULT,9회말,False,False,normal
20220708LTKT02022,2022-07-08,LT,KT,롯데,KT,RESULT,9회초,False,False,normal
20220708NCWO02022,2022-07-08,NC,WO,NC,키움,RESULT,9회초,False,False,normal
20220708SKSS02022,2022-07-08,SK,SS,SSG,삼성,RESULT,9회말,False,False,normal
20220709HHHT02022,2022-07-09,HH,HT,한화,KIA,RESULT,9회초,False,False,normal
20220709LGOB02022,2022-07-09,LG,OB,LG,두산,RESULT,9회말,False,False,normal
20220709LTKT02022,2022-07-09,LT,KT,롯데,KT,RESULT,9회초,False,False,normal
20220709NCWO02022,2022-07-09,NC,WO,NC,키움,RESULT,9회초,False,False,normal
20220709SKSS02022,2022-07-09,SK,SS,SSG,삼성,RESULT,10회말,False,False,normal
20220710HHHT02022,2022-07-10,HH,HT,한화,KIA,RESULT,9회초,False,False,normal
20220710LGOB02022,2022-07-10,LG,OB,LG,두산,RESULT,9회말,False,False,normal
20220710LTKT02022,2022-07-10,LT,KT,롯데,KT,RESULT,9회말,False,False,normal
20220710NCWO02022,2022-07-10,NC,WO,NC,키움,RESULT,9회초,False,False,normal
20220710SKSS02022,2022-07-10,SK,SS,SSG,삼성,RESULT,9회말,False,False,normal
20220712HHLT02022,2022-07-12,HH,LT,한화,롯데,RESULT,9회초,False,False,normal
20220712HTLG02022,2022-07-12,HT,LG,KIA,LG,RESULT,9회말,False,False,normal
20220712OBNC02022,2022-07-12,OB,NC,두산,NC,RESULT,11회말,False,False,normal
20220712SSKT02022,2022-07-12,SS,KT,삼성,KT,RESULT,9회말,False,False,normal
20220712WOSK02022,2022-07-12,WO,SK,키움,SSG,RESULT,9회초,False,False,normal
20220713HHLT02022,2022-07-13,HH,LT,한화,롯데,RESULT,9회초,False,False,normal
20220713HTLG02022,2022-07-13,HT,LG,KIA,LG,BEFORE,경기취소,True,False,cancelled
20220713OBNC02022,2022-07-13,OB,NC,두산,NC,RESULT,9회초,False,False,normal
20220713SSKT02022,2022-07-13,SS,KT,삼성,KT,BEFORE,경기취소,True,False,cancelled
20220713WOSK02022,2022-07-13,WO,SK,키움,SSG,BEFORE,경기취소,True,False,cancelled
20220714HHLT02022,2022-07-14,HH,LT,한화,롯데,RESULT,9회초,False,False,normal
20220714HTLG02022,2022-07-14,HT,LG,KIA,LG,RESULT,9회초,False,False,normal
20220714OBNC02022,2022-07-14,OB,NC,두산,NC,RESULT,9회말,False,False,normal
20220714SSKT02022,2022-07-14,SS,KT,삼성,KT,RESULT,9회초,False,False,normal
20220714WOSK02022,2022-07-14,WO,SK,키움,SSG,RESULT,9회초,False,False,normal
20220722HTLT02022,2022-07-22,HT,LT,KIA,롯데,RESULT,9회말,False,False,normal
20220722KTHH02022,2022-07-22,KT,HH,KT,한화,RESULT,9회초,False,False,normal
20220722LGNC02022,2022-07-22,LG,NC,LG,NC,RESULT,9회초,False,False,normal
20220722SKOB02022,2022-07-22,SK,OB,SSG,두산,RESULT,12회말,False,False,normal
20220722SSWO02022,2022-07-22,SS,WO,삼성,키움,RESULT,11회말,False,False,normal
20220723HTLT02022,2022-07-23,HT,LT,KIA,롯데,RESULT,9회말,False,False,normal
20220723KTHH02022,2022-07-23,KT,HH,KT,한화,RESULT,8회초,False,False,called
20220723LGNC02022,2022-07-23,LG,NC,LG,NC,RESULT,9회말,False,False,normal
20220723SKOB02022,2022-07-23,SK,OB,SSG,두산,BEFORE,경기취소,True,False,cancelled
20220723SSWO02022,2022-07-23,SS,WO,삼성,키움,RESULT,9회초,False,False,normal
20220724HTLT02022,2022-07-24,HT,LT,KIA,롯데,RESULT,9회말,False,False,normal
20220724KTHH02022,2022-07-24,KT,HH,KT,한화,RESULT,9회말,False,False,normal
20220724LGNC02022,2022-07-24,LG,NC,LG,NC,RESULT,9회초,False,False,normal
20220724SKOB02022,2022-07-24,SK,OB,SSG,두산,RESULT,9회말,False,False,normal
20220724SSWO02022,2022-07-24,SS,WO,삼성,키움,RESULT,9회말,False,False,normal
20220726HHSS02022,2022-07-26,HH,SS,한화,삼성,RESULT,9회말,False,False,normal
20220726LGSK02022,2022-07-26,LG,SK,LG,SSG,RESULT,9회말,False,False,normal
20220726LTOB02022,2022-07-26,LT,OB,롯데,두산,RESULT,9회초,False,False,normal
20220726NCHT02022,2022-07-26,NC,HT,NC,KIA,RESULT,9회말,False,False,normal
20220726WOKT02022,2022-07-26,WO,KT,키움,KT,RESULT,9회말,False,False,normal
20220727HHSS02022,2022-07-27,HH,SS,한화,삼성,RESULT,9회초,False,False,normal
20220727LGSK02022,2022-07-27,LG,SK,LG,SSG,RESULT,9회초,False,False,normal
20220727LTOB02022,2022-07-27,LT,OB,롯데,두산,RESULT,9회초,False,False,normal
20220727NCHT02022,2022-07-27,NC,HT,NC,KIA,RESULT,9회초,False,False,normal
20220727WOKT02022,2022-07-27,WO,KT,키움,KT,RESULT,9회말,False,False,normal
20220728HHSS02022,2022-07-28,HH,SS,한화,삼성,RESULT,12회말,False,False,normal
20220728LGSK02022,2022-07-28,LG,SK,LG,SSG,RESULT,9회말,False,False,normal
20220728LTOB02022,2022-07-28,LT,OB,롯데,두산,RESULT,9회초,False,False,normal
20220728NCHT02022,2022-07-28,NC,HT,NC,KIA,RESULT,9회말,False,False,normal
20220728WOKT02022,2022-07-28,WO,KT,키움,KT,RESULT,9회초,False,False,normal
20220729KTLG02022,2022-07-29,KT,LG,KT,LG,RESULT,9회말,False,False,normal
20220729LTSS02022,2022-07-29,LT,SS,롯데,삼성,RESULT,10회말,False,False,normal
20220729OBHH02022,2022-07-29,OB,HH,두산,한화,RESULT,9회말,False,False,normal
20220729SKHT02022,2022-07-29,SK,HT,SSG,KIA,RESULT,9회초,False,False,normal
20220729WONC02022,2022-07-29,WO,NC,키움,NC,RESULT,9회초,False,False,normal
20220730KTLG02022,2022-07-30,KT,LG,KT,LG,RESULT,10회말,False,False,normal
20220730LTSS02022,2022-07-30,LT,SS,롯데,삼성,RESULT,9회말,False,False,normal
20220730OBHH02022,2022-07-30,OB,HH,두산,한화,RESULT,9회초,False,False,normal
20220730SKHT02022,2022-07-30,SK,HT,SSG,KIA,RESULT,9회말,False,False,normal
20220730WONC02022,2022-07-30,WO,NC,키움,NC,RESULT,12회말,False,False,normal
20220731KTLG02022,2022-07-31,KT,LG,KT,LG,BEFORE,경기취소,True,False,cancelled
20220731LTSS02022,2022-07-31,LT,SS,롯데,삼성,RESULT,12회말,False,False,normal
20220731OBHH02022,2022-07-31,OB,HH,두산,한화,BEFORE,경기취소,True,False,cancelled
20220731SKHT02022,2022-07-31,SK,HT,SSG,KIA,RESULT,9회말,False,False,normal
20220731WONC02022,2022-07-31,WO,NC,키움,NC,BEFORE,경기취소,True,False,cancelled
20220802HTHH02022,2022-08-02,HT,HH,KIA,한화,RESULT,9회말,False,False,normal
20220802KTNC02022,2022-08-02,KT,NC,KT,NC,BEFORE,경기취소,True,False,cancelled
20220802LGLT02022,2022-08-02,LG,LT,LG,롯데,RESULT,9회초,False,False,normal
20220802SKWO02022,2022-08-02,SK,WO,SSG,키움,RESULT,9회말,False,False,normal
20220802SSOB02022,2022-08-02,SS,OB,삼성,두산,BEFORE,경기취소,True,False,cancelled
20220803HTHH02022,2022-08-03,HT,HH,KIA,한화,RESULT,10회말,False,False,normal
20220803KTNC02022,2022-08-03,KT,NC,KT,NC,RESULT,9회말,False,False,normal
20220803LGLT02022,2022-08-03,LG,LT,LG,롯데,RESULT,9회말,False,False,normal
20220803SKWO02022,2022-08-03,SK,WO,SSG,키움,RESULT,9회초,False,False,normal
20220803SSOB02022,2022-08-03,SS,OB,삼성,두산,RESULT,9회초,False,False,normal
20220804HTHH02022,2022-08-04,HT,HH,KIA,한화,RESULT,9회초,False,False,normal
20220804KTNC02022,2022-08-04,KT,NC,KT,NC,RESULT,9회말,False,False,normal
20220804LGLT02022,2022-08-04,LG,LT,LG,롯데,RESULT,9회말,False,False,normal
20220804SKWO02022,2022-08-04,SK,WO,SSG,키움,RESULT,10회말,False,False,normal
20220804SSOB02022,2022-08-04,SS,OB,삼성,두산,RESULT,9회말,False,False,normal
20220805HHKT02022,2022-08-05,HH,KT,한화,KT,RESULT,9회초,False,False,normal
20220805NCLT02022,2022-08-05,NC,LT,NC,롯데,RESULT,9회초,False,False,normal
20220805OBHT02022,2022-08-05,OB,HT,두산,KIA,RESULT,9회말,False,False,normal
20220805SSSK02022,2022-08-05,SS,SK,삼성,SSG,RESULT,10회말,False,False,normal
20220805WOLG02022,2022-08-05,WO,LG,키움,LG,RESULT,9회말,False,False,normal
20220806HHKT02022,2022-08-06,HH,KT,한화,KT,RESULT,9회초,False,False,normal
20220806NCLT02022,2022-08-06,NC,LT,NC,롯데,RESULT,9회말,False,False,normal
20220806OBHT02022,2022-08-06,OB,HT,두산,KIA,RESULT,9회말,False,False,normal
20220806SSSK02022,2022-08-06,SS,SK,삼성,SSG,RESULT,11회말,False,False,normal
20220806WOLG02022,2022-08-06,WO,LG,키움,LG,RESULT,9회초,False,False,normal
20220807HHKT02022,2022-08-07,HH,KT,한화,KT,RESULT,11회말,False,False,normal
20220807NCLT02022,2022-08-07,NC,LT,NC,롯데,RESULT,9회말,False,False,normal
20220807OBHT02022,2022-08-07,OB,HT,두산,KIA,RESULT,10회말,False,False,normal
20220807SSSK02022,2022-08-07,SS,SK,삼성,SSG,RESULT,9회초,False,False,normal
20220807WOLG02022,2022-08-07,WO,LG,키움,LG,RESULT,9회초,False,False,normal
20220810HTSS02022,2022-08-10,HT,SS,KIA,삼성,RESULT,10회말,False,False,normal
20220810KTSK02022,2022-08-10,KT,SK,KT,SSG,RESULT,9회초,False,False,normal
20220810LGHH02022,2022-08-10,LG,HH,LG,한화,BEFORE,경기취소,True,False,cancelled
20220810LTWO02022,2022-08-10,LT,WO,롯데,키움,RESULT,9회말,False,False,normal
20220810NCOB02022,2022-08-10,NC,OB,NC,두산,RESULT,9회말,False,False,normal
20220811HTSS02022,2022-08-11,HT,SS,KIA,삼성,BEFORE,경기취소,True,False,cancelled
20220811KTSK02022,2022-08-11,KT,SK,KT,SSG,RESULT,9회초,False,False,normal
20220811LGHH02022,2022-08-11,LG,HH,LG,한화,BEFORE,경기취소,True,False,cancelled
20220811LTWO02022,2022-08-11,LT,WO,롯데,키움,RESULT,9회말,False,False,normal
20220811NCOB02022,2022-08-11,NC,OB,NC,두산,RESULT,9회말,False,False,normal
20220812HTSS02022,2022-08-12,HT,SS,KIA,삼성,RESULT,9회초,False,False,normal
20220812KTSK02022,2022-08-12,KT,SK,KT,SSG,RESULT,9회말,False,False,normal
20220812LGHH02022,2022-08-12,LG,HH,LG,한화,RESULT,9회말,False,False,normal
20220812LTWO02022,2022-08-12,LT,WO,롯데,키움,RESULT,9회말,False,False,normal
20220812NCOB02022,2022-08-12,NC,OB,NC,두산,RESULT,9회초,False,False,normal
20220813LGNC02022,2022-08-13,LG,NC,LG,NC,BEFORE,경기취소,True,False,cancelled
20220813LTHT02022,2022-08-13,LT,HT,롯데,KIA,RESULT,9회초,False,False,normal
20220813SKOB02022,2022-08-13,SK,OB,SSG,두산,RESULT,9회말,False,False,normal
20220813SSKT02022,2022-08-13,SS,KT,삼성,KT,RESULT,9회초,False,False,normal
20220813WOHH02022,2022-08-13,WO,HH,키움,한화,RESULT,9회말,False,False,normal
20220814LGNC02022,2022-08-14,LG,NC,LG,NC,RESULT,9회초,False,False,normal
20220814LTHT02022,2022-08-14,LT,HT,롯데,KIA,RESULT,9회말,False,False,normal
20220814SKOB02022,2022-08-14,SK,OB,SSG,두산,RESULT,10회말,False,False,normal
20220814SSKT02022,2022-08-14,SS,KT,삼성,KT,RESULT,10회말,False,False,normal
20220814WOHH02022,2022-08-14,WO,HH,키움,한화,RESULT,9회말,False,False,normal
20220816HHNC02022,2022-08-16,HH,NC,한화,NC,BEFORE,경기취소,True,False,cancelled
20220816OBLT02022,2022-08-16,OB,LT,두산,롯데,BEFORE,경기취소,True,False,cancelled
20220816SKHT02022,2022-08-16,SK,HT,SSG,KIA,BEFORE,경기취소,True,False,cancelled
20220816SSLG02022,2022-08-16,SS,LG,삼성,LG,RESULT,9회초,False,False,normal
20220816WOKT02022,2022-08-16,WO,KT,키움,KT,RESULT,9회말,False,False,normal
20220817HHNC02022,2022-08-17,HH,NC,한화,NC,RESULT,9회초,False,False,normal
20220817OBLT02022,2022-08-17,OB,LT,두산,롯데,RESULT,9회초,False,False,normal
20220817SKHT02022,2022-08-17,SK,HT,SSG,KIA,RESULT,9회초,False,False,normal
20220817SSLG02022,2022-08-17,SS,LG,삼성,LG,RESULT,9회초,False,False,normal
20220817WOKT02022,2022-08-17,WO,KT,키움,KT,RESULT,9회말,False,False,normal
20220818KTLT02022,2022-08-18,KT,LT,KT,롯데,RESULT,9회초,False,False,normal
20220818LGSK02022,2022-08-18,LG,SK,LG,SSG,RESULT,9회말,False,False,normal
20220818NCHT02022,2022-08-18,NC,HT,NC,KIA,RESULT,11회말,False,False,normal
20220818SSHH02022,2022-08-18,SS,HH,삼성,한화,RESULT,9회말,False,False,normal
20220818WOOB02022,2022-08-18,WO,OB,키움,두산,RESULT,9회초,False,False,normal
20220819KTLT02022,2022-08-19,KT,LT,KT,롯데,RESULT,9회말,False,False,normal
20220819LGSK02022,2022-08-19,LG,SK,LG,SSG,BEFORE,경기취소,True,False,cancelled
20220819NCHT02022,2022-08-19,NC,HT,NC,KIA,RESULT,10회말,False,False,normal
20220819SSHH02022,2022-08-19,SS,HH,삼성,한화,RESULT,9회말,False,False,normal
20220819WOOB02022,2022-08-19,WO,OB,키움,두산,BEFORE,경기취소,True,False,cancelled
20220820HHLT02022,2022-08-20,HH,LT,한화,롯데,RESULT,9회말,False,False,normal
20220820HTKT02022,2022-08-20,HT,KT,KIA,KT,RESULT,9회말,False,False,normal
20220820NCSS02022,2022-08-20,NC,SS,NC,삼성,BEFORE,경기취소,True,False,cancelled
20220820OBLG02022,2022-08-20,OB,LG,두산,LG,RESULT,9회초,False,False,normal
20220820SKWO02022,2022-08-20,SK,WO,SSG,키움,RESULT,9회말,False,False,normal
20220821HHLT02022,2022-08-21,HH,LT,한화,롯데,RESULT,9회초,False,False,normal
20220821HTKT02022,2022-08-21,HT,KT,KIA,KT,RESULT,9회초,False,False,normal
20220821NCSS02022,2022-08-21,NC,SS,NC,삼성,RESULT,9회말,False,False,normal
20220821OBLG02022,2022-08-21,OB,LG,두산,LG,RESULT,9회말,False,False,normal
20220821SKWO02022,2022-08-21,SK,WO,SSG,키움,RESULT,9회말,False,False,normal
20220823HTWO02022,2022-08-23,HT,WO,KIA,키움,RESULT,9회말,False,False,normal
20220823KTOB02022,2022-08-23,KT,OB,KT,두산,RESULT,11회말,False,False,normal
20220823LGHH02022,2022-08-23,LG,HH,LG,한화,RESULT,9회초,False,False,normal
20220823LTNC02022,2022-08-23,LT,NC,롯데,NC,RESULT,9회말,False,False,normal
20220823SSSK02022,2022-08-23,SS,SK,삼성,SSG,RESULT,9회초,False,False,normal
20220824HTWO02022,2022-08-24,HT,WO,KIA,키움,RESULT,9회말,False,False,normal
20220824KTOB02022,2022-08-24,KT,OB,KT,두산,RESULT,9회말,False,False,normal
20220824LGHH02022,2022-08-24,LG,HH,LG,한화,RESULT,9회말,False,False,normal
20220824LTNC02022,2022-08-24,LT,NC,롯데,NC,RESULT,9회말,False,False,normal
20220824SSSK02022,2022-08-24,SS,SK,삼성,SSG,RESULT,9회초,False,False,normal
20220825HTLG02022,2022-08-25,HT,LG,KIA,LG,RESULT,9회말,False,False,normal
20220825OBHH02022,2022-08-25,OB,HH,두산,한화,RESULT,9회초,False,False,normal
20220825SKKT02022,2022-08-25,SK,KT,SSG,KT,RESULT,10회말,False,False,normal
20220825SSLT02022,2022-08-25,SS,LT,삼성,롯데,RESULT,9회말,False,False,normal
20220825WONC02022,2022-08-25,WO,NC,키움,NC,RESULT,9회말,False,False,normal
20220826HTLG02022,2022-08-26,HT,LG,KIA,LG,RESULT,9회초,False,False,normal
20220826OBHH02022,2022-08-26,OB,HH,두산,한화,RESULT,9회초,False,False,normal
20220826SKKT02022,2022-08-26,SK,KT,SSG,KT,RESULT,9회초,False,False,normal
20220826SSLT02022,2022-08-26,SS,LT,삼성,롯데,RESULT,9회초,False,False,normal
20220826WONC02022,2022-08-26,WO,NC,키움,NC,RESULT,9회말,False,False,normal
20220827HHSS02022,2022-08-27,HH,SS,한화,삼성,RESULT,9회초,False,False,normal
20220827KTNC02022,2022-08-27,KT,NC,KT,NC,RESULT,9회초,False,False,normal
20220827LTSK02022,2022-08-27,LT,SK,롯데,SSG,RESULT,9회초,False,False,normal
20220827OBHT02022,2022-08-27,OB,HT,두산,KIA,RESULT,9회말,False,False,normal
20220827WOLG02022,2022-08-27,WO,LG,키움,LG,RESULT,9회초,False,False,normal
20220828HHSS02022,2022-08-28,HH,SS,한화,삼성,RESULT,9회말,False,False,normal
20220828KTNC02022,2022-08-28,KT,NC,KT,NC,RESULT,9회초,False,False,normal
20220828LTSK02022,2022-08-28,LT,SK,롯데,SSG,RESULT,9회말,False,False,normal
20220828OBHT02022,2022-08-28,OB,HT,두산,KIA,RESULT,9회초,False,False,normal
20220828WOLG02022,2022-08-28,WO,LG,키움,LG,RESULT,9회초,False,False,normal
20220830HTHH02022,2022-08-30,HT,HH,KIA,한화,BEFORE,경기취소,True,False,cancelled
20220830LTWO02022,2022-08-30,LT,WO,롯데,키움,RESULT,9회초,False,False,normal
20220830NCLG02022,2022-08-30,NC,LG,NC,LG,BEFORE,경기취소,True,False,cancelled
20220830OBKT02022,2022-08-30,OB,KT,두산,KT,BEFORE,경기취소,True,False,cancelled
20220830SKSS02022,2022-08-30,SK,SS,SSG,삼성,BEFORE,경기취소,True,False,cancelled
20220831HTHH02022,2022-08-31,HT,HH,KIA,한화,RESULT,9회말,False,False,normal
20220831LTWO02022,2022-08-31,LT,WO,롯데,키움,RESULT,9회초,False,False,normal
20220831NCLG02022,2022-08-31,NC,LG,NC,LG,RESULT,9회초,False,False,normal
20220831OBKT02022,2022-08-31,OB,KT,두산,KT,RESULT,9회초,False,False,normal
20220831SKSS02022,2022-08-31,SK,SS,SSG,삼성,RESULT,9회말,False,False,normal
20220901HHWO02022,2022-09-01,HH,WO,한화,키움,RESULT,9회초,False,False,normal
20220901LGKT02022,2022-09-01,LG,KT,LG,KT,RESULT,9회말,False,False,normal
20220901LTOB02022,2022-09-01,LT,OB,롯데,두산,RESULT,9회말,False,False,normal
20220901NCSK02022,2022-09-01,NC,SK,NC,SSG,RESULT,9회말,False,False,normal
20220901SSHT02022,2022-09-01,SS,HT,삼성,KIA,RESULT,9회말,False,False,normal
20220902HHWO02022,2022-09-02,HH,WO,한화,키움,RESULT,9회초,False,False,normal
20220902LGKT02022,2022-09-02,LG,KT,LG,KT,RESULT,9회말,False,False,normal
20220902LTOB02022,2022-09-02,LT,OB,롯데,두산,RESULT,9회말,False,False,normal
20220902NCSK02022,2022-09-02,NC,SK,NC,SSG,RESULT,9회초,False,False,normal
20220902SSHT02022,2022-09-02,SS,HT,삼성,KIA,RESULT,9회초,False,False,normal
20220903KTHT02022,2022-09-03,KT,HT,KT,KIA,RESULT,9회말,False,False,normal
20220903LGLT02022,2022-09-03,LG,LT,LG,롯데,BEFORE,경기취소,True,False,cancelled
20220903NCHH02022,2022-09-03,NC,HH,NC,한화,RESULT,9회초,False,False,normal
20220903SSOB02022,2022-09-03,SS,OB,삼성,두산,RESULT,9회말,False,False,normal
20220903WOSK02022,2022-09-03,WO,SK,키움,SSG,RESULT,9회말,False,False,normal
20220904KTHT02022,2022-09-04,KT,HT,KT,KIA,RESULT,9회말,False,False,normal
20220904LGLT02022,2022-09-04,LG,LT,LG,롯데,RESULT,9회말,False,False,normal
20220904NCHH02022,2022-09-04,NC,HH,NC,한화,RESULT,9회초,False,False,normal
20220904SSOB02022,2022-09-04,SS,OB,삼성,두산,BEFORE,경기취소,True,False,cancelled
20220904WOSK02022,2022-09-04,WO,SK,키움,SSG,BEFORE,경기취소,True,False,cancelled
20220906HHKT02022,2022-09-06,HH,KT,한화,KT,RESULT,9회말,False,False,normal
20220906HTLT02022,2022-09-06,HT,LT,KIA,롯데,RESULT,9회초,False,False,normal
20220906OBNC02022,2022-09-06,OB,NC,두산,NC,RESULT,9회초,False,False,normal
20220906SKLG02022,2022-09-06,SK,LG,SSG,LG,RESULT,9회말,False,False,normal
20220906WOSS02022,2022-09-06,WO,SS,키움,삼성,RESULT,9회초,False,False,normal
20220907HHKT02022,2022-09-07,HH,KT,한화,KT,RESULT,9회초,False,False,normal
20220907HTLT02022,2022-09-07,HT,LT,KIA,롯데,RESULT,9회말,False,False,normal
20220907OBNC02022,2022-09-07,OB,NC,두산,NC,RESULT,9회초,False,False,normal
20220907SKLG02022,2022-09-07,SK,LG,SSG,LG,RESULT,12회말,False,False,normal
20220907WOSS02022,2022-09-07,WO,SS,키움,삼성,RESULT,9회말,False,False,normal
20220908HHOB02022,2022-09-08,HH,OB,한화,두산,RESULT,9회말,False,False,normal
20220908HTSK02022,2022-09-08,HT,SK,KIA,SSG,RESULT,9회말,False,False,normal
20220908LGWO02022,2022-09-08,LG,WO,LG,키움,RESULT,9회말,False,False,normal
20220908LTSS02022,2022-09-08,LT,SS,롯데,삼성,RESULT,9회말,False,False,normal
20220908NCKT02022,2022-09-08,NC,KT,NC,KT,RESULT,9회말,False,False,normal
20220909HHOB02022,2022-09-09,HH,OB,한화,두산,RESULT,9회초,False,False,normal
20220909HTSK02022,2022-09-09,HT,SK,KIA,SSG,RESULT,9회말,False,False,normal
20220909LGWO02022,2022-09-09,LG,WO,LG,키움,RESULT,9회말,False,False,normal
20220909LTSS02022,2022-09-09,LT,SS,롯데,삼성,RESULT,9회초,False,False,normal
20220909NCKT02022,2022-09-09,NC,KT,NC,KT,RESULT,9회말,False,False,normal
20220910HTOB02022,2022-09-10,HT,OB,KIA,두산,RESULT,9회말,False,False,normal
20220910KTWO02022,2022-09-10,KT,WO,KT,키움,RESULT,9회말,False,False,normal
20220910LGSS02022,2022-09-10,LG,SS,LG,삼성,RESULT,9회말,False,False,normal
20220910NCLT02022,2022-09-10,NC,LT,NC,롯데,RESULT,9회말,False,False,normal
20220910SKHH02022,2022-09-10,SK,HH,SSG,한화,RESULT,9회초,False,False,normal
20220911HTOB02022,2022-09-11,HT,OB,KIA,두산,RESULT,9회초,False,False,normal
20220911KTWO02022,2022-09-11,KT,WO,KT,키움,RESULT,9회초,False,False,normal
20220911LGSS02022,2022-09-11,LG,SS,LG,삼성,RESULT,9회초,False,False,normal
20220911NCLT02022,2022-09-11,NC,LT,NC,롯데,RESULT,9회말,False,False,normal
20220911SKHH02022,2022-09-11,SK,HH,SSG,한화,RESULT,9회말,False,False,normal
20220913KTHH02022,2022-09-13,KT,HH,KT,한화,RESULT,9회말,False,False,normal
20220913LGOB02022,2022-09-13,LG,OB,LG,두산,RESULT,9회말,False,False,normal
20220913SKLT02022,2022-09-13,SK,LT,SSG,롯데,RESULT,9회말,False,False,normal
20220913SSNC02022,2022-09-13,SS,NC,삼성,NC,RESULT,9회말,False,False,normal
20220913WOHT02022,2022-09-13,WO,HT,키움,KIA,RESULT,9회말,False,False,normal
20220914KTHH02022,2022-09-14,KT,HH,KT,한화,RESULT,9회초,False,False,normal
20220914LGOB02022,2022-09-14,LG,OB,LG,두산,RESULT,9회초,False,False,normal
20220914SKLT02022,2022-09-14,SK,LT,SSG,롯데,RESULT,9회말,False,False,normal
20220914SSNC02022,2022-09-14,SS,NC,삼성,NC,RESULT,9회초,False,False,normal
20220914WOHT02022,2022-09-14,WO,HT,키움,KIA,RESULT,9회말,False,False,normal
20220915HHHT02022,2022-09-15,HH,HT,한화,KIA,RESULT,10회말,False,False,normal
20220915KTLG02022,2022-09-15,KT,LG,KT,LG,RESULT,9회초,False,False,normal
20220915OBSS02022,2022-09-15,OB,SS,두산,삼성,RESULT,9회초,False,False,normal
20220915SKNC02022,2022-09-15,SK,NC,SSG,NC,RESULT,9회초,False,False,normal
20220915WOLT02022,2022-09-15,WO,LT,키움,롯데,RESULT,9회초,False,False,normal
20220916HHHT02022,2022-09-16,HH,HT,한화,KIA,RESULT,12회말,False,False,normal
20220916KTLG02022,2022-09-16,KT,LG,KT,LG,BEFORE,경기취소,True,False,cancelled
20220916OBSS02022,2022-09-16,OB,SS,두산,삼성,RESULT,9회말,False,False,normal
20220916SKNC02022,2022-09-16,SK,NC,SSG,NC,RESULT,9회말,False,False,normal
20220916WOLT02022,2022-09-16,WO,LT,키움,롯데,RESULT,9회말,False,False,normal
20220917HHLG02022,2022-09-17,HH,LG,한화,LG,RESULT,9회초,False,False,normal
20220917HTSS02022,2022-09-17,HT,SS,KIA,삼성,RESULT,9회초,False,False,normal
20220917LTKT02022,2022-09-17,LT,KT,롯데,KT,RESULT,9회말,False,False,normal
20220917NCWO02022,2022-09-17,NC,WO,NC,키움,RESULT,9회초,False,False,normal
20220917OBSK02022,2022-09-17,OB,SK,두산,SSG,RESULT,9회말,False,False,normal
20220918HHLG02022,2022-09-18,HH,LG,한화,LG,RESULT,9회말,False,False,normal
20220918HTSS02022,2022-09-18,HT,SS,KIA,삼성,RESULT,9회초,False,False,normal
20220918LTKT02022,2022-09-18,LT,KT,롯데,KT,RESULT,9회초,False,False,normal
20220918NCWO02022,2022-09-18,NC,WO,NC,키움,RESULT,9회말,False,False,normal
20220918OBSK02022,2022-09-18,OB,SK,두산,SSG,RESULT,9회말,False,False,normal
20220920KTSK02022,2022-09-20,KT,SK,KT,SSG,RESULT,9회초,False,False,normal
20220920LGHT02022,2022-09-20,LG,HT,LG,KIA,RESULT,9회말,False,False,normal
20220920LTHH02022,2022-09-20,LT,HH,롯데,한화,RESULT,9회말,False,False,normal
20220920NCOB02022,2022-09-20,NC,OB,NC,두산,RESULT,9회초,False,False,normal
20220920SSWO02022,2022-09-20,SS,WO,삼성,키움,RESULT,9회말,False,False,normal
20220921KTSK02022,2022-09-21,KT,SK,KT,SSG,RESULT,9회말,False,False,normal
20220921LGHT02022,2022-09-21,LG,HT,LG,KIA,RESULT,9회말,False,False,normal
20220921LTHH02022,2022-09-21,LT,HH,롯데,한화,RESULT,9회말,False,False,normal
20220921NCOB02022,2022-09-21,NC,OB,NC,두산,RESULT,9회말,False,False,normal
20220921SSWO02022,2022-09-21,SS,WO,삼성,키움,RESULT,9회초,False,False,normal
20220922HHSK02022,2022-09-22,HH,SK,한화,SSG,RESULT,9회초,False,False,normal
20220922HTNC02022,2022-09-22,HT,NC,KIA,NC,RESULT,9회말,False,False,normal
20220922KTSS02022,2022-09-22,KT,SS,KT,삼성,RESULT,11회말,False,False,normal
20220922LTLG02022,2022-09-22,LT,LG,롯데,LG,RESULT,9회말,False,False,normal
20220922OBWO02022,2022-09-22,OB,WO,두산,키움,RESULT,9회말,False,False,normal
20220923HHSK02022,2022-09-23,HH,SK,한화,SSG,RESULT,9회초,False,False,normal
20220923HTNC02022,2022-09-23,HT,NC,KIA,NC,RESULT,9회초,False,False,normal
20220923KTSS02022,2022-09-23,KT,SS,KT,삼성,RESULT,9회말,False,False,normal
20220923LTLG02022,2022-09-23,LT,LG,롯데,LG,RESULT,9회초,False,False,normal
20220923OBWO02022,2022-09-23,OB,WO,두산,키움,RESULT,9회초,False,False,normal
20220924HHLG02022,2022-09-24,HH,LG,한화,LG,RESULT,9회말,False,False,normal
20220924HTNC02022,2022-09-24,HT,NC,KIA,NC,RESULT,9회말,False,False,normal
20220924LTWO02022,2022-09-24,LT,WO,롯데,키움,RESULT,9회초,False,False,normal
20220924OBSK02022,2022-09-24,OB,SK,두산,SSG,RESULT,9회초,False,False,normal
20220925HHOB02022,2022-09-25,HH,OB,한화,두산,RESULT,9회초,False,False,normal
20220925HTSS02022,2022-09-25,HT,SS,KIA,삼성,RESULT,9회말,False,False,normal
20220925KTNC02022,2022-09-25,KT,NC,KT,NC,RESULT,9회말,False,False,normal
20220925LGSK02022,2022-09-25,LG,SK,LG,SSG,RESULT,10회말,False,False,normal
20220927LGHH02022,2022-09-27,LG,HH,LG,한화,RESULT,9회말,False,False,normal
20220927OBKT02022,2022-09-27,OB,KT,두산,KT,RESULT,9회말,False,False,normal
20220927WONC02022,2022-09-27,WO,NC,키움,NC,RESULT,10회말,False,False,normal
20220928LGHH02022,2022-09-28,LG,HH,LG,한화,RESULT,9회말,False,False,normal
20220928OBKT02022,2022-09-28,OB,KT,두산,KT,RESULT,9회초,False,False,normal
20220928SSNC02022,2022-09-28,SS,NC,삼성,NC,RESULT,9회초,False,False,normal
20220929KTLG02022,2022-09-29,KT,LG,KT,LG,RESULT,9회말,False,False,normal
20220929LTHT02022,2022-09-29,LT,HT,롯데,KIA,RESULT,9회초,False,False,normal
20220929NCSS02022,2022-09-29,NC,SS,NC,삼성,RESULT,9회초,False,False,normal
20220929OBHH02022,2022-09-29,OB,HH,두산,한화,RESULT,9회말,False,False,normal
20220929WOSK02022,2022-09-29,WO,SK,키움,SSG,RESULT,9회말,False,False,normal
20220930LTHH02022,2022-09-30,LT,HH,롯데,한화,RESULT,9회말,False,False,normal
20220930NCLG02022,2022-09-30,NC,LG,NC,LG,RESULT,9회초,False,False,normal
20220930OBSS02022,2022-09-30,OB,SS,두산,삼성,RESULT,9회초,False,False,normal
20220930WOSK02022,2022-09-30,WO,SK,키움,SSG,RESULT,11회말,False,False,normal
20221001NCLG02022,2022-10-01,NC,LG,NC,LG,RESULT,9회말,False,False,normal
20221001OBSS02022,2022-10-01,OB,SS,두산,삼성,RESULT,9회말,False,False,normal
20221001SKHT02022,2022-10-01,SK,HT,SSG,KIA,RESULT,9회말,False,False,normal
20221002HTHH02022,2022-10-02,HT,HH,KIA,한화,RESULT,9회말,False,False,normal
20221002NCLG02022,2022-10-02,NC,LG,NC,LG,RESULT,9회말,False,False,normal
20221002OBLT02022,2022-10-02,OB,LT,두산,롯데,RESULT,9회초,False,False,normal
20221003HTLG02022,2022-10-03,HT,LG,KIA,LG,BEFORE,경기취소,True,False,cancelled
20221003NCKT02022,2022-10-03,NC,KT,NC,KT,BEFORE,경기취소,True,False,cancelled
20221003OBLT02022,2022-10-03,OB,LT,두산,롯데,RESULT,9회말,False,False,normal
20221003SKHH02022,2022-10-03,SK,HH,SSG,한화,RESULT,9회초,False,False,normal
20221004HTLG02022,2022-10-04,HT,LG,KIA,LG,RESULT,9회말,False,False,normal
20221004SSKT02022,2022-10-04,SS,KT,삼성,KT,RESULT,9회초,False,False,normal
20221005LGHT02022,2022-10-05,LG,HT,LG,KIA,RESULT,9회말,False,False,normal
20221005LTNC02022,2022-10-05,LT,NC,롯데,NC,RESULT,9회초,False,False,normal
20221005SKOB02022,2022-10-05,SK,OB,SSG,두산,RESULT,9회초,False,False,normal
20221005SSKT02022,2022-10-05,SS,KT,삼성,KT,RESULT,9회말,False,False,normal
20221006LGHT02022,2022-10-06,LG,HT,LG,KIA,RESULT,9회초,False,False,normal
20221006SKNC02022,2022-10-06,SK,NC,SSG,NC,RESULT,9회초,False,False,normal
20221006SSOB02022,2022-10-06,SS,OB,삼성,두산,RESULT,9회초,False,False,normal
20221006WOHH02022,2022-10-06,WO,HH,키움,한화,RESULT,11회말,False,False,normal
20221007KTHT02022,2022-10-07,KT,HT,KT,KIA,RESULT,9회초,False,False,normal
20221007LGNC02022,2022-10-07,LG,NC,LG,NC,RESULT,9회말,False,False,normal
20221007SSOB02022,2022-10-07,SS,OB,삼성,두산,RESULT,9회말,False,False,normal
20221008HHNC02022,2022-10-08,HH,NC,한화,NC,RESULT,12회말,False,False,normal
20221008KTHT02022,2022-10-08,KT,HT,KT,KIA,RESULT,9회말,False,False,normal
20221008LGLT02022,2022-10-08,LG,LT,LG,롯데,RESULT,9회초,False,False,normal
20221008SKSS02022,2022-10-08,SK,SS,SSG,삼성,RESULT,9회초,False,False,normal
20221008WOOB02022,2022-10-08,WO,OB,키움,두산,RESULT,9회말,False,False,normal
20221009KTLG02022,2022-10-09,KT,LG,KT,LG,BEFORE,경기취소,True,False,cancelled
20221010NCKT02022,2022-10-10,NC,KT,NC,KT,RESULT,9회초,False,False,normal
20221011KTLG02022,2022-10-11,KT,LG,KT,LG,RESULT,9회말,False,False,normal
20230313HTHH02023,2023-03-13,HT,HH,KIA,한화,RESULT,9회초,False,False,normal
20230313KTWO02023,2023-03-13,KT,WO,KT,키움,RESULT,9회말,False,False,normal
20230313LGNC02023,2023-03-13,LG,NC,LG,NC,RESULT,9회말,False,False,normal
20230313OBLT02023,2023-03-13,OB,LT,두산,롯데,RESULT,9회말,False,False,normal
20230313SKSS02023,2023-03-13,SK,SS,SSG,삼성,RESULT,9회초,False,False,normal
20230314HTHH02023,2023-03-14,HT,HH,KIA,한화,RESULT,9회말,False,False,normal
20230314KTWO02023,2023-03-14,KT,WO,KT,키움,RESULT,9회말,False,False,normal
20230314LGNC02023,2023-03-14,LG,NC,LG,NC,RESULT,9회말,False,False,normal
20230314OBLT02023,2023-03-14,OB,LT,두산,롯데,RESULT,9회초,False,False,normal
20230314SKSS02023,2023-03-14,SK,SS,SSG,삼성,RESULT,9회말,False,False,normal
20230315HTWO02023,2023-03-15,HT,WO,KIA,키움,RESULT,9회말,False,False,normal
20230315KTHH02023,2023-03-15,KT,HH,KT,한화,RESULT,9회초,False,False,normal
20230315LGSS02023,2023-03-15,LG,SS,LG,삼성,RESULT,9회초,False,False,normal
20230315OBNC02023,2023-03-15,OB,NC,두산,NC,RESULT,9회말,False,False,normal
20230315SKLT02023,2023-03-15,SK,LT,SSG,롯데,RESULT,9회말,False,False,normal
20230316HTWO02023,2023-03-16,HT,WO,KIA,키움,RESULT,9회초,False,False,normal
20230316KTHH02023,2023-03-16,KT,HH,KT,한화,RESULT,9회초,False,False,normal
20230316LGSS02023,2023-03-16,LG,SS,LG,삼성,RESULT,9회말,False,False,normal
20230316OBNC02023,2023-03-16,OB,NC,두산,NC,RESULT,9회초,False,False,normal
20230316SKLT02023,2023-03-16,SK,LT,SSG,롯데,RESULT,9회말,False,False,normal
20230318KTSS02023,2023-03-18,KT,SS,KT,삼성,RESULT,9회초,False,False,normal
20230318LGLT02023,2023-03-18,LG,LT,LG,롯데,RESULT,9회말,False,False,normal
20230318OBHT02023,2023-03-18,OB,HT,두산,KIA,RESULT,9회말,False,False,normal
20230318SKNC02023,2023-03-18,SK,NC,SSG,NC,RESULT,9회초,False,False,normal
20230318WOHH02023,2023-03-18,WO,HH,키움,한화,RESULT,9회초,False,False,normal
20230319KTSS02023,2023-03-19,KT,SS,KT,삼성,RESULT,9회초,False,False,normal
20230319LGLT02023,2023-03-19,LG,LT,LG,롯데,RESULT,9회말,False,False,normal
20230319OBHT02023,2023-03-19,OB,HT,두산,KIA,RESULT,9회초,False,False,normal
20230319SKNC02023,2023-03-19,SK,NC,SSG,NC,RESULT,9회말,False,False,normal
20230319WOHH02023,2023-03-19,WO,HH,키움,한화,RESULT,9회말,False,False,normal
20230320LGHT02023,2023-03-20,LG,HT,LG,KIA,RESULT,9회초,False,False,normal
20230320LTSS02023,2023-03-20,LT,SS,롯데,삼성,RESULT,9회초,False,False,normal
20230320OBKT02023,2023-03-20,OB,KT,두산,KT,RESULT,9회초,False,False,normal
20230320SKHH02023,2023-03-20,SK,HH,SSG,한화,RESULT,9회초,False,False,normal
20230320WONC02023,2023-03-20,WO,NC,키움,NC,RESULT,9회말,False,False,normal
20230321LGHT02023,2023-03-21,LG,HT,LG,KIA,RESULT,9회말,False,False,normal
20230321LTSS02023,2023-03-21,LT,SS,롯데,삼성,RESULT,9회초,False,False,normal
20230321OBKT02023,2023-03-21,OB,KT,두산,KT,RESULT,9회말,False,False,normal
20230321SKHH02023,2023-03-21,SK,HH,SSG,한화,RESULT,9회말,False,False,normal
20230321WONC02023,2023-03-21,WO,NC,키움,NC,RESULT,9회말,False,False,normal
20230323LGKT02023,2023-03-23,LG,KT,LG,KT,RESULT,9회말,False,False,normal
20230323LTNC02023,2023-03-23,LT,NC,롯데,NC,BEFORE,경기취소,True,False,cancelled
20230323OBHH02023,2023-03-23,OB,HH,두산,한화,BEFORE,경기취소,True,False,cancelled
20230323SKHT02023,2023-03-23,SK,HT,SSG,KIA,BEFORE,경기취소,True,False,cancelled
20230323SSWO02023,2023-03-23,SS,WO,삼성,키움,RESULT,9회말,False,False,normal
20230324LGKT02023,2023-03-24,LG,KT,LG,KT,RESULT,9회초,False,False,normal
20230324LTNC02023,2023-03-24,LT,NC,롯데,NC,RESULT,9회말,False,False,normal
20230324OBHH02023,2023-03-24,OB,HH,두산,한화,RESULT,9회말,False,False,normal
20230324SKHT02023,2023-03-24,SK,HT,SSG,KIA,RESULT,9회말,False,False,normal
20230324SSWO02023,2023-03-24,SS,WO,삼성,키움,RESULT,9회말,False,False,normal
20230325HHLT02023,2023-03-25,HH,LT,한화,롯데,RESULT,9회말,False,False,normal
20230325LGWO02023,2023-03-25,LG,WO,LG,키움,RESULT,9회말,False,False,normal
20230325NCHT02023,2023-03-25,NC,HT,NC,KIA,RESULT,9회말,False,False,normal
20230325SKKT02023,2023-03-25,SK,KT,SSG,KT,RESULT,9회말,False,False,normal
20230325SSOB02023,2023-03-25,SS,OB,삼성,두산,RESULT,9회말,False,False,normal
20230326HHLT02023,2023-03-26,HH,LT,한화,롯데,RESULT,9회말,False,False,normal
20230326LGWO02023,2023-03-26,LG,WO,LG,키움,RESULT,9회초,False,False,normal
20230326NCHT02023,2023-03-26,NC,HT,NC,KIA,RESULT,9회초,False,False,normal
20230326SKKT02023,2023-03-26,SK,KT,SSG,KT,RESULT,9회초,False,False,normal
20230326SSOB02023,2023-03-26,SS,OB,삼성,두산,RESULT,9회말,False,False,normal
20230327HHSS02023,2023-03-27,HH,SS,한화,삼성,RESULT,9회말,False,False,normal
20230327HTLT02023,2023-03-27,HT,LT,KIA,롯데,RESULT,9회초,False,False,normal
20230327NCKT02023,2023-03-27,NC,KT,NC,KT,RESULT,9회초,False,False,normal
20230327OBWO02023,2023-03-27,OB,WO,두산,키움,RESULT,9회말,False,False,normal
20230327SKLG02023,2023-03-27,SK,LG,SSG,LG,RESULT,9회말,False,False,normal
20230328HHSS02023,2023-03-28,HH,SS,한화,삼성,RESULT,9회말,False,False,normal
20230328HTLT02023,2023-03-28,HT,LT,KIA,롯데,RESULT,9회말,False,False,normal
20230328NCKT02023,2023-03-28,NC,KT,NC,KT,RESULT,9회말,False,False,normal
20230328OBWO02023,2023-03-28,OB,WO,두산,키움,RESULT,9회말,False,False,normal
20230328SKLG02023,2023-03-28,SK,LG,SSG,LG,RESULT,9회말,False,False,normal
20230401HHWO02023,2023-04-01,HH,WO,한화,키움,RESULT,10회말,False,False,normal
20230401HTSK02023,2023-04-01,HT,SK,KIA,SSG,RESULT,9회초,False,False,normal
20230401LGKT02023,2023-04-01,LG,KT,LG,KT,RESULT,9회초,False,False,normal
20230401LTOB02023,2023-04-01,LT,OB,롯데,두산,RESULT,11회말,False,False,normal
20230401NCSS02023,2023-04-01,NC,SS,NC,삼성,RESULT,9회말,False,False,normal
20230402HHWO02023,2023-04-02,HH,WO,한화,키움,RESULT,9회말,False,False,normal
20230402HTSK02023,2023-04-02,HT,SK,KIA,SSG,RESULT,9회말,False,False,normal
20230402LGKT02023,2023-04-02,LG,KT,LG,KT,RESULT,11회말,False,False,normal
20230402LTOB02023,2023-04-02,LT,OB,롯데,두산,RESULT,9회말,False,False,normal
20230402NCSS02023,2023-04-02,NC,SS,NC,삼성,RESULT,9회초,False,False,normal
20230404HHSS02023,2023-04-04,HH,SS,한화,삼성,RESULT,9회초,False,False,normal
20230404HTKT02023,2023-04-04,HT,KT,KIA,KT,BEFORE,경기취소,True,False,cancelled
20230404LGWO02023,2023-04-04,LG,WO,LG,키움,RESULT,9회말,False,False,normal
20230404LTSK02023,2023-04-04,LT,SK,롯데,SSG,RESULT,7회말,False,False,called
20230404NCOB02023,2023-04-04,NC,OB,NC,두산,RESULT,9회초,False,False,normal
20230405HHSS02023,2023-04-05,HH,SS,한화,삼성,BEFORE,경기취소,True,False,cancelled
20230405HTKT02023,2023-04-05,HT,KT,KIA,KT,BEFORE,경기취소,True,False,cancelled
20230405LGWO02023,2023-04-05,LG,WO,LG,키움,RESULT,9회초,False,False,normal
20230405LTSK02023,2023-04-05,LT,SK,롯데,SSG,BEFORE,경기취소,True,False,cancelled
20230405NCOB02023,2023-04-05,NC,OB,NC,두산,RESULT,9회말,False,False,normal
20230406HHSS02023,2023-04-06,HH,SS,한화,삼성,RESULT,9회말,False,False,normal
20230406HTKT02023,2023-04-06,HT,KT,KIA,KT,BEFORE,경기취소,True,False,cancelled
20230406LGWO02023,2023-04-06,LG,WO,LG,키움,RESULT,9회말,False,False,normal
20230406LTSK02023,2023-04-06,LT,SK,롯데,SSG,BEFORE,경기취소,True,False,cancelled
20230406NCOB02023,2023-04-06,NC,OB,NC,두산,RESULT,9회초,False,False,normal
20230407KTLT02023,2023-04-07,KT,LT,KT,롯데,RESULT,9회말,False,False,normal
20230407OBHT02023,2023-04-07,OB,HT,두산,KIA,RESULT,9회말,False,False,normal
20230407SKHH02023,2023-04-07,SK,HH,SSG,한화,RESULT,10회말,False,False,normal
20230407SSLG02023,2023-04-07,SS,LG,삼성,LG,RESULT,9회초,False,False,normal
20230407WONC02023,2023-04-07,WO,NC,키움,NC,RESULT,9회초,False,False,normal
20230408KTLT02023,2023-04-08,KT,LT,KT,롯데,RESULT,9회말,False,False,normal
20230408OBHT02023,2023-04-08,OB,HT,두산,KIA,RESULT,9회말,False,False,normal
20230408SKHH02023,2023-04-08,SK,HH,SSG,한화,RESULT,10회말,False,False,normal
20230408SSLG02023,2023-04-08,SS,LG,삼성,LG,RESULT,9회말,False,False,normal
20230408WONC02023,2023-04-08,WO,NC,키움,NC,RESULT,9회초,False,False,normal
20230409KTLT02023,2023-04-09,KT,LT,KT,롯데,RESULT,9회초,False,False,normal
20230409OBHT02023,2023-04-09,OB,HT,두산,KIA,RESULT,9회말,False,False,normal
20230409SKHH02023,2023-04-09,SK,HH,SSG,한화,RESULT,9회말,False,False,normal
20230409SSLG02023,2023-04-09,SS,LG,삼성,LG,RESULT,10회말,False,False,normal
20230409WONC02023,2023-04-09,WO,NC,키움,NC,RESULT,9회초,False,False,normal
20230411HHHT02023,2023-04-11,HH,HT,한화,KIA,RESULT,10회말,False,False,normal
20230411KTNC02023,2023-04-11,KT,NC,KT,NC,RESULT,9회초,False,False,normal
20230411LGLT02023,2023-04-11,LG,LT,LG,롯데,RESULT,9회초,False,False,normal
20230411SKSS02023,2023-04-11,SK,SS,SSG,삼성,RESULT,9회말,False,False,normal
20230411WOOB02023,2023-04-11,WO,OB,키움,두산,RESULT,9회초,False,False,normal
20230412HHHT02023,2023-04-12,HH,HT,한화,KIA,RESULT,9회초,False,False,normal
20230412KTNC02023,2023-04-12,KT,NC,KT,NC,RESULT,9회초,False,False,normal
20230412LGLT02023,2023-04-12,LG,LT,LG,롯데,RESULT,9회말,False,False,normal
20230412SKSS02023,2023-04-12,SK,SS,SSG,삼성,RESULT,9회말,False,False,normal
20230412WOOB02023,2023-04-12,WO,OB,키움,두산,BEFORE,경기취소,True,False,cancelled
20230413HHHT02023,2023-04-13,HH,HT,한화,KIA,RESULT,9회말,False,False,normal
20230413KTNC02023,2023-04-13,KT,NC,KT,NC,RESULT,9회말,False,False,normal
20230413LGLT02023,2023-04-13,LG,LT,LG,롯데,RESULT,9회초,False,False,normal
20230413SKSS02023,2023-04-13,SK,SS,SSG,삼성,RESULT,9회초,False,False,normal
20230413WOOB02023,2023-04-13,WO,OB,키움,두산,RESULT,9회말,False,False,normal
20230414HHKT02023,2023-04-14,HH,KT,한화,KT,RESULT,12회말,False,False,normal
20230414HTWO02023,2023-04-14,HT,WO,KIA,키움,RESULT,9회초,False,False,normal
20230414LTSS02023,2023-04-14,LT,SS,롯데,삼성,RESULT,9회초,False,False,normal
20230414NCSK02023,2023-04-14,NC,SK,NC,SSG,RESULT,9회초,False,False,normal
20230414OBLG02023,2023-04-14,OB,LG,두산,LG,RESULT,9회초,False,False,normal
20230415HHKT02023,2023-04-15,HH,KT,한화,KT,RESULT,9회말,False,False,normal
20230415HTWO02023,2023-04-15,HT,WO,KIA,키움,RESULT,9회초,False,False,normal
20230415LTSS02023,2023-04-15,LT,SS,롯데,삼성,RESULT,9회말,False,False,normal
20230415NCSK02023,2023-04-15,NC,SK,NC,SSG,RESULT,10회말,False,False,normal
20230415OBLG02023,2023-04-15,OB,LG,두산,LG,RESULT,9회초,False,False,normal
20230416HHKT02023,2023-04-16,HH,KT,한화,KT,RESULT,9회초,False,False,normal
20230416HTWO02023,2023-04-16,HT,WO,KIA,키움,RESULT,10회말,False,False,normal
20230416LTSS02023,2023-04-16,LT,SS,롯데,삼성,RESULT,9회초,False,False,normal
20230416NCSK02023,2023-04-16,NC,SK,NC,SSG,RESULT,9회말,False,False,normal
20230416OBLG02023,2023-04-16,OB,LG,두산,LG,RESULT,9회말,False,False,normal
20230418HTLT02023,2023-04-18,HT,LT,KIA,롯데,RESULT,9회초,False,False,normal
20230418NCLG02023,2023-04-18,NC,LG,NC,LG,RESULT,10회말,False,False,normal
20230418OBHH02023,2023-04-18,OB,HH,두산,한화,RESULT,9회말,False,False,normal
20230418SKKT02023,2023-04-18,SK,KT,SSG,KT,RESULT,9회초,False,False,normal
20230418SSWO02023,2023-04-18,SS,WO,삼성,키움,RESULT,9회말,False,False,normal
20230419HTLT02023,2023-04-19,HT,LT,KIA,롯데,RESULT,9회말,False,False,normal
20230419NCLG02023,2023-04-19,NC,LG,NC,LG,RESULT,9회초,False,False,normal
20230419OBHH02023,2023-04-19,OB,HH,두산,한화,RESULT,9회초,False,False,normal
20230419SKKT02023,2023-04-19,SK,KT,SSG,KT,RESULT,9회초,False,False,normal
20230419SSWO02023,2023-04-19,SS,WO,삼성,키움,RESULT,12회말,False,False,normal
20230420HTLT02023,2023-04-20,HT,LT,KIA,롯데,RESULT,9회초,False,False,normal
20230420NCLG02023,2023-04-20,NC,LG,NC,LG,RESULT,9회초,False,False,normal
20230420OBHH02023,2023-04-20,OB,HH,두산,한화,RESULT,9회말,False,False,normal
20230420SKKT02023,2023-04-20,SK,KT,SSG,KT,RESULT,9회말,False,False,normal
20230420SSWO02023,2023-04-20,SS,WO,삼성,키움,RESULT,9회초,False,False,normal
20230421KTOB02023,2023-04-21,KT,OB,KT,두산,RESULT,9회초,False,False,normal
20230421LGHH02023,2023-04-21,LG,HH,LG,한화,RESULT,9회말,False,False,normal
20230421LTNC02023,2023-04-21,LT,NC,롯데,NC,RESULT,10회말,False,False,normal
20230421SSHT02023,2023-04-21,SS,HT,삼성,KIA,RESULT,9회말,False,False,normal
20230421WOSK02023,2023-04-21,WO,SK,키움,SSG,RESULT,9회초,False,False,normal
20230422KTOB02023,2023-04-22,KT,OB,KT,두산,RESULT,9회초,False,False,normal
20230422LGHH02023,2023-04-22,LG,HH,LG,한화,RESULT,9회말,False,False,normal
20230422LTNC02023,2023-04-22,LT,NC,롯데,NC,RESULT,9회말,False,False,normal
20230422SSHT02023,2023-04-22,SS,HT,삼성,KIA,RESULT,9회초,False,False,normal
20230422WOSK02023,2023-04-22,WO,SK,키움,SSG,RESULT,9회초,False,False,normal
20230423KTOB02023,2023-04-23,KT,OB,KT,두산,RESULT,12회말,False,False,normal
20230423LGHH02023,2023-04-23,LG,HH,LG,한화,RESULT,9회초,False,False,normal
20230423LTNC02023,2023-04-23,LT,NC,롯데,NC,RESULT,9회말,False,False,normal
20230423SSHT02023,2023-04-23,SS,HT,삼성,KIA,RESULT,9회초,False,False,normal
20230423WOSK02023,2023-04-23,WO,SK,키움,SSG,RESULT,9회초,False,False,normal
20230425HHLT02023,2023-04-25,HH,LT,한화,롯데,BEFORE,경기취소,True,False,cancelled
20230425KTWO02023,2023-04-25,KT,WO,KT,키움,RESULT,9회초,False,False,normal
20230425NCHT02023,2023-04-25,NC,HT,NC,KIA,RESULT,9회말,False,False,normal
20230425OBSS02023,2023-04-25,OB,SS,두산,삼성,BEFORE,경기취소,True,False,cancelled
20230425SKLG02023,2023-04-25,SK,LG,SSG,LG,RESULT,9회말,False,False,normal
20230426HHLT02023,2023-04-26,HH,LT,한화,롯데,RESULT,9회초,False,False,normal
20230426KTWO02023,2023-04-26,KT,WO,KT,키움,RESULT,9회초,False,False,normal
20230426NCHT02023,2023-04-26,NC,HT,NC,KIA,RESULT,9회초,False,False,normal
20230426OBSS02023,2023-04-26,OB,SS,두산,삼성,RESULT,9회초,False,False,normal
20230426SKLG02023,2023-04-26,SK,LG,SSG,LG,RESULT,9회말,False,False,normal
20230427HHLT02023,2023-04-27,HH,LT,한화,롯데,RESULT,9회초,False,False,normal
20230427KTWO02023,2023-04-27,KT,WO,KT,키움,RESULT,9회초,False,False,normal
20230427NCHT02023,2023-04-27,NC,HT,NC,KIA,RESULT,9회초,False,False,normal
20230427OBSS02023,2023-04-27,OB,SS,두산,삼성,RESULT,9회초,False,False,normal
20230427SKLG02023,2023-04-27,SK,LG,SSG,LG,RESULT,9회초,False,False,normal
20230428HTLG02023,2023-04-28,HT,LG,KIA,LG,RESULT,11회말,False,False,normal
20230428NCHH02023,2023-04-28,NC,HH,NC,한화,RESULT,9회말,False,False,normal
20230428OBSK02023,2023-04-28,OB,SK,두산,SSG,RESULT,9회초,False,False,normal
20230428SSKT02023,2023-04-28,SS,KT,삼성,KT,RESULT,10회말,False,False,normal
20230428WOLT02023,2023-04-28,WO,LT,키움,롯데,RESULT,9회초,False,False,normal
20230429HTLG02023,2023-04-29,HT,LG,KIA,LG,RESULT,9회말,False,False,normal
20230429NCHH02023,2023-04-29,NC,HH,NC,한화,RESULT,9회말,False,False,normal
20230429OBSK02023,2023-04-29,OB,SK,두산,SSG,RESULT,9회초,False,False,normal
20230429SSKT02023,2023-04-29,SS,KT,삼성,KT,RESULT,9회말,False,False,normal
20230429WOLT02023,2023-04-29,WO,LT,키움,롯데,BEFORE,경기취소,True,False,cancelled
20230430HTLG02023,2023-04-30,HT,LG,KIA,LG,RESULT,9회말,False,False,normal
20230430NCHH02023,2023-04-30,NC,HH,NC,한화,RESULT,9회말,False,False,normal
20230430OBSK02023,2023-04-30,OB,SK,두산,SSG,RESULT,9회말,False,False,normal
20230430SSKT02023,2023-04-30,SS,KT,삼성,KT,RESULT,10회말,False,False,normal
20230430WOLT02023,2023-04-30,WO,LT,키움,롯데,RESULT,9회초,False,False,normal
20230502HHOB02023,2023-05-02,HH,OB,한화,두산,RESULT,9회초,False,False,normal
20230502KTSK02023,2023-05-02,KT,SK,KT,SSG,RESULT,9회말,False,False,normal
20230502LGNC02023,2023-05-02,LG,NC,LG,NC,RESULT,9회말,False,False,normal
20230502LTHT02023,2023-05-02,LT,HT,롯데,KIA,RESULT,9회말,False,False,normal
20230502WOSS02023,2023-05-02,WO,SS,키움,삼성,RESULT,10회말,False,False,normal
20230503HHOB02023,2023-05-03,HH,OB,한화,두산,RESULT,9회말,False,False,normal
20230503KTSK02023,2023-05-03,KT,SK,KT,SSG,RESULT,9회초,False,False,normal
20230503LGNC02023,2023-05-03,LG,NC,LG,NC,RESULT,9회말,False,False,normal
20230503LTHT02023,2023-05-03,LT,HT,롯데,KIA,RESULT,9회초,False,False,normal
20230503WOSS02023,2023-05-03,WO,SS,키움,삼성,RESULT,9회말,False,False,normal
20230504HHOB02023,2023-05-04,HH,OB,한화,두산,RESULT,9회말,False,False,normal
20230504KTSK02023,2023-05-04,KT,SK,KT,SSG,RESULT,9회초,False,False,normal
20230504LGNC02023,2023-05-04,LG,NC,LG,NC,BEFORE,경기취소,True,False,cancelled
20230504LTHT02023,2023-05-04,LT,HT,롯데,KIA,BEFORE,경기취소,True,False,cancelled
20230504WOSS02023,2023-05-04,WO,SS,키움,삼성,RESULT,9회초,False,False,normal
20230505HTNC02023,2023-05-05,HT,NC,KIA,NC,BEFORE,경기취소,True,False,cancelled
20230505KTHH02023,2023-05-05,KT,HH,KT,한화,BEFORE,경기취소,True,False,cancelled
20230505LGOB02023,2023-05-05,LG,OB,LG,두산,BEFORE,경기취소,True,False,cancelled
20230505SKWO02023,2023-05-05,SK,WO,SSG,키움,RESULT,9회말,False,False,normal
20230505SSLT02023,2023-05-05,SS,LT,삼성,롯데,BEFORE,경기취소,True,False,cancelled
20230506HTNC02023,2023-05-06,HT,NC,KIA,NC,BEFORE,경기취소,True,False,cancelled
20230506KTHH02023,2023-05-06,KT,HH,KT,한화,BEFORE,경기취소,True,False,cancelled
20230506LGOB02023,2023-05-06,LG,OB,LG,두산,BEFORE,경기취소,True,False,cancelled
20230506SKWO02023,2023-05-06,SK,WO,SSG,키움,RESULT,9회말,False,False,normal
20230506SSLT02023,2023-05-06,SS,LT,삼성,롯데,BEFORE,경기취소,True,False,cancelled
20230507HTNC02023,2023-05-07,HT,NC,KIA,NC,BEFORE,경기취소,True,False,cancelled
20230507KTHH02023,2023-05-07,KT,HH,KT,한화,RESULT,9회초,False,False,normal
20230507LGOB02023,2023-05-07,LG,OB,LG,두산,RESULT,9회말,False,False,normal
20230507SKWO02023,2023-05-07,SK,WO,SSG,키움,RESULT,11회말,False,False,normal
20230507SSLT02023,2023-05-07,SS,LT,삼성,롯데,BEFORE,경기취소,True,False,cancelled
20230509NCKT02023,2023-05-09,NC,KT,NC,KT,RESULT,9회말,False,False,normal
20230509OBLT02023,2023-05-09,OB,LT,두산,롯데,RESULT,9회말,False,False,normal
20230509SKHT02023,2023-05-09,SK,HT,SSG,KIA,RESULT,9회초,False,False,normal
20230509SSHH02023,2023-05-09,SS,HH,삼성,한화,RESULT,9회말,False,False,normal
20230509WOLG02023,2023-05-09,WO,LG,키움,LG,RESULT,10회말,False,False,normal
20230510NCKT02023,2023-05-10,NC,KT,NC,KT,RESULT,9회말,False,False,normal
20230510OBLT02023,2023-05-10,OB,LT,두산,롯데,RESULT,9회초,False,False,normal
20230510SKHT02023,2023-05-10,SK,HT,SSG,KIA,RESULT,9회말,False,False,normal
20230510SSHH02023,2023-05-10,SS,HH,삼성,한화,RESULT,9회초,False,False,normal
20230510WOLG02023,2023-05-10,WO,LG,키움,LG,RESULT,9회말,False,False,normal
20230511NCKT02023,2023-05-11,NC,KT,NC,KT,RESULT,9회말,False,False,normal
20230511OBLT02023,2023-05-11,OB,LT,두산,롯데,RESULT,10회말,False,False,normal
20230511SKHT02023,2023-05-11,SK,HT,SSG,KIA,RESULT,9회말,False,False,normal
20230511SSHH02023,2023-05-11,SS,HH,삼성,한화,RESULT,9회초,False,False,normal
20230511WOLG02023,2023-05-11,WO,LG,키움,LG,RESULT,9회초,False,False,normal
20230512HHSK02023,2023-05-12,HH,SK,한화,SSG,RESULT,9회말,False,False,normal
20230512HTOB02023,2023-05-12,HT,OB,KIA,두산,RESULT,9회초,False,False,normal
20230512LGSS02023,2023-05-12,LG,SS,LG,삼성,RESULT,9회초,False,False,normal
20230512LTKT02023,2023-05-12,LT,KT,롯데,KT,RESULT,10회말,False,False,normal
20230512NCWO02023,2023-05-12,NC,WO,NC,키움,RESULT,9회말,False,False,normal
20230513HHSK02023,2023-05-13,HH,SK,한화,SSG,RESULT,9회초,False,False,normal
20230513HTOB02023,2023-05-13,HT,OB,KIA,두산,RESULT,9회초,False,False,normal
20230513LGSS02023,2023-05-13,LG,SS,LG,삼성,RESULT,9회말,False,False,normal
20230513LTKT02023,2023-05-13,LT,KT,롯데,KT,RESULT,9회말,False,False,normal
20230513NCWO02023,2023-05-13,NC,WO,NC,키움,RESULT,9회초,False,False,normal
20230514HHSK02023,2023-05-14,HH,SK,한화,SSG,RESULT,12회말,False,False,normal
20230514HTOB02023,2023-05-14,HT,OB,KIA,두산,RESULT,9회초,False,False,normal
20230514LGSS02023,2023-05-14,LG,SS,LG,삼성,RESULT,9회말,False,False,normal
20230514LTKT02023,2023-05-14,LT,KT,롯데,KT,RESULT,9회말,False,False,normal
20230514NCWO02023,2023-05-14,NC,WO,NC,키움,RESULT,9회말,False,False,normal
20230516HTSS02023,2023-05-16,HT,SS,KIA,삼성,RESULT,9회말,False,False,normal
20230516KTLG02023,2023-05-16,KT,LG,KT,LG,RESULT,9회말,False,False,normal
20230516LTHH02023,2023-05-16,LT,HH,롯데,한화,RESULT,10회말,False,False,normal
20230516OBWO02023,2023-05-16,OB,WO,두산,키움,RESULT,9회말,False,False,normal
20230516SKNC02023,2023-05-16,SK,NC,SSG,NC,RESULT,9회초,False,False,normal
20230517HTSS02023,2023-05-17,HT,SS,KIA,삼성,RESULT,9회말,False,False,normal
20230517KTLG02023,2023-05-17,KT,LG,KT,LG,RESULT,9회초,False,False,normal
20230517LTHH02023,2023-05-17,LT,HH,롯데,한화,RESULT,10회말,False,False,normal
20230517OBWO02023,2023-05-17,OB,WO,두산,키움,RESULT,9회말,False,False,normal
20230517SKNC02023,2023-05-17,SK,NC,SSG,NC,RESULT,9회말,False,False,normal
20230518HTSS02023,2023-05-18,HT,SS,KIA,삼성,BEFORE,경기취소,True,False,cancelled
20230518KTLG02023,2023-05-18,KT,LG,KT,LG,RESULT,9회초,False,False,normal
20230518LTHH02023,2023-05-18,LT,HH,롯데,한화,RESULT,9회말,False,False,normal
20230518OBWO02023,2023-05-18,OB,WO,두산,키움,RESULT,9회초,False,False,normal
20230518SKNC02023,2023-05-18,SK,NC,SSG,NC,BEFORE,경기취소,True,False,cancelled
20230519HHLG02023,2023-05-19,HH,LG,한화,LG,RESULT,9회초,False,False,normal
20230519OBKT02023,2023-05-19,OB,KT,두산,KT,RESULT,9회초,False,False,normal
20230519SKLT02023,2023-05-19,SK,LT,SSG,롯데,RESULT,9회초,False,False,normal
20230519SSNC02023,2023-05-19,SS,NC,삼성,NC,RESULT,9회말,False,False,normal
20230519WOHT02023,2023-05-19,WO,HT,키움,KIA,RESULT,9회초,False,False,normal
20230520HHLG02023,2023-05-20,HH,LG,한화,LG,RESULT,12회말,False,False,normal
20230520OBKT02023,2023-05-20,OB,KT,두산,KT,RESULT,9회말,False,False,normal
20230520SKLT02023,2023-05-20,SK,LT,SSG,롯데,RESULT,9회말,False,False,normal
20230520SSNC02023,2023-05-20,SS,NC,삼성,NC,RESULT,9회초,False,False,normal
20230520WOHT02023,2023-05-20,WO,HT,키움,KIA,RESULT,9회초,False,False,normal
20230521HHLG02023,2023-05-21,HH,LG,한화,LG,RESULT,9회초,False,False,normal
20230521OBKT02023,2023-05-21,OB,KT,두산,KT,RESULT,9회초,False,False,normal
20230521SKLT02023,2023-05-21,SK,LT,SSG,롯데,RESULT,9회말,False,False,normal
20230521SSNC02023,2023-05-21,SS,NC,삼성,NC,RESULT,12회말,False,False,normal
20230521WOHT02023,2023-05-21,WO,HT,키움,KIA,RESULT,9회말,False,False,normal
20230523HTHH02023,2023-05-23,HT,HH,KIA,한화,RESULT,9회초,False,False,normal
20230523LGSK02023,2023-05-23,LG,SK,LG,SSG,RESULT,9회말,False,False,normal
20230523NCLT02023,2023-05-23,NC,LT,NC,롯데,RESULT,9회초,False,False,normal
20230523SSOB02023,2023-05-23,SS,OB,삼성,두산,RESULT,9회초,False,False,normal
20230523WOKT02023,2023-05-23,WO,KT,키움,KT,RESULT,9회말,False,False,normal
20230524HTHH02023,2023-05-24,HT,HH,KIA,한화,RESULT,9회말,False,False,normal
20230524LGSK02023,2023-05-24,LG,SK,LG,SSG,RESULT,9회초,False,False,normal
20230524NCLT02023,2023-05-24,NC,LT,NC,롯데,RESULT,9회말,False,False,normal
20230524SSOB02023,2023-05-24,SS,OB,삼성,두산,RESULT,9회말,False,False,normal
20230524WOKT02023,2023-05-24,WO,KT,키움,KT,RESULT,9회초,False,False,normal
20230525HTHH02023,2023-05-25,HT,HH,KIA,한화,RESULT,9회초,False,False,normal
20230525LGSK02023,2023-05-25,LG,SK,LG,SSG,RESULT,9회말,False,False,normal
20230525NCLT02023,2023-05-25,NC,LT,NC,롯데,RESULT,9회초,False,False,normal
20230525SSOB02023,2023-05-25,SS,OB,삼성,두산,RESULT,11회말,False,False,normal
20230525WOKT02023,2023-05-25,WO,KT,키움,KT,RESULT,9회초,False,False,normal
20230526HHNC02023,2023-05-26,HH,NC,한화,NC,RESULT,9회초,False,False,normal
20230526KTSS02023,2023-05-26,KT,SS,KT,삼성,RESULT,9회말,False,False,normal
20230526LGHT02023,2023-05-26,LG,HT,LG,KIA,RESULT,9회말,False,False,normal
20230526LTWO02023,2023-05-26,LT,WO,롯데,키움,RESULT,9회말,False,False,normal
20230526SKOB02023,2023-05-26,SK,OB,SSG,두산,RESULT,9회말,False,False,normal
20230527HHNC02023,2023-05-27,HH,NC,한화,NC,RESULT,9회말,False,False,normal
20230527KTSS02023,2023-05-27,KT,SS,KT,삼성,RESULT,9회말,False,False,normal
20230527LGHT02023,2023-05-27,LG,HT,LG,KIA,RESULT,9회초,False,False,normal
20230527LTWO02023,2023-05-27,LT,WO,롯데,키움,RESULT,9회말,False,False,normal
20230527SKOB02023,2023-05-27,SK,OB,SSG,두산,BEFORE,경기취소,True,False,cancelled
20230528HHNC02023,2023-05-28,HH,NC,한화,NC,BEFORE,경기취소,True,False,cancelled
20230528KTSS02023,2023-05-28,KT,SS,KT,삼성,RESULT,9회초,False,False,normal
20230528LGHT02023,2023-05-28,LG,HT,LG,KIA,RESULT,9회말,False,False,normal
20230528LTWO02023,2023-05-28,LT,WO,롯데,키움,RESULT,9회초,False,False,normal
20230528SKOB02023,2023-05-28,SK,OB,SSG,두산,BEFORE,경기취소,True,False,cancelled
20230530KTHT02023,2023-05-30,KT,HT,KT,KIA,RESULT,9회초,False,False,normal
20230530LTLG02023,2023-05-30,LT,LG,롯데,LG,RESULT,9회초,False,False,normal
20230530OBNC02023,2023-05-30,OB,NC,두산,NC,RESULT,9회초,False,False,normal
20230530SSSK02023,2023-05-30,SS,SK,삼성,SSG,RESULT,9회초,False,False,normal
20230530WOHH02023,2023-05-30,WO,HH,키움,한화,RESULT,9회초,False,False,normal
20230531KTHT02023,2023-05-31,KT,HT,KT,KIA,RESULT,9회초,False,False,normal
20230531LTLG02023,2023-05-31,LT,LG,롯데,LG,RESULT,9회말,False,False,normal
20230531OBNC02023,2023-05-31,OB,NC,두산,NC,RESULT,9회말,False,False,normal
20230531SSSK02023,2023-05-31,SS,SK,삼성,SSG,RESULT,9회말,False,False,normal
20230531WOHH02023,2023-05-31,WO,HH,키움,한화,RESULT,9회말,False,False,normal
20230601KTHT02023,2023-06-01,KT,HT,KT,KIA,BEFORE,경기취소,True,False,cancelled
20230601LTLG02023,2023-06-01,LT,LG,롯데,LG,RESULT,9회초,False,False,normal
20230601OBNC02023,2023-06-01,OB,NC,두산,NC,BEFORE,경기취소,True,False,cancelled
20230601SSSK02023,2023-06-01,SS,SK,삼성,SSG,RESULT,9회초,False,False,normal
20230601WOHH02023,2023-06-01,WO,HH,키움,한화,RESULT,9회초,False,False,normal
20230602HTLT02023,2023-06-02,HT,LT,KIA,롯데,RESULT,9회초,False,False,normal
20230602NCLG02023,2023-06-02,NC,LG,NC,LG,RESULT,9회말,False,False,normal
20230602OBKT02023,2023-06-02,OB,KT,두산,KT,RESULT,9회말,False,False,normal
20230602SSHH02023,2023-06-02,SS,HH,삼성,한화,RESULT,9회말,False,False,normal
20230602WOSK02023,2023-06-02,WO,SK,키움,SSG,RESULT,9회말,False,False,normal
20230603HTLT02023,2023-06-03,HT,LT,KIA,롯데,RESULT,9회말,False,False,normal
20230603NCLG02023,2023-06-03,NC,LG,NC,LG,RESULT,9회말,False,False,normal
20230603OBKT02023,2023-06-03,OB,KT,두산,KT,RESULT,9회초,False,False,normal
20230603SSHH02023,2023-06-03,SS,HH,삼성,한화,RESULT,9회말,False,False,normal
20230603WOSK02023,2023-06-03,WO,SK,키움,SSG,RESULT,10회말,False,False,normal
20230604HTLT02023,2023-06-04,HT,LT,KIA,롯데,RESULT,9회말,False,False,normal
20230604NCLG02023,2023-06-04,NC,LG,NC,LG,RESULT,9회말,False,False,normal
20230604OBKT02023,2023-06-04,OB,KT,두산,KT,RESULT,9회초,False,False,normal
20230604SSHH02023,2023-06-04,SS,HH,삼성,한화,RESULT,9회초,False,False,normal
20230604WOSK02023,2023-06-04,WO,SK,키움,SSG,RESULT,9회말,False,False,normal
20230606HHOB02023,2023-06-06,HH,OB,한화,두산,RESULT,9회초,False,False,normal
20230606KTLT02023,2023-06-06,KT,LT,KT,롯데,RESULT,9회말,False,False,normal
20230606LGWO02023,2023-06-06,LG,WO,LG,키움,RESULT,9회말,False,False,normal
20230606NCSS02023,2023-06-06,NC,SS,NC,삼성,RESULT,9회초,False,False,normal
20230606SKHT02023,2023-06-06,SK,HT,SSG,KIA,RESULT,9회말,False,False,normal
20230607HHOB02023,2023-06-07,HH,OB,한화,두산,RESULT,9회초,False,False,normal
20230607KTLT02023,2023-06-07,KT,LT,KT,롯데,RESULT,10회말,False,False,normal
20230607LGWO02023,2023-06-07,LG,WO,LG,키움,RESULT,12회말,False,False,normal
20230607NCSS02023,2023-06-07,NC,SS,NC,삼성,RESULT,9회말,False,False,normal
20230607SKHT02023,2023-06-07,SK,HT,SSG,KIA,RESULT,9회말,False,False,normal
20230608HHOB02023,2023-06-08,HH,OB,한화,두산,RESULT,9회초,False,False,normal
20230608KTLT02023,2023-06-08,KT,LT,KT,롯데,RESULT,12회말,False,False,normal
20230608LGWO02023,2023-06-08,LG,WO,LG,키움,RESULT,9회초,False,False,normal
20230608NCSS02023,2023-06-08,NC,SS,NC,삼성,RESULT,9회말,False,False,normal
20230608SKHT02023,2023-06-08,SK,HT,SSG,KIA,RESULT,9회말,False,False,normal
20230609HTOB02023,2023-06-09,HT,OB,KIA,두산,RESULT,9회말,False,False,normal
20230609LGHH02023,2023-06-09,LG,HH,LG,한화,RESULT,9회말,False,False,normal
20230609LTSS02023,2023-06-09,LT,SS,롯데,삼성,RESULT,9회말,False,False,normal
20230609SKNC02023,2023-06-09,SK,NC,SSG,NC,RESULT,9회초,False,False,normal
20230609WOKT02023,2023-06-09,WO,KT,키움,KT,RESULT,10회말,False,False,normal
20230610HTOB02023,2023-06-10,HT,OB,KIA,두산,RESULT,9회말,False,False,normal
20230610LGHH02023,2023-06-10,LG,HH,LG,한화,RESULT,9회초,False,False,normal
20230610LTSS02023,2023-06-10,LT,SS,롯데,삼성,RESULT,9회초,False,False,normal
20230610SKNC02023,2023-06-10,SK,NC,SSG,NC,RESULT,9회초,False,False,normal
20230610WOKT02023,2023-06-10,WO,KT,키움,KT,RESULT,9회말,False,False,normal
20230611HTOB02023,2023-06-11,HT,OB,KIA,두산,RESULT,9회초,False,False,normal
20230611LGHH02023,2023-06-11,LG,HH,LG,한화,RESULT,9회말,False,False,normal
20230611LTSS02023,2023-06-11,LT,SS,롯데,삼성,RESULT,10회말,False,False,normal
20230611SKNC02023,2023-06-11,SK,NC,SSG,NC,RESULT,9회초,False,False,normal
20230611WOKT02023,2023-06-11,WO,KT,키움,KT,RESULT,9회말,False,False,normal
20230613HHLT02023,2023-06-13,HH,LT,한화,롯데,RESULT,9회초,False,False,normal
20230613HTWO02023,2023-06-13,HT,WO,KIA,키움,RESULT,9회초,False,False,normal
20230613KTSK02023,2023-06-13,KT,SK,KT,SSG,RESULT,9회초,False,False,normal
20230613OBNC02023,2023-06-13,OB,NC,두산,NC,RESULT,9회말,False,False,normal
20230613SSLG02023,2023-06-13,SS,LG,삼성,LG,RESULT,9회초,False,False,normal
20230614HHLT02023,2023-06-14,HH,LT,한화,롯데,RESULT,9회말,False,False,normal
20230614HTWO02023,2023-06-14,HT,WO,KIA,키움,RESULT,9회초,False,False,normal
20230614KTSK02023,2023-06-14,KT,SK,KT,SSG,RESULT,9회말,False,False,normal
20230614OBNC02023,2023-06-14,OB,NC,두산,NC,RESULT,9회말,False,False,normal
20230614SSLG02023,2023-06-14,SS,LG,삼성,LG,RESULT,9회초,False,False,normal
20230615HHLT02023,2023-06-15,HH,LT,한화,롯데,RESULT,10회말,False,False,normal
20230615HTWO02023,2023-06-15,HT,WO,KIA,키움,RESULT,9회말,False,False,normal
20230615KTSK02023,2023-06-15,KT,SK,KT,SSG,RESULT,9회말,False,False,normal
20230615OBNC02023,2023-06-15,OB,NC,두산,NC,RESULT,9회초,False,False,normal
20230615SSLG02023,2023-06-15,SS,LG,삼성,LG,RESULT,9회초,False,False,normal
20230616LTSK02023,2023-06-16,LT,SK,롯데,SSG,RESULT,9회초,False,False,normal
20230616NCHT02023,2023-06-16,NC,HT,NC,KIA,RESULT,9회초,False,False,normal
20230616OBLG02023,2023-06-16,OB,LG,두산,LG,RESULT,9회초,False,False,normal
20230616SSKT02023,2023-06-16,SS,KT,삼성,KT,RESULT,9회말,False,False,normal
20230616WOHH02023,2023-06-16,WO,HH,키움,한화,RESULT,12회말,False,False,normal
20230617LTSK02023,2023-06-17,LT,SK,롯데,SSG,RESULT,9회초,False,False,normal
20230617NCHT02023,2023-06-17,NC,HT,NC,KIA,RESULT,9회말,False,False,normal
20230617OBLG02023,2023-06-17,OB,LG,두산,LG,RESULT,9회말,False,False,normal
20230617SSKT02023,2023-06-17,SS,KT,삼성,KT,RESULT,9회초,False,False,normal
20230617WOHH02023,2023-06-17,WO,HH,키움,한화,RESULT,9회말,False,False,normal
20230618LTSK02023,2023-06-18,LT,SK,롯데,SSG,RESULT,9회말,False,False,normal
20230618NCHT02023,2023-06-18,NC,HT,NC,KIA,RESULT,12회말,False,False,normal
20230618OBLG02023,2023-06-18,OB,LG,두산,LG,RESULT,9회초,False,False,normal
20230618SSKT02023,2023-06-18,SS,KT,삼성,KT,RESULT,9회말,False,False,normal
20230618WOHH02023,2023-06-18,WO,HH,키움,한화,RESULT,11회말,False,False,normal
20230620HTHH02023,2023-06-20,HT,HH,KIA,한화,RESULT,9회말,False,False,normal
20230620LGNC02023,2023-06-20,LG,NC,LG,NC,RESULT,9회초,False,False,normal
20230620LTKT02023,2023-06-20,LT,KT,롯데,KT,RESULT,9회초,False,False,normal
20230620SKOB02023,2023-06-20,SK,OB,SSG,두산,RESULT,10회말,False,False,normal
20230620WOSS02023,2023-06-20,WO,SS,키움,삼성,RESULT,9회말,False,False,normal
20230621HTHH02023,2023-06-21,HT,HH,KIA,한화,RESULT,9회초,False,False,normal
20230621LGNC02023,2023-06-21,LG,NC,LG,NC,RESULT,10회말,False,False,normal
20230621LTKT02023,2023-06-21,LT,KT,롯데,KT,RESULT,9회초,False,False,normal
20230621SKOB02023,2023-06-21,SK,OB,SSG,두산,RESULT,9회말,False,False,normal
20230621WOSS02023,2023-06-21,WO,SS,키움,삼성,RESULT,10회말,False,False,normal
20230622HTHH02023,2023-06-22,HT,HH,KIA,한화,RESULT,9회초,False,False,normal
20230622LGNC02023,2023-06-22,LG,NC,LG,NC,RESULT,12회말,False,False,normal
20230622LTKT02023,2023-06-22,LT,KT,롯데,KT,RESULT,9회초,False,False,normal
20230622SKOB02023,2023-06-22,SK,OB,SSG,두산,RESULT,9회말,False,False,normal
20230622WOSS02023,2023-06-22,WO,SS,키움,삼성,RESULT,9회말,False,False,normal
20230623HHNC02023,2023-06-23,HH,NC,한화,NC,RESULT,9회말,False,False,normal
20230623KTHT02023,2023-06-23,KT,HT,KT,KIA,RESULT,9회말,False,False,normal
20230623LTLG02023,2023-06-23,LT,LG,롯데,LG,RESULT,9회말,False,False,normal
20230623OBWO02023,2023-06-23,OB,WO,두산,키움,RESULT,9회말,False,False,normal
20230623SSSK02023,2023-06-23,SS,SK,삼성,SSG,RESULT,9회초,False,False,normal
20230624HHNC02023,2023-06-24,HH,NC,한화,NC,RESULT,9회말,False,False,normal
20230624KTHT02023,2023-06-24,KT,HT,KT,KIA,RESULT,9회초,False,False,normal
20230624LTLG02023,2023-06-24,LT,LG,롯데,LG,RESULT,9회초,False,False,normal
20230624OBWO02023,2023-06-24,OB,WO,두산,키움,RESULT,9회초,False,False,normal
20230624SSSK02023,2023-06-24,SS,SK,삼성,SSG,RESULT,9회초,False,False,normal
20230625HHNC02023,2023-06-25,HH,NC,한화,NC,BEFORE,경기취소,True,False,cancelled
20230625KTHT02023,2023-06-25,KT,HT,KT,KIA,BEFORE,경기취소,True,False,cancelled
20230625LTLG02023,2023-06-25,LT,LG,롯데,LG,RESULT,9회초,False,False,normal
20230625OBWO02023,2023-06-25,OB,WO,두산,키움,RESULT,9회말,False,False,normal
20230625SSSK02023,2023-06-25,SS,SK,삼성,SSG,RESULT,9회말,False,False,normal
20230627KTHH02023,2023-06-27,KT,HH,KT,한화,RESULT,9회초,False,False,normal
20230627LGSK02023,2023-06-27,LG,SK,LG,SSG,RESULT,9회말,False,False,normal
20230627NCOB02023,2023-06-27,NC,OB,NC,두산,RESULT,9회초,False,False,normal
20230627SSLT02023,2023-06-27,SS,LT,삼성,롯데,RESULT,9회말,False,False,normal
20230627WOHT02023,2023-06-27,WO,HT,키움,KIA,RESULT,7회초,False,False,called
20230628KTHH02023,2023-06-28,KT,HH,KT,한화,RESULT,9회초,False,False,normal
20230628LGSK02023,2023-06-28,LG,SK,LG,SSG,RESULT,9회말,False,False,normal
20230628NCOB02023,2023-06-28,NC,OB,NC,두산,RESULT,9회말,False,False,normal
20230628SSLT02023,2023-06-28,SS,LT,삼성,롯데,RESULT,9회초,False,False,normal
20230628WOHT02023,2023-06-28,WO,HT,키움,KIA,RESULT,11회말,False,False,normal
20230629KTHH02023,2023-06-29,KT,HH,KT,한화,BEFORE,경기취소,True,False,cancelled
20230629LGSK02023,2023-06-29,LG,SK,LG,SSG,BEFORE,경기취소,True,False,cancelled
20230629NCOB02023,2023-06-29,NC,OB,NC,두산,BEFORE,경기취소,True,False,cancelled
20230629SSLT02023,2023-06-29,SS,LT,삼성,롯데,BEFORE,경기취소,True,False,cancelled
20230629WOHT02023,2023-06-29,WO,HT,키움,KIA,BEFORE,경기취소,True,False,cancelled
20230630HHSS02023,2023-06-30,HH,SS,한화,삼성,RESULT,9회말,False,False,normal
20230630HTLG02023,2023-06-30,HT,LG,KIA,LG,RESULT,9회말,False,False,normal
20230630NCKT02023,2023-06-30,NC,KT,NC,KT,RESULT,9회초,False,False,normal
20230630OBLT02023,2023-06-30,OB,LT,두산,롯데,RESULT,10회말,False,False,normal
20230630SKWO02023,2023-06-30,SK,WO,SSG,키움,RESULT,9회말,False,False,normal
20230701HHSS02023,2023-07-01,HH,SS,한화,삼성,RESULT,9회말,False,False,normal
20230701HTLG02023,2023-07-01,HT,LG,KIA,LG,RESULT,9회말,False,False,normal
20230701NCKT02023,2023-07-01,NC,KT,NC,KT,RESULT,9회말,False,False,normal
20230701OBLT02023,2023-07-01,OB,LT,두산,롯데,RESULT,9회말,False,False,normal
20230701SKWO02023,2023-07-01,SK,WO,SSG,키움,RESULT,9회초,False,False,normal
20230702HHSS02023,2023-07-02,HH,SS,한화,삼성,RESULT,9회초,False,False,normal
20230702HTLG02023,2023-07-02,HT,LG,KIA,LG,RESULT,9회초,False,False,normal
20230702NCKT02023,2023-07-02,NC,KT,NC,KT,RESULT,9회초,False,False,normal
20230702OBLT02023,2023-07-02,OB,LT,두산,롯데,RESULT,9회말,False,False,normal
20230702SKWO02023,2023-07-02,SK,WO,SSG,키움,RESULT,9회말,False,False,normal
20230704HTSK02023,2023-07-04,HT,SK,KIA,SSG,BEFORE,경기취소,True,False,cancelled
20230704KTLG02023,2023-07-04,KT,LG,KT,LG,BEFORE,경기취소,True,False,cancelled
20230704LTHH02023,2023-07-04,LT,HH,롯데,한화,BEFORE,경기취소,True,False,cancelled
20230704NCWO02023,2023-07-04,NC,WO,NC,키움,RESULT,9회초,False,False,normal
20230704OBSS02023,2023-07-04,OB,SS,두산,삼성,RESULT,10회말,False,False,normal
20230705HTSK02023,2023-07-05,HT,SK,KIA,SSG,RESULT,9회말,False,False,normal
20230705KTLG02023,2023-07-05,KT,LG,KT,LG,RESULT,9회말,False,False,normal
20230705LTHH02023,2023-07-05,LT,HH,롯데,한화,RESULT,9회초,False,False,normal
20230705NCWO02023,2023-07-05,NC,WO,NC,키움,RESULT,9회초,False,False,normal
20230705OBSS02023,2023-07-05,OB,SS,두산,삼성,RESULT,9회말,False,False,normal
20230706HTSK02023,2023-07-06,HT,SK,KIA,SSG,RESULT,9회말,False,False,normal
20230706KTLG02023,2023-07-06,KT,LG,KT,LG,RESULT,9회초,False,False,normal
20230706LTHH02023,2023-07-06,LT,HH,롯데,한화,RESULT,9회말,False,False,normal
20230706NCWO02023,2023-07-06,NC,WO,NC,키움,RESULT,10회말,False,False,normal
20230706OBSS02023,2023-07-06,OB,SS,두산,삼성,RESULT,9회말,False,False,normal
20230707HTKT02023,2023-07-07,HT,KT,KIA,KT,RESULT,9회말,False,False,normal
20230707LGLT02023,2023-07-07,LG,LT,LG,롯데,BEFORE,경기취소,True,False,cancelled
20230707SKHH02023,2023-07-07,SK,HH,SSG,한화,BEFORE,경기취소,True,False,cancelled
20230707SSNC02023,2023-07-07,SS,NC,삼성,NC,BEFORE,경기취소,True,False,cancelled
20230707WOOB02023,2023-07-07,WO,OB,키움,두산,RESULT,9회초,False,False,normal
20230708HTKT02023,2023-07-08,HT,KT,KIA,KT,RESULT,9회말,False,False,normal
20230708LGLT02023,2023-07-08,LG,LT,LG,롯데,RESULT,9회말,False,False,normal
20230708SKHH02023,2023-07-08,SK,HH,SSG,한화,RESULT,9회말,False,False,normal
20230708SSNC02023,2023-07-08,SS,NC,삼성,NC,RESULT,9회말,False,False,normal
20230708WOOB02023,2023-07-08,WO,OB,키움,두산,RESULT,9회초,False,False,normal
20230709HTKT02023,2023-07-09,HT,KT,KIA,KT,RESULT,9회말,False,False,normal
20230709LGLT02023,2023-07-09,LG,LT,LG,롯데,RESULT,9회초,False,False,normal
20230709SKHH02023,2023-07-09,SK,HH,SSG,한화,RESULT,9회초,False,False,normal
20230709SSNC02023,2023-07-09,SS,NC,삼성,NC,RESULT,9회말,False,False,normal
20230709WOOB02023,2023-07-09,WO,OB,키움,두산,RESULT,9회초,False,False,normal
20230711HHLG02023,2023-07-11,HH,LG,한화,LG,BEFORE,경기취소,True,False,cancelled
20230711KTWO02023,2023-07-11,KT,WO,KT,키움,RESULT,9회말,False,False,normal
20230711LTNC02023,2023-07-11,LT,NC,롯데,NC,BEFORE,경기취소,True,False,cancelled
20230711OBSK02023,2023-07-11,OB,SK,두산,SSG,BEFORE,경기취소,True,False,cancelled
20230711SSHT02023,2023-07-11,SS,HT,삼성,KIA,BEFORE,경기취소,True,False,cancelled
20230712HHLG02023,2023-07-12,HH,LG,한화,LG,RESULT,9회말,False,False,normal
20230712KTWO02023,2023-07-12,KT,WO,KT,키움,RESULT,9회말,False,False,normal
20230712LTNC02023,2023-07-12,LT,NC,롯데,NC,RESULT,9회초,False,False,normal
20230712OBSK02023,2023-07-12,OB,SK,두산,SSG,RESULT,9회말,False,False,normal
20230712SSHT02023,2023-07-12,SS,HT,삼성,KIA,RESULT,9회초,False,False,normal
20230713HHLG02023,2023-07-13,HH,LG,한화,LG,BEFORE,경기취소,True,False,cancelled
20230713KTWO02023,2023-07-13,KT,WO,KT,키움,RESULT,9회말,False,False,normal
20230713LTNC02023,2023-07-13,LT,NC,롯데,NC,RESULT,9회초,False,False,normal
20230713OBSK02023,2023-07-13,OB,SK,두산,SSG,BEFORE,경기취소,True,False,cancelled
20230713SSHT02023,2023-07-13,SS,HT,삼성,KIA,RESULT,9회말,False,False,normal
20230721KTSS02023,2023-07-21,KT,SS,KT,삼성,RESULT,9회말,False,False,normal
20230721NCHH02023,2023-07-21,NC,HH,NC,한화,RESULT,9회말,False,False,normal
20230721OBHT02023,2023-07-21,OB,HT,두산,KIA,RESULT,9회말,False,False,normal
20230721SKLG02023,2023-07-21,SK,LG,SSG,LG,RESULT,9회말,False,False,normal
20230721WOLT02023,2023-07-21,WO,LT,키움,롯데,RESULT,9회초,False,False,normal
20230722KTSS02023,2023-07-22,KT,SS,KT,삼성,RESULT,9회초,False,False,normal
20230722NCHH02023,2023-07-22,NC,HH,NC,한화,RESULT,9회말,False,False,normal
20230722OBHT02023,2023-07-22,OB,HT,두산,KIA,BEFORE,경기취소,True,False,cancelled
20230722SKLG02023,2023-07-22,SK,LG,SSG,LG,BEFORE,경기취소,True,False,cancelled
20230722WOLT02023,2023-07-22,WO,LT,키움,롯데,RESULT,9회말,False,False,normal
20230723KTSS02023,2023-07-23,KT,SS,KT,삼성,RESULT,9회말,False,False,normal
20230723NCHH02023,2023-07-23,NC,HH,NC,한화,BEFORE,경기취소,True,False,cancelled
20230723OBHT02023,2023-07-23,OB,HT,두산,KIA,BEFORE,경기취소,True,False,cancelled
20230723SKLG02023,2023-07-23,SK,LG,SSG,LG,BEFORE,경기취소,True,False,cancelled
20230723WOLT02023,2023-07-23,WO,LT,키움,롯데,RESULT,10회말,False,False,normal
20230725HHWO02023,2023-07-25,HH,WO,한화,키움,RESULT,9회말,False,False,normal
20230725HTNC02023,2023-07-25,HT,NC,KIA,NC,RESULT,9회초,False,False,normal
20230725LGKT02023,2023-07-25,LG,KT,LG,KT,RESULT,9회초,False,False,normal
20230725LTOB02023,2023-07-25,LT,OB,롯데,두산,RESULT,9회초,False,False,normal
20230725SKSS02023,2023-07-25,SK,SS,SSG,삼성,RESULT,9회초,False,False,normal
20230726HHWO02023,2023-07-26,HH,WO,한화,키움,RESULT,10회말,False,False,normal
20230726HTNC02023,2023-07-26,HT,NC,KIA,NC,RESULT,9회말,False,False,normal
20230726LGKT02023,2023-07-26,LG,KT,LG,KT,RESULT,12회말,False,False,normal
20230726LTOB02023,2023-07-26,LT,OB,롯데,두산,RESULT,9회말,False,False,normal
20230726SKSS02023,2023-07-26,SK,SS,SSG,삼성,RESULT,9회말,False,False,normal
20230727HHWO02023,2023-07-27,HH,WO,한화,키움,RESULT,9회초,False,False,normal
20230727HTNC02023,2023-07-27,HT,NC,KIA,NC,RESULT,9회초,False,False,normal
20230727LGKT02023,2023-07-27,LG,KT,LG,KT,RESULT,9회말,False,False,normal
20230727LTOB02023,2023-07-27,LT,OB,롯데,두산,RESULT,9회말,False,False,normal
20230727SKSS02023,2023-07-27,SK,SS,SSG,삼성,RESULT,9회초,False,False,normal
20230728HHSK02023,2023-07-28,HH,SK,한화,SSG,RESULT,9회말,False,False,normal
20230728KTNC02023,2023-07-28,KT,NC,KT,NC,RESULT,9회말,False,False,normal
20230728LGOB02023,2023-07-28,LG,OB,LG,두산,RESULT,9회말,False,False,normal
20230728LTHT02023,2023-07-28,LT,HT,롯데,KIA,RESULT,9회초,False,False,normal
20230728SSWO02023,2023-07-28,SS,WO,삼성,키움,RESULT,12회말,False,False,normal
20230729HHSK02023,2023-07-29,HH,SK,한화,SSG,RESULT,9회초,False,False,normal
20230729KTNC02023,2023-07-29,KT,NC,KT,NC,RESULT,9회말,False,False,normal
20230729LGOB02023,2023-07-29,LG,OB,LG,두산,RESULT,10회말,False,False,normal
20230729LTHT02023,2023-07-29,LT,HT,롯데,KIA,RESULT,9회초,False,False,normal
20230729SSWO02023,2023-07-29,SS,WO,삼성,키움,RESULT,9회말,False,False,normal
20230730HHSK02023,2023-07-30,HH,SK,한화,SSG,RESULT,9회초,False,False,normal
20230730KTNC02023,2023-07-30,KT,NC,KT,NC,RESULT,9회말,False,False,normal
20230730LGOB02023,2023-07-30,LG,OB,LG,두산,RESULT,9회말,False,False,normal
20230730LTHT02023,2023-07-30,LT,HT,롯데,KIA,RESULT,9회초,False,False,normal
20230730SSWO02023,2023-07-30,SS,WO,삼성,키움,RESULT,9회말,False,False,normal
20230801HTSS02023,2023-08-01,HT,SS,KIA,삼성,RESULT,9회말,False,False,normal
20230801NCLT02023,2023-08-01,NC,LT,NC,롯데,RESULT,11회말,False,False,normal
20230801OBHH02023,2023-08-01,OB,HH,두산,한화,RESULT,9회말,False,False,normal
20230801SKKT02023,2023-08-01,SK,KT,SSG,KT,RESULT,9회초,False,False,normal
20230801WOLG02023,2023-08-01,WO,LG,키움,LG,RESULT,9회초,False,False,normal
20230802HTSS02023,2023-08-02,HT,SS,KIA,삼성,RESULT,9회말,False,False,normal
20230802NCLT02023,2023-08-02,NC,LT,NC,롯데,RESULT,9회초,False,False,normal
20230802OBHH02023,2023-08-02,OB,HH,두산,한화,RESULT,12회말,False,False,normal
20230802SKKT02023,2023-08-02,SK,KT,SSG,KT,RESULT,9회초,False,False,normal
20230802WOLG02023,2023-08-02,WO,LG,키움,LG,RESULT,9회초,False,False,normal
20230803HTSS02023,2023-08-03,HT,SS,KIA,삼성,RESULT,9회말,False,False,normal
20230803NCLT02023,2023-08-03,NC,LT,NC,롯데,RESULT,9회말,False,False,normal
20230803OBHH02023,2023-08-03,OB,HH,두산,한화,RESULT,9회초,False,False,normal
20230803SKKT02023,2023-08-03,SK,KT,SSG,KT,RESULT,9회초,False,False,normal
20230803WOLG02023,2023-08-03,WO,LG,키움,LG,RESULT,12회말,False,False,normal
20230804HHHT02023,2023-08-04,HH,HT,한화,KIA,RESULT,9회초,False,False,normal
20230804KTOB02023,2023-08-04,KT,OB,KT,두산,RESULT,9회말,False,False,normal
20230804LGSS02023,2023-08-04,LG,SS,LG,삼성,RESULT,9회초,False,False,normal
20230804SKLT02023,2023-08-04,SK,LT,SSG,롯데,RESULT,9회말,False,False,normal
20230804WONC02023,2023-08-04,WO,NC,키움,NC,RESULT,9회초,False,False,normal
20230805HHHT02023,2023-08-05,HH,HT,한화,KIA,RESULT,9회초,False,False,normal
20230805KTOB02023,2023-08-05,KT,OB,KT,두산,RESULT,9회초,False,False,normal
20230805LGSS02023,2023-08-05,LG,SS,LG,삼성,RESULT,9회초,False,False,normal
20230805SKLT02023,2023-08-05,SK,LT,SSG,롯데,RESULT,10회말,False,False,normal
20230805WONC02023,2023-08-05,WO,NC,키움,NC,RESULT,9회초,False,False,normal
20230806HHHT02023,2023-08-06,HH,HT,한화,KIA,RESULT,12회말,False,False,normal
20230806KTOB02023,2023-08-06,KT,OB,KT,두산,RESULT,9회말,False,False,normal
20230806LGSS02023,2023-08-06,LG,SS,LG,삼성,RESULT,9회말,False,False,normal
20230806SKLT02023,2023-08-06,SK,LT,SSG,롯데,RESULT,9회초,False,False,normal
20230806WONC02023,2023-08-06,WO,NC,키움,NC,RESULT,9회초,False,False,normal
20230808HHKT02023,2023-08-08,HH,KT,한화,KT,RESULT,9회초,False,False,normal
20230808LGHT02023,2023-08-08,LG,HT,LG,KIA,BEFORE,경기취소,True,False,cancelled
20230808LTWO02023,2023-08-08,LT,WO,롯데,키움,RESULT,9회말,False,False,normal
20230808NCSK02023,2023-08-08,NC,SK,NC,SSG,RESULT,9회말,False,False,normal
20230808SSOB02023,2023-08-08,SS,OB,삼성,두산,RESULT,9회초,False,False,normal
20230809HHKT02023,2023-08-09,HH,KT,한화,KT,RESULT,9회초,False,False,normal
20230809LGHT02023,2023-08-09,LG,HT,LG,KIA,RESULT,9회말,False,False,normal
20230809LTWO02023,2023-08-09,LT,WO,롯데,키움,RESULT,9회초,False,False,normal
20230809NCSK02023,2023-08-09,NC,SK,NC,SSG,RESULT,9회초,False,False,normal
20230809SSOB02023,2023-08-09,SS,OB,삼성,두산,RESULT,9회말,False,False,normal
20230810HHKT02023,2023-08-10,HH,KT,한화,KT,BEFORE,경기취소,True,False,cancelled
20230810LGHT02023,2023-08-10,LG,HT,LG,KIA,BEFORE,경기취소,True,False,cancelled
20230810LTWO02023,2023-08-10,LT,WO,롯데,키움,RESULT,9회말,False,False,normal
20230810NCSK02023,2023-08-10,NC,SK,NC,SSG,BEFORE,경기취소,True,False,cancelled
20230810SSOB02023,2023-08-10,SS,OB,삼성,두산,BEFORE,경기취소,True,False,cancelled
20230811HTLT02023,2023-08-11,HT,LT,KIA,롯데,RESULT,9회초,False,False,normal
20230811NCKT02023,2023-08-11,NC,KT,NC,KT,RESULT,9회말,False,False,normal
20230811OBHH02023,2023-08-11,OB,HH,두산,한화,RESULT,9회말,False,False,normal
20230811SSSK02023,2023-08-11,SS,SK,삼성,SSG,RESULT,9회말,False,False,normal
20230811WOLG02023,2023-08-11,WO,LG,키움,LG,RESULT,9회초,False,False,normal
20230812HTLT02023,2023-08-12,HT,LT,KIA,롯데,RESULT,9회말,False,False,normal
20230812NCKT02023,2023-08-12,NC,KT,NC,KT,RESULT,9회말,False,False,normal
20230812OBHH02023,2023-08-12,OB,HH,두산,한화,RESULT,9회초,False,False,normal
20230812SSSK02023,2023-08-12,SS,SK,삼성,SSG,RESULT,10회말,False,False,normal
20230812WOLG02023,2023-08-12,WO,LG,키움,LG,RESULT,9회초,False,False,normal
20230813HTLT02023,2023-08-13,HT,LT,KIA,롯데,RESULT,9회초,False,False,normal
20230813NCKT02023,2023-08-13,NC,KT,NC,KT,RESULT,9회초,False,False,normal
20230813OBHH02023,2023-08-13,OB,HH,두산,한화,RESULT,9회초,False,False,normal
20230813SSSK02023,2023-08-13,SS,SK,삼성,SSG,RESULT,9회초,False,False,normal
20230813WOLG02023,2023-08-13,WO,LG,키움,LG,RESULT,9회초,False,False,normal
20230815HHNC02023,2023-08-15,HH,NC,한화,NC,RESULT,12회말,False,False,normal
20230815KTOB02023,2023-08-15,KT,OB,KT,두산,RESULT,9회말,False,False,normal
20230815LGSS02023,2023-08-15,LG,SS,LG,삼성,RESULT,9회초,False,False,normal
20230815SKLT02023,2023-08-15,SK,LT,SSG,롯데,RESULT,9회초,False,False,normal
20230815WOHT02023,2023-08-15,WO,HT,키움,KIA,RESULT,9회말,False,False,normal
20230816HHNC02023,2023-08-16,HH,NC,한화,NC,RESULT,9회말,False,False,normal
20230816KTOB02023,2023-08-16,KT,OB,KT,두산,RESULT,9회말,False,False,normal
20230816LGSS02023,2023-08-16,LG,SS,LG,삼성,RESULT,9회말,False,False,normal
20230816SKLT02023,2023-08-16,SK,LT,SSG,롯데,RESULT,9회초,False,False,normal
20230816WOHT02023,2023-08-16,WO,HT,키움,KIA,RESULT,9회초,False,False,normal
20230817HHNC02023,2023-08-17,HH,NC,한화,NC,RESULT,10회말,False,False,normal
20230817KTOB02023,2023-08-17,KT,OB,KT,두산,RESULT,9회말,False,False,normal
20230817LGSS02023,2023-08-17,LG,SS,LG,삼성,RESULT,9회초,False,False,normal
20230817SKLT02023,2023-08-17,SK,LT,SSG,롯데,RESULT,9회초,False,False,normal
20230817WOHT02023,2023-08-17,WO,HT,키움,KIA,RESULT,9회초,False,False,normal
20230818HTSS02023,2023-08-18,HT,SS,KIA,삼성,RESULT,9회초,False,False,normal
20230818KTHH02023,2023-08-18,KT,HH,KT,한화,RESULT,9회초,False,False,normal
20230818LGSK02023,2023-08-18,LG,SK,LG,SSG,RESULT,12회말,False,False,normal
20230818LTWO02023,2023-08-18,LT,WO,롯데,키움,RESULT,9회초,False,False,normal
20230818NCOB02023,2023-08-18,NC,OB,NC,두산,BEFORE,경기취소,True,False,cancelled
20230819HTSS02023,2023-08-19,HT,SS,KIA,삼성,RESULT,9회말,False,False,normal
20230819KTHH02023,2023-08-19,KT,HH,KT,한화,RESULT,10회말,False,False,normal
20230819LGSK02023,2023-08-19,LG,SK,LG,SSG,RESULT,9회말,False,False,normal
20230819LTWO02023,2023-08-19,LT,WO,롯데,키움,RESULT,9회초,False,False,normal
20230819NCOB02023,2023-08-19,NC,OB,NC,두산,RESULT,9회초,False,False,normal
20230820HTSS02023,2023-08-20,HT,SS,KIA,삼성,RESULT,9회초,False,False,normal
20230820KTHH02023,2023-08-20,KT,HH,KT,한화,RESULT,9회말,False,False,normal
20230820LGSK02023,2023-08-20,LG,SK,LG,SSG,RESULT,9회초,False,False,normal
20230820LTWO02023,2023-08-20,LT,WO,롯데,키움,RESULT,9회초,False,False,normal
20230820NCOB02023,2023-08-20,NC,OB,NC,두산,RESULT,9회말,False,False,normal
20230822HTKT02023,2023-08-22,HT,KT,KIA,KT,RESULT,9회초,False,False,normal
20230822LTLG02023,2023-08-22,LT,LG,롯데,LG,BEFORE,경기취소,True,False,cancelled
20230822NCSK02023,2023-08-22,NC,SK,NC,SSG,BEFORE,경기취소,True,False,cancelled
20230822OBWO02023,2023-08-22,OB,WO,두산,키움,RESULT,9회말,False,False,normal
20230822SSHH02023,2023-08-22,SS,HH,삼성,한화,RESULT,9회말,False,False,normal
20230823HTKT02023,2023-08-23,HT,KT,KIA,KT,BEFORE,경기취소,True,False,cancelled
20230823LTLG02023,2023-08-23,LT,LG,롯데,LG,BEFORE,경기취소,True,False,cancelled
20230823NCSK02023,2023-08-23,NC,SK,NC,SSG,BEFORE,경기취소,True,False,cancelled
20230823OBWO02023,2023-08-23,OB,WO,두산,키움,RESULT,9회말,False,False,normal
20230823SSHH02023,2023-08-23,SS,HH,삼성,한화,BEFORE,경기취소,True,False,cancelled
20230824HTKT02023,2023-08-24,HT,KT,KIA,KT,RESULT,9회말,False,False,normal
20230824LTLG02023,2023-08-24,LT,LG,롯데,LG,RESULT,9회초,False,False,normal
20230824NCSK02023,2023-08-24,NC,SK,NC,SSG,RESULT,9회초,False,False,normal
20230824OBWO02023,2023-08-24,OB,WO,두산,키움,RESULT,9회말,False,False,normal
20230824SSHH02023,2023-08-24,SS,HH,삼성,한화,BEFORE,경기취소,True,False,cancelled
20230825HHHT02023,2023-08-25,HH,HT,한화,KIA,RESULT,9회초,False,False,normal
20230825KTLT02023,2023-08-25,KT,LT,KT,롯데,RESULT,9회말,False,False,normal
20230825LGNC02023,2023-08-25,LG,NC,LG,NC,RESULT,9회초,False,False,normal
20230825SKOB02023,2023-08-25,SK,OB,SSG,두산,RESULT,9회초,False,False,normal
20230825WOSS02023,2023-08-25,WO,SS,키움,삼성,RESULT,9회말,False,False,normal
20230826HHHT02023,2023-08-26,HH,HT,한화,KIA,RESULT,9회초,False,False,normal
20230826KTLT02023,2023-08-26,KT,LT,KT,롯데,RESULT,9회말,False,False,normal
20230826LGNC02023,2023-08-26,LG,NC,LG,NC,RESULT,9회말,False,False,normal
20230826SKOB02023,2023-08-26,SK,OB,SSG,두산,RESULT,9회말,False,False,normal
20230826WOSS02023,2023-08-26,WO,SS,키움,삼성,RESULT,9회초,False,False,normal
20230827HHHT02023,2023-08-27,HH,HT,한화,KIA,RESULT,9회초,False,False,normal
20230827KTLT02023,2023-08-27,KT,LT,KT,롯데,RESULT,9회말,False,False,normal
20230827LGNC02023,2023-08-27,LG,NC,LG,NC,RESULT,9회초,False,False,normal
20230827SKOB02023,2023-08-27,SK,OB,SSG,두산,RESULT,10회말,False,False,normal
20230827WOSS02023,2023-08-27,WO,SS,키움,삼성,RESULT,9회초,False,False,normal
20230829LTHH02023,2023-08-29,LT,HH,롯데,한화,BEFORE,경기취소,True,False,cancelled
20230829NCHT02023,2023-08-29,NC,HT,NC,KIA,BEFORE,경기취소,True,False,cancelled
20230829OBLG02023,2023-08-29,OB,LG,두산,LG,BEFORE,경기취소,True,False,cancelled
20230829SSKT02023,2023-08-29,SS,KT,삼성,KT,BEFORE,경기취소,True,False,cancelled
20230829WOSK02023,2023-08-29,WO,SK,키움,SSG,BEFORE,경기취소,True,False,cancelled
20230830LTHH02023,2023-08-30,LT,HH,롯데,한화,BEFORE,경기취소,True,False,cancelled
20230830NCHT02023,2023-08-30,NC,HT,NC,KIA,BEFORE,경기취소,True,False,cancelled
20230830OBLG02023,2023-08-30,OB,LG,두산,LG,BEFORE,경기취소,True,False,cancelled
20230830SSKT02023,2023-08-30,SS,KT,삼성,KT,BEFORE,경기취소,True,False,cancelled
20230830WOSK02023,2023-08-30,WO,SK,키움,SSG,RESULT,9회초,False,False,normal
20230831LTHH02023,2023-08-31,LT,HH,롯데,한화,RESULT,9회말,False,False,normal
20230831NCHT02023,2023-08-31,NC,HT,NC,KIA,RESULT,9회초,False,False,normal
20230831OBLG02023,2023-08-31,OB,LG,두산,LG,RESULT,10회말,False,False,normal
20230831SSKT02023,2023-08-31,SS,KT,삼성,KT,RESULT,9회초,False,False,normal
20230831WOSK02023,2023-08-31,WO,SK,키움,SSG,RESULT,12회말,False,False,normal
20230901HHLG02023,2023-09-01,HH,LG,한화,LG,RESULT,9회초,False,False,normal
20230901HTSK02023,2023-09-01,HT,SK,KIA,SSG,RESULT,9회말,False,False,normal
20230901KTWO02023,2023-09-01,KT,WO,KT,키움,RESULT,9회초,False,False,normal
20230901NCSS02023,2023-09-01,NC,SS,NC,삼성,RESULT,9회말,False,False,normal
20230901OBLT02023,2023-09-01,OB,LT,두산,롯데,BEFORE,경기취소,True,False,cancelled
20230902HHLG02023,2023-09-02,HH,LG,한화,LG,RESULT,9회말,False,False,normal
20230902HTSK02023,2023-09-02,HT,SK,KIA,SSG,RESULT,9회말,False,False,normal
20230902KTWO02023,2023-09-02,KT,WO,KT,키움,RESULT,9회초,False,False,normal
20230902NCSS02023,2023-09-02,NC,SS,NC,삼성,RESULT,9회말,False,False,normal
20230902OBLT02023,2023-09-02,OB,LT,두산,롯데,BEFORE,경기취소,True,False,cancelled
20230903HHLG02023,2023-09-03,HH,LG,한화,LG,RESULT,9회말,False,False,normal
20230903HTSK02023,2023-09-03,HT,SK,KIA,SSG,RESULT,9회말,False,False,normal
20230903KTWO02023,2023-09-03,KT,WO,KT,키움,RESULT,9회초,False,False,normal
20230903NCSS02023,2023-09-03,NC,SS,NC,삼성,RESULT,9회초,False,False,normal
20230903OBLT02023,2023-09-03,OB,LT,두산,롯데,RESULT,9회말,False,False,normal
20230904OBLT02023,2023-09-04,OB,LT,두산,롯데,RESULT,9회초,False,False,normal
20230905HTOB02023,2023-09-05,HT,OB,KIA,두산,BEFORE,경기취소,True,False,cancelled
20230905LGKT02023,2023-09-05,LG,KT,LG,KT,RESULT,9회말,False,False,normal
20230905SKHH02023,2023-09-05,SK,HH,SSG,한화,RESULT,9회말,False,False,normal
20230905SSLT02023,2023-09-05,SS,LT,삼성,롯데,RESULT,9회초,False,False,normal
20230905WONC02023,2023-09-05,WO,NC,키움,NC,RESULT,9회초,False,False,normal
20230906HTOB02023,2023-09-06,HT,OB,KIA,두산,RESULT,9회말,False,False,normal
20230906LGKT02023,2023-09-06,LG,KT,LG,KT,RESULT,9회말,False,False,normal
20230906SKHH02023,2023-09-06,SK,HH,SSG,한화,RESULT,11회말,False,False,normal
20230906SSLT02023,2023-09-06,SS,LT,삼성,롯데,RESULT,9회말,False,False,normal
20230906WONC02023,2023-09-06,WO,NC,키움,NC,RESULT,9회초,False,False,normal
20230907HTOB02023,2023-09-07,HT,OB,KIA,두산,RESULT,9회초,False,False,normal
20230907LGKT02023,2023-09-07,LG,KT,LG,KT,RESULT,9회말,False,False,normal
20230907SKHH02023,2023-09-07,SK,HH,SSG,한화,RESULT,9회초,False,False,normal
20230907SSLT02023,2023-09-07,SS,LT,삼성,롯데,RESULT,11회말,False,False,normal
20230907WONC02023,2023-09-07,WO,NC,키움,NC,RESULT,9회초,False,False,normal
20230908HHWO02023,2023-09-08,HH,WO,한화,키움,RESULT,12회말,False,False,normal
20230908LGHT02023,2023-09-08,LG,HT,LG,KIA,RESULT,9회말,False,False,normal
20230908LTNC02023,2023-09-08,LT,NC,롯데,NC,RESULT,9회초,False,False,normal
20230908SKKT02023,2023-09-08,SK,KT,SSG,KT,RESULT,9회초,False,False,normal
20230908SSOB02023,2023-09-08,SS,OB,삼성,두산,RESULT,9회말,False,False,normal
20230909HHWO12023,2023-09-09,HH,WO,한화,키움,RESULT,9회말,False,False,normal
20230909HHWO22023,2023-09-09,HH,WO,한화,키움,RESULT,9회말,False,False,normal
20230909LGHT12023,2023-09-09,LG,HT,LG,KIA,RESULT,9회초,False,False,normal
20230909LGHT22023,2023-09-09,LG,HT,LG,KIA,RESULT,9회초,False,False,normal
20230909LTNC12023,2023-09-09,LT,NC,롯데,NC,RESULT,9회말,False,False,normal
20230909LTNC22023,2023-09-09,LT,NC,롯데,NC,RESULT,9회초,False,False,normal
20230909SKKT02023,2023-09-09,SK,KT,SSG,KT,RESULT,12회말,False,False,normal
20230909SSOB12023,2023-09-09,SS,OB,삼성,두산,RESULT,9회말,False,False,normal
20230909SSOB22023,2023-09-09,SS,OB,삼성,두산,RESULT,9회초,False,False,normal
20230910HHWO02023,2023-09-10,HH,WO,한화,키움,RESULT,9회말,False,False,normal
20230910LGHT02023,2023-09-10,LG,HT,LG,KIA,RESULT,9회초,False,False,normal
20230910LTNC02023,2023-09-10,LT,NC,롯데,NC,RESULT,9회초,False,False,normal
20230910SKKT02023,2023-09-10,SK,KT,SSG,KT,RESULT,9회말,False,False,normal
20230910SSOB02023,2023-09-10,SS,OB,삼성,두산,RESULT,9회초,False,False,normal
20230912HHOB02023,2023-09-12,HH,OB,한화,두산,RESULT,9회초,False,False,normal
20230912HTSS02023,2023-09-12,HT,SS,KIA,삼성,RESULT,9회초,False,False,normal
20230912KTSK02023,2023-09-12,KT,SK,KT,SSG,RESULT,9회말,False,False,normal
20230912NCLT02023,2023-09-12,NC,LT,NC,롯데,RESULT,9회말,False,False,normal
20230913KTNC02023,2023-09-13,KT,NC,KT,NC,RESULT,9회말,False,False,normal
20230913LTHT02023,2023-09-13,LT,HT,롯데,KIA,RESULT,6회초,False,False,called
20230913SKOB02023,2023-09-13,SK,OB,SSG,두산,BEFORE,경기취소,True,False,cancelled
20230914KTSS02023,2023-09-14,KT,SS,KT,삼성,RESULT,9회초,False,False,normal
20230914LGNC02023,2023-09-14,LG,NC,LG,NC,BEFORE,경기취소,True,False,cancelled
20230914LTHT02023,2023-09-14,LT,HT,롯데,KIA,BEFORE,경기취소,True,False,cancelled
20230914SKOB02023,2023-09-14,SK,OB,SSG,두산,RESULT,9회말,False,False,normal
20230915LGHH02023,2023-09-15,LG,HH,LG,한화,RESULT,6회말,False,False,called
20230915OBHT02023,2023-09-15,OB,HT,두산,KIA,RESULT,9회말,False,False,normal
20230915SSNC02023,2023-09-15,SS,NC,삼성,NC,RESULT,9회초,False,False,normal
20230915WOLT02023,2023-09-15,WO,LT,키움,롯데,RESULT,10회말,False,False,normal
20230916KTHH02023,2023-09-16,KT,HH,KT,한화,BEFORE,경기취소,True,False,cancelled
20230916OBHT02023,2023-09-16,OB,HT,두산,KIA,BEFORE,경기취소,True,False,cancelled
20230916SKLG02023,2023-09-16,SK,LG,SSG,LG,RESULT,9회초,False,False,normal
20230916SSNC02023,2023-09-16,SS,NC,삼성,NC,BEFORE,경기취소,True,False,cancelled
20230916WOLT02023,2023-09-16,WO,LT,키움,롯데,BEFORE,경기취소,True,False,cancelled
20230917KTHH12023,2023-09-17,KT,HH,KT,한화,RESULT,9회말,False,False,normal
20230917KTHH22023,2023-09-17,KT,HH,KT,한화,RESULT,9회말,False,False,normal
20230917LTSS02023,2023-09-17,LT,SS,롯데,삼성,RESULT,9회말,False,False,normal
20230917OBHT02023,2023-09-17,OB,HT,두산,KIA,RESULT,9회말,False,False,normal
20230917SKLG12023,2023-09-17,SK,LG,SSG,LG,RESULT,9회초,False,False,normal
20230917SKLG22023,2023-09-17,SK,LG,SSG,LG,RESULT,9회초,False,False,normal
20230918KTHH02023,2023-09-18,KT,HH,KT,한화,RESULT,9회초,False,False,normal
20230918OBHT02023,2023-09-18,OB,HT,두산,KIA,RESULT,9회말,False,False,normal
20230919LGHT02023,2023-09-19,LG,HT,LG,KIA,RESULT,9회말,False,False,normal
20230919NCOB02023,2023-09-19,NC,OB,NC,두산,RESULT,9회말,False,False,normal
20230919SKHH02023,2023-09-19,SK,HH,SSG,한화,RESULT,9회말,False,False,normal
20230919SSKT02023,2023-09-19,SS,KT,삼성,KT,RESULT,9회초,False,False,normal
20230919WOLT02023,2023-09-19,WO,LT,키움,롯데,RESULT,9회말,False,False,normal
20230920LGKT02023,2023-09-20,LG,KT,LG,KT,BEFORE,경기취소,True,False,cancelled
20230920LTHH02023,2023-09-20,LT,HH,롯데,한화,BEFORE,경기취소,True,False,cancelled
20230920NCOB02023,2023-09-20,NC,OB,NC,두산,BEFORE,경기취소,True,False,cancelled
20230920SKSS02023,2023-09-20,SK,SS,SSG,삼성,BEFORE,경기취소,True,False,cancelled
20230920WOHT02023,2023-09-20,WO,HT,키움,KIA,BEFORE,경기취소,True,False,cancelled
20230921HTHH02023,2023-09-21,HT,HH,KIA,한화,RESULT,9회초,False,False,normal
20230921LGSK02023,2023-09-21,LG,SK,LG,SSG,RESULT,9회말,False,False,normal
20230921LTKT02023,2023-09-21,LT,KT,롯데,KT,RESULT,9회초,False,False,normal
20230921NCWO02023,2023-09-21,NC,WO,NC,키움,RESULT,9회초,False,False,normal
20230921OBSS02023,2023-09-21,OB,SS,두산,삼성,RESULT,9회말,False,False,normal
20230922KTHT02023,2023-09-22,KT,HT,KT,KIA,RESULT,9회초,False,False,normal
20230922LTSK02023,2023-09-22,LT,SK,롯데,SSG,RESULT,9회말,False,False,normal
20230922NCLG02023,2023-09-22,NC,LG,NC,LG,RESULT,9회말,False,False,normal
20230922OBSS02023,2023-09-22,OB,SS,두산,삼성,RESULT,9회말,False,False,normal
20230922WOHH02023,2023-09-22,WO,HH,키움,한화,RESULT,9회말,False,False,normal
20230923HHLG02023,2023-09-23,HH,LG,한화,LG,RESULT,9회초,False,False,normal
20230923KTHT02023,2023-09-23,KT,HT,KT,KIA,RESULT,9회말,False,False,normal
20230923LTSK02023,2023-09-23,LT,SK,롯데,SSG,RESULT,9회초,False,False,normal
20230923OBNC02023,2023-09-23,OB,NC,두산,NC,RESULT,9회말,False,False,normal
20230924HHLG02023,2023-09-24,HH,LG,한화,LG,RESULT,9회초,False,False,normal
20230924KTHT02023,2023-09-24,KT,HT,KT,KIA,RESULT,9회말,False,False,normal
20230924LTSK02023,2023-09-24,LT,SK,롯데,SSG,RESULT,9회말,False,False,normal
20230924OBNC02023,2023-09-24,OB,NC,두산,NC,RESULT,11회말,False,False,normal
20230926HTNC02023,2023-09-26,HT,NC,KIA,NC,RESULT,9회말,False,False,normal
20230926KTLG02023,2023-09-26,KT,LG,KT,LG,BEFORE,경기취소,True,False,cancelled
20230926OBSK02023,2023-09-26,OB,SK,두산,SSG,BEFORE,경기취소,True,False,cancelled
20230926SSHH02023,2023-09-26,SS,HH,삼성,한화,BEFORE,경기취소,True,False,cancelled
20230927HTNC12023,2023-09-27,HT,NC,KIA,NC,RESULT,9회초,False,False,normal
20230927HTNC22023,2023-09-27,HT,NC,KIA,NC,RESULT,9회말,False,False,normal
20230927KTLG12023,2023-09-27,KT,LG,KT,LG,RESULT,9회초,False,False,normal
20230927KTLG22023,2023-09-27,KT,LG,KT,LG,RESULT,9회초,False,False,normal
20230927OBSK12023,2023-09-27,OB,SK,두산,SSG,RESULT,9회말,False,False,normal
20230927OBSK22023,2023-09-27,OB,SK,두산,SSG,RESULT,9회초,False,False,normal
20230927SSHH12023,2023-09-27,SS,HH,삼성,한화,RESULT,9회말,False,False,normal
20230927SSHH22023,2023-09-27,SS,HH,삼성,한화,RESULT,9회초,False,False,normal
20230928HHLT02023,2023-09-28,HH,LT,한화,롯데,RESULT,9회초,False,False,normal
20230928HTNC02023,2023-09-28,HT,NC,KIA,NC,RESULT,9회초,False,False,normal
20230928SKWO02023,2023-09-28,SK,WO,SSG,키움,RESULT,9회초,False,False,normal
20230928SSLG02023,2023-09-28,SS,LG,삼성,LG,RESULT,9회말,False,False,normal
20230929HHLT02023,2023-09-29,HH,LT,한화,롯데,RESULT,9회초,False,False,normal
20230929HTWO02023,2023-09-29,HT,WO,KIA,키움,RESULT,9회말,False,False,normal
20230929LGOB02023,2023-09-29,LG,OB,LG,두산,RESULT,9회말,False,False,normal
20230930HTSK02023,2023-09-30,HT,SK,KIA,SSG,RESULT,10회말,False,False,normal
20230930LGOB02023,2023-09-30,LG,OB,LG,두산,RESULT,9회초,False,False,normal
20230930NCSS02023,2023-09-30,NC,SS,NC,삼성,RESULT,9회초,False,False,normal
20231001HTSK02023,2023-10-01,HT,SK,KIA,SSG,RESULT,10회말,False,False,normal
20231001LGOB02023,2023-10-01,LG,OB,LG,두산,RESULT,9회말,False,False,normal
20231001NCHH02023,2023-10-01,NC,HH,NC,한화,RESULT,9회초,False,False,normal
20231001SSLT02023,2023-10-01,SS,LT,삼성,롯데,RESULT,9회초,False,False,normal
20231001WOKT02023,2023-10-01,WO,KT,키움,KT,RESULT,9회초,False,False,normal
20231002LGKT02023,2023-10-02,LG,KT,LG,KT,RESULT,9회말,False,False,normal
20231002NCHH02023,2023-10-02,NC,HH,NC,한화,RESULT,9회초,False,False,normal
20231002SSLT12023,2023-10-02,SS,LT,삼성,롯데,RESULT,9회말,False,False,normal
20231002SSLT22023,2023-10-02,SS,LT,삼성,롯데,RESULT,9회말,False,False,normal
20231002WOOB02023,2023-10-02,WO,OB,키움,두산,RESULT,9회초,False,False,normal
20231003HTKT02023,2023-10-03,HT,KT,KIA,KT,RESULT,9회말,False,False,normal
20231003NCSK02023,2023-10-03,NC,SK,NC,SSG,RESULT,9회초,False,False,normal
20231003SSLT02023,2023-10-03,SS,LT,삼성,롯데,RESULT,9회초,False,False,normal
20231003WOOB02023,2023-10-03,WO,OB,키움,두산,RESULT,9회말,False,False,normal
20231004HHSS02023,2023-10-04,HH,SS,한화,삼성,RESULT,9회말,False,False,normal
20231004HTKT12023,2023-10-04,HT,KT,KIA,KT,RESULT,9회말,False,False,normal
20231004HTKT22023,2023-10-04,HT,KT,KIA,KT,RESULT,9회초,False,False,normal
20231004LGLT02023,2023-10-04,LG,LT,LG,롯데,RESULT,9회말,False,False,normal
20231004NCSK02023,2023-10-04,NC,SK,NC,SSG,RESULT,9회초,False,False,normal
20231005HHSS02023,2023-10-05,HH,SS,한화,삼성,RESULT,9회초,False,False,normal
20231005HTKT02023,2023-10-05,HT,KT,KIA,KT,RESULT,9회초,False,False,normal
20231005LGLT02023,2023-10-05,LG,LT,LG,롯데,RESULT,9회말,False,False,normal
20231005NCSK02023,2023-10-05,NC,SK,NC,SSG,RESULT,9회초,False,False,normal
20231006HHSK02023,2023-10-06,HH,SK,한화,SSG,RESULT,9회초,False,False,normal
20231006HTLG02023,2023-10-06,HT,LG,KIA,LG,RESULT,9회말,False,False,normal
20231006SSKT02023,2023-10-06,SS,KT,삼성,KT,RESULT,9회말,False,False,normal
20231007HHKT02023,2023-10-07,HH,KT,한화,KT,RESULT,9회초,False,False,normal
20231007LGWO02023,2023-10-07,LG,WO,LG,키움,RESULT,9회초,False,False,normal
20231007LTOB02023,2023-10-07,LT,OB,롯데,두산,RESULT,9회말,False,False,normal
20231007SKNC02023,2023-10-07,SK,NC,SSG,NC,RESULT,9회초,False,False,normal
20231008HHKT02023,2023-10-08,HH,KT,한화,KT,RESULT,9회초,False,False,normal
20231008LTOB02023,2023-10-08,LT,OB,롯데,두산,RESULT,9회초,False,False,normal
20231008SKNC02023,2023-10-08,SK,NC,SSG,NC,RESULT,9회말,False,False,normal
20231008SSHT02023,2023-10-08,SS,HT,삼성,KIA,RESULT,9회초,False,False,normal
20231009HHNC02023,2023-10-09,HH,NC,한화,NC,RESULT,9회초,False,False,normal
20231009LTLG02023,2023-10-09,LT,LG,롯데,LG,RESULT,9회말,False,False,normal
20231009SSHT02023,2023-10-09,SS,HT,삼성,KIA,RESULT,9회초,False,False,normal
20231010HHNC02023,2023-10-10,HH,NC,한화,NC,RESULT,9회초,False,False,normal
20231010LTLG02023,2023-10-10,LT,LG,롯데,LG,RESULT,9회초,False,False,normal
20231010OBKT02023,2023-10-10,OB,KT,두산,KT,RESULT,9회말,False,False,normal
20231010SKHT02023,2023-10-10,SK,HT,SSG,KIA,RESULT,9회말,False,False,normal
20231010SSWO02023,2023-10-10,SS,WO,삼성,키움,RESULT,9회초,False,False,normal
20231011OBLT02023,2023-10-11,OB,LT,두산,롯데,RESULT,9회초,False,False,normal
20231011WOHT02023,2023-10-11,WO,HT,키움,KIA,RESULT,9회초,False,False,normal
20231012LTHT02023,2023-10-12,LT,HT,롯데,KIA,RESULT,9회초,False,False,normal
20231012NCOB02023,2023-10-12,NC,OB,NC,두산,RESULT,9회초,False,False,normal
20231013HTOB02023,2023-10-13,HT,OB,KIA,두산,RESULT,9회초,False,False,normal
20231013LGNC02023,2023-10-13,LG,NC,LG,NC,RESULT,9회초,False,False,normal
20231013WOSK02023,2023-10-13,WO,SK,키움,SSG,RESULT,9회말,False,False,normal
20231014LTHH02023,2023-10-14,LT,HH,롯데,한화,RESULT,9회초,False,False,normal
20231014OBLG02023,2023-10-14,OB,LG,두산,LG,RESULT,9회말,False,False,normal
20231014SKSS02023,2023-10-14,SK,SS,SSG,삼성,RESULT,9회초,False,False,normal
20231015LTHH02023,2023-10-15,LT,HH,롯데,한화,RESULT,9회초,False,False,normal
20231015OBLG02023,2023-10-15,OB,LG,두산,LG,RESULT,9회초,False,False,normal
20231015SSNC02023,2023-10-15,SS,NC,삼성,NC,RESULT,9회초,False,False,normal
20231016LTHH02023,2023-10-16,LT,HH,롯데,한화,RESULT,9회말,False,False,normal
20231016NCHT02023,2023-10-16,NC,HT,NC,KIA,RESULT,9회초,False,False,normal
20231016SKOB02023,2023-10-16,SK,OB,SSG,두산,RESULT,9회말,False,False,normal
20231017NCHT02023,2023-10-17,NC,HT,NC,KIA,RESULT,9회초,False,False,normal
20231017OBSK02023,2023-10-17,OB,SK,두산,SSG,RESULT,9회초,False,False,normal
20240308HTLT02024,2024-03-08,HT,LT,KIA,롯데,BEFORE,경기전,False,False,not_completed
20240308LGKT02024,2024-03-08,LG,KT,LG,KT,BEFORE,경기전,False,False,not_completed
20240308OBHH02024,2024-03-08,OB,HH,두산,한화,BEFORE,경기전,False,False,not_completed
20240308SKSS02024,2024-03-08,SK,SS,SSG,삼성,BEFORE,경기전,False,False,not_completed
20240308WONC02024,2024-03-08,WO,NC,키움,NC,BEFORE,경기전,False,False,not_completed
20240309HTNC02024,2024-03-09,HT,NC,KIA,NC,RESULT,9회말,False,False,normal
20240309LGKT02024,2024-03-09,LG,KT,LG,KT,RESULT,9회말,False,False,normal
20240309SKLT02024,2024-03-09,SK,LT,SSG,롯데,RESULT,9회초,False,False,normal
20240309SSHH02024,2024-03-09,SS,HH,삼성,한화,RESULT,9회초,False,False,normal
20240309WOOB02024,2024-03-09,WO,OB,키움,두산,RESULT,9회초,False,False,normal
20240310HTNC02024,2024-03-10,HT,NC,KIA,NC,RESULT,9회초,False,False,normal
20240310LGKT02024,2024-03-10,LG,KT,LG,KT,RESULT,9회초,False,False,normal
20240310SKLT02024,2024-03-10,SK,LT,SSG,롯데,RESULT,9회초,False,False,normal
20240310SSHH02024,2024-03-10,SS,HH,삼성,한화,RESULT,9회말,False,False,normal
20240310WOOB02024,2024-03-10,WO,OB,키움,두산,RESULT,9회초,False,False,normal
20240311HTHH02024,2024-03-11,HT,HH,KIA,한화,RESULT,9회말,False,False,normal
20240311LGSS02024,2024-03-11,LG,SS,LG,삼성,RESULT,9회말,False,False,normal
20240311OBLT02024,2024-03-11,OB,LT,두산,롯데,RESULT,9회말,False,False,normal
20240311SKKT02024,2024-03-11,SK,KT,SSG,KT,RESULT,9회말,False,False,normal
20240311WONC02024,2024-03-11,WO,NC,키움,NC,RESULT,9회초,False,False,normal
20240312HTHH02024,2024-03-12,HT,HH,KIA,한화,RESULT,8회초,False,False,called
20240312LGSS02024,2024-03-12,LG,SS,LG,삼성,RESULT,9회말,False,False,normal
20240312OBLT02024,2024-03-12,OB,LT,두산,롯데,BEFORE,경기취소,True,False,cancelled
20240312SKKT02024,2024-03-12,SK,KT,SSG,KT,RESULT,9회초,False,False,normal
20240312WONC02024,2024-03-12,WO,NC,키움,NC,RESULT,9회말,False,False,normal
20240314HTOB02024,2024-03-14,HT,OB,KIA,두산,RESULT,9회초,False,False,normal
20240314KTHH02024,2024-03-14,KT,HH,KT,한화,RESULT,9회초,False,False,normal
20240314LGNC02024,2024-03-14,LG,NC,LG,NC,RESULT,9회초,False,False,normal
20240314LTSS02024,2024-03-14,LT,SS,롯데,삼성,RESULT,9회말,False,False,normal
20240314WOSK02024,2024-03-14,WO,SK,키움,SSG,RESULT,9회말,False,False,normal
20240315HTOB02024,2024-03-15,HT,OB,KIA,두산,RESULT,9회초,False,False,normal
20240315KTHH02024,2024-03-15,KT,HH,KT,한화,RESULT,9회말,False,False,normal
20240315LGNC02024,2024-03-15,LG,NC,LG,NC,RESULT,9회말,False,False,normal
20240315LTSS02024,2024-03-15,LT,SS,롯데,삼성,RESULT,9회초,False,False,normal
20240315WOSK02024,2024-03-15,WO,SK,키움,SSG,RESULT,9회초,False,False,normal
20240316HHLT02024,2024-03-16,HH,LT,한화,롯데,RESULT,9회말,False,False,normal
20240316KTHT02024,2024-03-16,KT,HT,KT,KIA,RESULT,9회말,False,False,normal
20240316NCSS02024,2024-03-16,NC,SS,NC,삼성,RESULT,9회초,False,False,normal
20240316OBSK02024,2024-03-16,OB,SK,두산,SSG,RESULT,9회말,False,False,normal
20240316WOLG02024,2024-03-16,WO,LG,키움,LG,RESULT,9회초,False,False,normal
20240317HHLT02024,2024-03-17,HH,LT,한화,롯데,RESULT,9회말,False,False,normal
20240317KTHT02024,2024-03-17,KT,HT,KT,KIA,RESULT,9회초,False,False,normal
20240317NCSS02024,2024-03-17,NC,SS,NC,삼성,RESULT,9회말,False,False,normal
20240317OBSK02024,2024-03-17,OB,SK,두산,SSG,RESULT,9회말,False,False,normal
20240318LTKT02024,2024-03-18,LT,KT,롯데,KT,RESULT,9회초,False,False,normal
20240318NCSK02024,2024-03-18,NC,SK,NC,SSG,RESULT,9회초,False,False,normal
20240318OBHH02024,2024-03-18,OB,HH,두산,한화,RESULT,9회말,False,False,normal
20240318SSHT02024,2024-03-18,SS,HT,삼성,KIA,RESULT,9회말,False,False,normal
20240319LTKT02024,2024-03-19,LT,KT,롯데,KT,BEFORE,경기취소,True,False,cancelled
20240319NCSK02024,2024-03-19,NC,SK,NC,SSG,RESULT,9회말,False,False,normal
20240319OBHH02024,2024-03-19,OB,HH,두산,한화,RESULT,9회말,False,False,normal
20240319SSHT02024,2024-03-19,SS,HT,삼성,KIA,RESULT,9회초,False,False,normal
20240319WOLG02024,2024-03-19,WO,LG,키움,LG,RESULT,9회초,False,False,normal
20240323HHLG02024,2024-03-23,HH,LG,한화,LG,RESULT,9회초,False,False,normal
20240323LTSK02024,2024-03-23,LT,SK,롯데,SSG,RESULT,9회초,False,False,normal
20240323OBNC02024,2024-03-23,OB,NC,두산,NC,RESULT,9회말,False,False,normal
20240323SSKT02024,2024-03-23,SS,KT,삼성,KT,RESULT,10회말,False,False,normal
20240323WOHT02024,2024-03-23,WO,HT,키움,KIA,RESULT,9회초,False,False,normal
20240324HHLG02024,2024-03-24,HH,LG,한화,LG,RESULT,9회말,False,False,normal
20240324LTSK02024,2024-03-24,LT,SK,롯데,SSG,RESULT,9회말,False,False,normal
20240324OBNC02024,2024-03-24,OB,NC,두산,NC,RESULT,9회말,False,False,normal
20240324SSKT02024,2024-03-24,SS,KT,삼성,KT,RESULT,9회말,False,False,normal
20240324WOHT02024,2024-03-24,WO,HT,키움,KIA,BEFORE,경기취소,True,False,cancelled
20240326HHSK02024,2024-03-26,HH,SK,한화,SSG,RESULT,9회말,False,False,normal
20240326LTHT02024,2024-03-26,LT,HT,롯데,KIA,RESULT,9회초,False,False,normal
20240326OBKT02024,2024-03-26,OB,KT,두산,KT,RESULT,9회말,False,False,normal
20240326SSLG02024,2024-03-26,SS,LG,삼성,LG,RESULT,9회말,False,False,normal
20240326WONC02024,2024-03-26,WO,NC,키움,NC,RESULT,9회초,False,False,normal
20240327HHSK02024,2024-03-27,HH,SK,한화,SSG,RESULT,9회말,False,False,normal
20240327LTHT02024,2024-03-27,LT,HT,롯데,KIA,RESULT,9회초,False,False,normal
20240327OBKT02024,2024-03-27,OB,KT,두산,KT,RESULT,9회말,False,False,normal
20240327SSLG02024,2024-03-27,SS,LG,삼성,LG,RESULT,12회말,False,False,normal
20240327WONC02024,2024-03-27,WO,NC,키움,NC,RESULT,9회초,False,False,normal
20240328HHSK02024,2024-03-28,HH,SK,한화,SSG,RESULT,9회말,False,False,normal
20240328LTHT02024,2024-03-28,LT,HT,롯데,KIA,BEFORE,경기취소,True,False,cancelled
20240328OBKT02024,2024-03-28,OB,KT,두산,KT,RESULT,9회말,False,False,normal
20240328SSLG02024,2024-03-28,SS,LG,삼성,LG,RESULT,9회초,False,False,normal
20240328WONC02024,2024-03-28,WO,NC,키움,NC,BEFORE,경기취소,True,False,cancelled
20240329HTOB02024,2024-03-29,HT,OB,KIA,두산,RESULT,9회말,False,False,normal
20240329KTHH02024,2024-03-29,KT,HH,KT,한화,RESULT,9회말,False,False,normal
20240329LGWO02024,2024-03-29,LG,WO,LG,키움,RESULT,9회말,False,False,normal
20240329NCLT02024,2024-03-29,NC,LT,NC,롯데,RESULT,9회초,False,False,normal
20240329SKSS02024,2024-03-29,SK,SS,SSG,삼성,RESULT,9회말,False,False,normal
20240330HTOB02024,2024-03-30,HT,OB,KIA,두산,RESULT,9회초,False,False,normal
20240330KTHH02024,2024-03-30,KT,HH,KT,한화,RESULT,9회초,False,False,normal
20240330LGWO02024,2024-03-30,LG,WO,LG,키움,RESULT,9회초,False,False,normal
20240330NCLT02024,2024-03-30,NC,LT,NC,롯데,RESULT,9회말,False,False,normal
20240330SKSS02024,2024-03-30,SK,SS,SSG,삼성,RESULT,9회말,False,False,normal
20240331HTOB02024,2024-03-31,HT,OB,KIA,두산,RESULT,9회말,False,False,normal
20240331KTHH02024,2024-03-31,KT,HH,KT,한화,RESULT,9회초,False,False,normal
20240331LGWO02024,2024-03-31,LG,WO,LG,키움,RESULT,9회초,False,False,normal
20240331NCLT02024,2024-03-31,NC,LT,NC,롯데,RESULT,11회말,False,False,normal
20240331SKSS02024,2024-03-31,SK,SS,SSG,삼성,RESULT,11회말,False,False,normal
20240402HTKT02024,2024-04-02,HT,KT,KIA,KT,RESULT,9회초,False,False,normal
20240402LTHH02024,2024-04-02,LT,HH,롯데,한화,RESULT,9회말,False,False,normal
20240402NCLG02024,2024-04-02,NC,LG,NC,LG,RESULT,9회말,False,False,normal
20240402OBSK02024,2024-04-02,OB,SK,두산,SSG,RESULT,9회초,False,False,normal
20240402WOSS02024,2024-04-02,WO,SS,키움,삼성,RESULT,9회말,False,False,normal
20240403HTKT02024,2024-04-03,HT,KT,KIA,KT,RESULT,9회말,False,False,normal
20240403LTHH02024,2024-04-03,LT,HH,롯데,한화,BEFORE,경기취소,True,False,cancelled
20240403NCLG02024,2024-04-03,NC,LG,NC,LG,RESULT,9회초,False,False,normal
20240403OBSK02024,2024-04-03,OB,SK,두산,SSG,RESULT,9회초,False,False,normal
20240403WOSS02024,2024-04-03,WO,SS,키움,삼성,BEFORE,경기취소,True,False,cancelled
20240404HTKT02024,2024-04-04,HT,KT,KIA,KT,RESULT,9회말,False,False,normal
20240404LTHH02024,2024-04-04,LT,HH,롯데,한화,RESULT,9회초,False,False,normal
20240404NCLG02024,2024-04-04,NC,LG,NC,LG,RESULT,11회말,False,False,normal
20240404OBSK02024,2024-04-04,OB,SK,두산,SSG,RESULT,10회말,False,False,normal
20240404WOSS02024,2024-04-04,WO,SS,키움,삼성,RESULT,9회말,False,False,normal
20240405HHWO02024,2024-04-05,HH,WO,한화,키움,RESULT,9회초,False,False,normal
20240405KTLG02024,2024-04-05,KT,LG,KT,LG,RESULT,10회말,False,False,normal
20240405OBLT02024,2024-04-05,OB,LT,두산,롯데,RESULT,9회말,False,False,normal
20240405SKNC02024,2024-04-05,SK,NC,SSG,NC,RESULT,9회초,False,False,normal
20240405SSHT02024,2024-04-05,SS,HT,삼성,KIA,RESULT,9회초,False,False,normal
20240406HHWO02024,2024-04-06,HH,WO,한화,키움,RESULT,9회초,False,False,normal
20240406KTLG02024,2024-04-06,KT,LG,KT,LG,RESULT,9회말,False,False,normal
20240406OBLT02024,2024-04-06,OB,LT,두산,롯데,RESULT,9회초,False,False,normal
20240406SKNC02024,2024-04-06,SK,NC,SSG,NC,RESULT,9회초,False,False,normal
20240406SSHT02024,2024-04-06,SS,HT,삼성,KIA,RESULT,9회말,False,False,normal
20240407HHWO02024,2024-04-07,HH,WO,한화,키움,RESULT,11회말,False,False,normal
20240407KTLG02024,2024-04-07,KT,LG,KT,LG,RESULT,9회초,False,False,normal
20240407OBLT02024,2024-04-07,OB,LT,두산,롯데,RESULT,10회말,False,False,normal
20240407SKNC02024,2024-04-07,SK,NC,SSG,NC,RESULT,9회초,False,False,normal
20240407SSHT02024,2024-04-07,SS,HT,삼성,KIA,RESULT,9회말,False,False,normal
20240409HHOB02024,2024-04-09,HH,OB,한화,두산,RESULT,9회초,False,False,normal
20240409KTNC02024,2024-04-09,KT,NC,KT,NC,RESULT,9회말,False,False,normal
20240409LGHT02024,2024-04-09,LG,HT,LG,KIA,RESULT,9회초,False,False,normal
20240409SSLT02024,2024-04-09,SS,LT,삼성,롯데,RESULT,9회말,False,False,normal
20240409WOSK02024,2024-04-09,WO,SK,키움,SSG,RESULT,9회초,False,False,normal
20240410HHOB02024,2024-04-10,HH,OB,한화,두산,RESULT,9회초,False,False,normal
20240410KTNC02024,2024-04-10,KT,NC,KT,NC,RESULT,9회초,False,False,normal
20240410LGHT02024,2024-04-10,LG,HT,LG,KIA,RESULT,9회초,False,False,normal
20240410SSLT02024,2024-04-10,SS,LT,삼성,롯데,RESULT,10회말,False,False,normal
20240410WOSK02024,2024-04-10,WO,SK,키움,SSG,RESULT,9회초,False,False,normal
20240411HHOB02024,2024-04-11,HH,OB,한화,두산,RESULT,9회말,False,False,normal
20240411KTNC02024,2024-04-11,KT,NC,KT,NC,RESULT,10회말,False,False,normal
20240411LGHT02024,2024-04-11,LG,HT,LG,KIA,RESULT,9회초,False,False,normal
20240411SSLT02024,2024-04-11,SS,LT,삼성,롯데,RESULT,9회말,False,False,normal
20240411WOSK02024,2024-04-11,WO,SK,키움,SSG,RESULT,9회말,False,False,normal
20240412HTHH02024,2024-04-12,HT,HH,KIA,한화,RESULT,9회말,False,False,normal
20240412LGOB02024,2024-04-12,LG,OB,LG,두산,RESULT,9회말,False,False,normal
20240412LTWO02024,2024-04-12,LT,WO,롯데,키움,RESULT,9회초,False,False,normal
20240412NCSS02024,2024-04-12,NC,SS,NC,삼성,RESULT,9회말,False,False,normal
20240412SKKT02024,2024-04-12,SK,KT,SSG,KT,RESULT,9회초,False,False,normal
20240413HTHH02024,2024-04-13,HT,HH,KIA,한화,RESULT,9회말,False,False,normal
20240413LGOB02024,2024-04-13,LG,OB,LG,두산,RESULT,9회초,False,False,normal
20240413LTWO02024,2024-04-13,LT,WO,롯데,키움,RESULT,9회초,False,False,normal
20240413NCSS02024,2024-04-13,NC,SS,NC,삼성,RESULT,9회말,False,False,normal
20240413SKKT02024,2024-04-13,SK,KT,SSG,KT,RESULT,9회말,False,False,normal
20240414HTHH02024,2024-04-14,HT,HH,KIA,한화,RESULT,9회말,False,False,normal
20240414LGOB02024,2024-04-14,LG,OB,LG,두산,RESULT,9회초,False,False,normal
20240414LTWO02024,2024-04-14,LT,WO,롯데,키움,RESULT,9회초,False,False,normal
20240414NCSS02024,2024-04-14,NC,SS,NC,삼성,RESULT,9회초,False,False,normal
20240414SKKT02024,2024-04-14,SK,KT,SSG,KT,RESULT,9회말,False,False,normal
20240416HHNC02024,2024-04-16,HH,NC,한화,NC,RESULT,9회말,False,False,normal
20240416HTSK02024,2024-04-16,HT,SK,KIA,SSG,RESULT,9회말,False,False,normal
20240416KTWO02024,2024-04-16,KT,WO,KT,키움,RESULT,9회초,False,False,normal
20240416LTLG02024,2024-04-16,LT,LG,롯데,LG,RESULT,9회초,False,False,normal
20240416OBSS02024,2024-04-16,OB,SS,두산,삼성,RESULT,9회초,False,False,normal
20240417HHNC02024,2024-04-17,HH,NC,한화,NC,RESULT,9회초,False,False,normal
20240417HTSK02024,2024-04-17,HT,SK,KIA,SSG,RESULT,9회말,False,False,normal
20240417KTWO02024,2024-04-17,KT,WO,KT,키움,RESULT,9회말,False,False,normal
20240417LTLG02024,2024-04-17,LT,LG,롯데,LG,RESULT,9회말,False,False,normal
20240417OBSS02024,2024-04-17,OB,SS,두산,삼성,RESULT,9회초,False,False,normal
20240418HHNC02024,2024-04-18,HH,NC,한화,NC,BEFORE,경기취소,True,False,cancelled
20240418HTSK02024,2024-04-18,HT,SK,KIA,SSG,RESULT,9회초,False,False,normal
20240418KTWO02024,2024-04-18,KT,WO,KT,키움,RESULT,9회말,False,False,normal
20240418LTLG02024,2024-04-18,LT,LG,롯데,LG,RESULT,9회말,False,False,normal
20240418OBSS02024,2024-04-18,OB,SS,두산,삼성,RESULT,9회초,False,False,normal
20240419KTLT02024,2024-04-19,KT,LT,KT,롯데,RESULT,9회초,False,False,normal
20240419LGSK02024,2024-04-19,LG,SK,LG,SSG,RESULT,9회말,False,False,normal
20240419NCHT02024,2024-04-19,NC,HT,NC,KIA,RESULT,10회말,False,False,normal
20240419SSHH02024,2024-04-19,SS,HH,삼성,한화,RESULT,9회초,False,False,normal
20240419WOOB02024,2024-04-19,WO,OB,키움,두산,RESULT,9회초,False,False,normal
20240420KTLT02024,2024-04-20,KT,LT,KT,롯데,BEFORE,경기취소,True,False,cancelled
20240420LGSK02024,2024-04-20,LG,SK,LG,SSG,BEFORE,경기취소,True,False,cancelled
20240420NCHT02024,2024-04-20,NC,HT,NC,KIA,RESULT,9회초,False,False,normal
20240420SSHH02024,2024-04-20,SS,HH,삼성,한화,RESULT,9회말,False,False,normal
20240420WOOB02024,2024-04-20,WO,OB,키움,두산,BEFORE,경기취소,True,False,cancelled
20240421KTLT12024,2024-04-21,KT,LT,KT,롯데,RESULT,9회말,False,False,normal
20240421KTLT22024,2024-04-21,KT,LT,KT,롯데,RESULT,9회초,False,False,normal
20240421LGSK12024,2024-04-21,LG,SK,LG,SSG,RESULT,9회말,False,False,normal
20240421LGSK22024,2024-04-21,LG,SK,LG,SSG,RESULT,9회말,False,False,normal
20240421NCHT02024,2024-04-21,NC,HT,NC,KIA,RESULT,9회말,False,False,normal
20240421SSHH02024,2024-04-21,SS,HH,삼성,한화,RESULT,9회말,False,False,normal
20240421WOOB12024,2024-04-21,WO,OB,키움,두산,RESULT,9회말,False,False,normal
20240421WOOB22024,2024-04-21,WO,OB,키움,두산,RESULT,9회말,False,False,normal
20240423HHKT02024,2024-04-23,HH,KT,한화,KT,RESULT,9회초,False,False,normal
20240423HTWO02024,2024-04-23,HT,WO,KIA,키움,RESULT,10회말,False,False,normal
20240423LGSS02024,2024-04-23,LG,SS,LG,삼성,RESULT,8회초,False,False,called
20240423NCOB02024,2024-04-23,NC,OB,NC,두산,RESULT,9회초,False,False,normal
20240423SKLT02024,2024-04-23,SK,LT,SSG,롯데,BEFORE,경기취소,True,False,cancelled
20240424HHKT02024,2024-04-24,HH,KT,한화,KT,RESULT,9회초,False,False,normal
20240424HTWO02024,2024-04-24,HT,WO,KIA,키움,RESULT,9회말,False,False,normal
20240424LGSS02024,2024-04-24,LG,SS,LG,삼성,RESULT,9회초,False,False,normal
20240424NCOB02024,2024-04-24,NC,OB,NC,두산,RESULT,9회말,False,False,normal
20240424SKLT02024,2024-04-24,SK,LT,SSG,롯데,RESULT,9회말,False,False,normal
20240425HHKT02024,2024-04-25,HH,KT,한화,KT,RESULT,9회초,False,False,normal
20240425HTWO02024,2024-04-25,HT,WO,KIA,키움,RESULT,9회말,False,False,normal
20240425LGSS02024,2024-04-25,LG,SS,LG,삼성,RESULT,9회말,False,False,normal
20240425NCOB02024,2024-04-25,NC,OB,NC,두산,RESULT,9회초,False,False,normal
20240425SKLT02024,2024-04-25,SK,LT,SSG,롯데,RESULT,9회초,False,False,normal
20240426HTLG02024,2024-04-26,HT,LG,KIA,LG,RESULT,9회초,False,False,normal
20240426KTSK02024,2024-04-26,KT,SK,KT,SSG,RESULT,9회초,False,False,normal
20240426LTNC02024,2024-04-26,LT,NC,롯데,NC,RESULT,9회초,False,False,normal
20240426OBHH02024,2024-04-26,OB,HH,두산,한화,RESULT,9회말,False,False,normal
20240426SSWO02024,2024-04-26,SS,WO,삼성,키움,RESULT,9회말,False,False,normal
20240427HTLG02024,2024-04-27,HT,LG,KIA,LG,RESULT,9회초,False,False,normal
20240427KTSK02024,2024-04-27,KT,SK,KT,SSG,RESULT,9회말,False,False,normal
20240427LTNC02024,2024-04-27,LT,NC,롯데,NC,RESULT,9회초,False,False,normal
20240427OBHH02024,2024-04-27,OB,HH,두산,한화,RESULT,9회초,False,False,normal
20240427SSWO02024,2024-04-27,SS,WO,삼성,키움,RESULT,9회말,False,False,normal
20240428HTLG02024,2024-04-28,HT,LG,KIA,LG,RESULT,9회말,False,False,normal
20240428KTSK02024,2024-04-28,KT,SK,KT,SSG,RESULT,9회초,False,False,normal
20240428LTNC02024,2024-04-28,LT,NC,롯데,NC,RESULT,9회초,False,False,normal
20240428OBHH02024,2024-04-28,OB,HH,두산,한화,RESULT,9회말,False,False,normal
20240428SSWO02024,2024-04-28,SS,WO,삼성,키움,RESULT,9회말,False,False,normal
20240430KTHT02024,2024-04-30,KT,HT,KT,KIA,RESULT,9회말,False,False,normal
20240430LGNC02024,2024-04-30,LG,NC,LG,NC,RESULT,9회초,False,False,normal
20240430SKHH02024,2024-04-30,SK,HH,SSG,한화,RESULT,9회초,False,False,normal
20240430SSOB02024,2024-04-30,SS,OB,삼성,두산,RESULT,9회초,False,False,normal
20240430WOLT02024,2024-04-30,WO,LT,키움,롯데,RESULT,9회말,False,False,normal
20240501KTHT02024,2024-05-01,KT,HT,KT,KIA,RESULT,9회초,False,False,normal
20240501LGNC02024,2024-05-01,LG,NC,LG,NC,RESULT,9회말,False,False,normal
20240501SKHH02024,2024-05-01,SK,HH,SSG,한화,RESULT,9회말,False,False,normal
20240501SSOB02024,2024-05-01,SS,OB,삼성,두산,RESULT,9회말,False,False,normal
20240501WOLT02024,2024-05-01,WO,LT,키움,롯데,RESULT,9회말,False,False,normal
20240502KTHT02024,2024-05-02,KT,HT,KT,KIA,RESULT,9회말,False,False,normal
20240502LGNC02024,2024-05-02,LG,NC,LG,NC,RESULT,10회말,False,False,normal
20240502SKHH02024,2024-05-02,SK,HH,SSG,한화,RESULT,9회말,False,False,normal
20240502SSOB02024,2024-05-02,SS,OB,삼성,두산,RESULT,9회말,False,False,normal
20240502WOLT02024,2024-05-02,WO,LT,키움,롯데,RESULT,9회초,False,False,normal
20240503HHHT02024,2024-05-03,HH,HT,한화,KIA,RESULT,9회말,False,False,normal
20240503LTSS02024,2024-05-03,LT,SS,롯데,삼성,RESULT,9회말,False,False,normal
20240503NCSK02024,2024-05-03,NC,SK,NC,SSG,RESULT,9회말,False,False,normal
20240503OBLG02024,2024-05-03,OB,LG,두산,LG,RESULT,9회말,False,False,normal
20240503WOKT02024,2024-05-03,WO,KT,키움,KT,RESULT,10회말,False,False,normal
20240504HHHT02024,2024-05-04,HH,HT,한화,KIA,RESULT,9회초,False,False,normal
20240504LTSS02024,2024-05-04,LT,SS,롯데,삼성,RESULT,9회말,False,False,normal
20240504NCSK02024,2024-05-04,NC,SK,NC,SSG,RESULT,9회말,False,False,normal
20240504OBLG02024,2024-05-04,OB,LG,두산,LG,RESULT,9회말,False,False,normal
20240504WOKT02024,2024-05-04,WO,KT,키움,KT,RESULT,9회초,False,False,normal
20240505HHHT02024,2024-05-05,HH,HT,한화,KIA,BEFORE,경기취소,True,False,cancelled
20240505LTSS02024,2024-05-05,LT,SS,롯데,삼성,BEFORE,경기취소,True,False,cancelled
20240505NCSK02024,2024-05-05,NC,SK,NC,SSG,BEFORE,경기취소,True,False,cancelled
20240505OBLG02024,2024-05-05,OB,LG,두산,LG,BEFORE,경기취소,True,False,cancelled
20240505WOKT02024,2024-05-05,WO,KT,키움,KT,BEFORE,경기취소,True,False,cancelled
20240507HHLT02024,2024-05-07,HH,LT,한화,롯데,BEFORE,경기취소,True,False,cancelled
20240507HTSS02024,2024-05-07,HT,SS,KIA,삼성,BEFORE,경기취소,True,False,cancelled
20240507NCKT02024,2024-05-07,NC,KT,NC,KT,BEFORE,경기취소,True,False,cancelled
20240507OBWO02024,2024-05-07,OB,WO,두산,키움,RESULT,9회말,False,False,normal
20240507SKLG02024,2024-05-07,SK,LG,SSG,LG,RESULT,9회말,False,False,normal
20240508HHLT02024,2024-05-08,HH,LT,한화,롯데,RESULT,9회초,False,False,normal
20240508HTSS02024,2024-05-08,HT,SS,KIA,삼성,RESULT,12회말,False,False,normal
20240508NCKT02024,2024-05-08,NC,KT,NC,KT,RESULT,11회말,False,False,normal
20240508OBWO02024,2024-05-08,OB,WO,두산,키움,RESULT,9회말,False,False,normal
20240508SKLG02024,2024-05-08,SK,LG,SSG,LG,RESULT,9회초,False,False,normal
20240509HHLT02024,2024-05-09,HH,LT,한화,롯데,RESULT,9회초,False,False,normal
20240509HTSS02024,2024-05-09,HT,SS,KIA,삼성,RESULT,9회초,False,False,normal
20240509NCKT02024,2024-05-09,NC,KT,NC,KT,RESULT,9회초,False,False,normal
20240509OBWO02024,2024-05-09,OB,WO,두산,키움,RESULT,9회말,False,False,normal
20240509SKLG02024,2024-05-09,SK,LG,SSG,LG,RESULT,9회초,False,False,normal
20240510KTOB02024,2024-05-10,KT,OB,KT,두산,RESULT,9회초,False,False,normal
20240510LGLT02024,2024-05-10,LG,LT,LG,롯데,RESULT,9회말,False,False,normal
20240510SKHT02024,2024-05-10,SK,HT,SSG,KIA,RESULT,9회말,False,False,normal
20240510SSNC02024,2024-05-10,SS,NC,삼성,NC,RESULT,9회초,False,False,normal
20240510WOHH02024,2024-05-10,WO,HH,키움,한화,RESULT,10회말,False,False,normal
20240511KTOB02024,2024-05-11,KT,OB,KT,두산,BEFORE,경기취소,True,False,cancelled
20240511LGLT02024,2024-05-11,LG,LT,LG,롯데,RESULT,9회말,False,False,normal
20240511SKHT02024,2024-05-11,SK,HT,SSG,KIA,BEFORE,경기취소,True,False,cancelled
20240511SSNC02024,2024-05-11,SS,NC,삼성,NC,RESULT,9회말,False,False,normal
20240511WOHH02024,2024-05-11,WO,HH,키움,한화,RESULT,9회말,False,False,normal
20240512KTOB12024,2024-05-12,KT,OB,KT,두산,RESULT,9회초,False,False,normal
20240512KTOB22024,2024-05-12,KT,OB,KT,두산,RESULT,9회초,False,False,normal
20240512LGLT02024,2024-05-12,LG,LT,LG,롯데,RESULT,9회말,False,False,normal
20240512SKHT12024,2024-05-12,SK,HT,SSG,KIA,RESULT,9회초,False,False,normal
20240512SKHT22024,2024-05-12,SK,HT,SSG,KIA,RESULT,9회말,False,False,normal
20240512SSNC02024,2024-05-12,SS,NC,삼성,NC,RESULT,9회말,False,False,normal
20240512WOHH02024,2024-05-12,WO,HH,키움,한화,RESULT,9회초,False,False,normal
20240514LTKT02024,2024-05-14,LT,KT,롯데,KT,RESULT,9회초,False,False,normal
20240514NCHH02024,2024-05-14,NC,HH,NC,한화,RESULT,12회말,False,False,normal
20240514OBHT02024,2024-05-14,OB,HT,두산,KIA,RESULT,9회말,False,False,normal
20240514SSSK02024,2024-05-14,SS,SK,삼성,SSG,RESULT,9회초,False,False,normal
20240514WOLG02024,2024-05-14,WO,LG,키움,LG,RESULT,9회말,False,False,normal
20240515LTKT02024,2024-05-15,LT,KT,롯데,KT,BEFORE,경기취소,True,False,cancelled
20240515NCHH02024,2024-05-15,NC,HH,NC,한화,RESULT,7회말,False,False,called
20240515OBHT02024,2024-05-15,OB,HT,두산,KIA,RESULT,9회초,False,False,normal
20240515SSSK02024,2024-05-15,SS,SK,삼성,SSG,BEFORE,경기취소,True,False,cancelled
20240515WOLG02024,2024-05-15,WO,LG,키움,LG,BEFORE,경기취소,True,False,cancelled
20240516LTKT02024,2024-05-16,LT,KT,롯데,KT,RESULT,9회말,False,False,normal
20240516NCHH02024,2024-05-16,NC,HH,NC,한화,RESULT,9회말,False,False,normal
20240516OBHT02024,2024-05-16,OB,HT,두산,KIA,RESULT,12회말,False,False,normal
20240516SSSK02024,2024-05-16,SS,SK,삼성,SSG,RESULT,9회말,False,False,normal
20240516WOLG02024,2024-05-16,WO,LG,키움,LG,RESULT,9회말,False,False,normal
20240517HHSS02024,2024-05-17,HH,SS,한화,삼성,RESULT,9회초,False,False,normal
20240517HTNC02024,2024-05-17,HT,NC,KIA,NC,RESULT,9회말,False,False,normal
20240517LGKT02024,2024-05-17,LG,KT,LG,KT,RESULT,9회말,False,False,normal
20240517LTOB02024,2024-05-17,LT,OB,롯데,두산,RESULT,9회말,False,False,normal
20240517SKWO02024,2024-05-17,SK,WO,SSG,키움,RESULT,9회말,False,False,normal
20240518HHSS02024,2024-05-18,HH,SS,한화,삼성,RESULT,9회말,False,False,normal
20240518HTNC02024,2024-05-18,HT,NC,KIA,NC,RESULT,9회말,False,False,normal
20240518LGKT02024,2024-05-18,LG,KT,LG,KT,RESULT,9회말,False,False,normal
20240518LTOB02024,2024-05-18,LT,OB,롯데,두산,RESULT,9회초,False,False,normal
20240518SKWO02024,2024-05-18,SK,WO,SSG,키움,RESULT,9회말,False,False,normal
20240519HHSS02024,2024-05-19,HH,SS,한화,삼성,RESULT,9회말,False,False,normal
20240519HTNC02024,2024-05-19,HT,NC,KIA,NC,RESULT,9회말,False,False,normal
20240519LGKT02024,2024-05-19,LG,KT,LG,KT,RESULT,9회초,False,False,normal
20240519LTOB02024,2024-05-19,LT,OB,롯데,두산,RESULT,12회말,False,False,normal
20240519SKWO02024,2024-05-19,SK,WO,SSG,키움,RESULT,9회초,False,False,normal
20240521HTLT02024,2024-05-21,HT,LT,KIA,롯데,RESULT,9회초,False,False,normal
20240521KTSS02024,2024-05-21,KT,SS,KT,삼성,RESULT,11회말,False,False,normal
20240521LGHH02024,2024-05-21,LG,HH,LG,한화,RESULT,9회초,False,False,normal
20240521NCWO02024,2024-05-21,NC,WO,NC,키움,RESULT,9회말,False,False,normal
20240521SKOB02024,2024-05-21,SK,OB,SSG,두산,RESULT,9회초,False,False,normal
20240522HTLT02024,2024-05-22,HT,LT,KIA,롯데,RESULT,9회초,False,False,normal
20240522KTSS02024,2024-05-22,KT,SS,KT,삼성,RESULT,9회초,False,False,normal
20240522LGHH02024,2024-05-22,LG,HH,LG,한화,RESULT,9회초,False,False,normal
20240522NCWO02024,2024-05-22,NC,WO,NC,키움,RESULT,9회말,False,False,normal
20240522SKOB02024,2024-05-22,SK,OB,SSG,두산,RESULT,9회초,False,False,normal
20240523HTLT02024,2024-05-23,HT,LT,KIA,롯데,RESULT,9회초,False,False,normal
20240523KTSS02024,2024-05-23,KT,SS,KT,삼성,RESULT,9회말,False,False,normal
20240523LGHH02024,2024-05-23,LG,HH,LG,한화,RESULT,9회말,False,False,normal
20240523NCWO02024,2024-05-23,NC,WO,NC,키움,RESULT,9회초,False,False,normal
20240523SKOB02024,2024-05-23,SK,OB,SSG,두산,RESULT,9회초,False,False,normal
20240524HHSK02024,2024-05-24,HH,SK,한화,SSG,RESULT,9회말,False,False,normal
20240524NCLG02024,2024-05-24,NC,LG,NC,LG,RESULT,9회초,False,False,normal
20240524OBHT02024,2024-05-24,OB,HT,두산,KIA,RESULT,9회말,False,False,normal
20240524SSLT02024,2024-05-24,SS,LT,삼성,롯데,RESULT,9회말,False,False,normal
20240524WOKT02024,2024-05-24,WO,KT,키움,KT,RESULT,10회말,False,False,normal
20240525HHSK02024,2024-05-25,HH,SK,한화,SSG,RESULT,10회말,False,False,normal
20240525NCLG02024,2024-05-25,NC,LG,NC,LG,RESULT,9회초,False,False,normal
20240525OBHT02024,2024-05-25,OB,HT,두산,KIA,RESULT,9회초,False,False,normal
20240525SSLT02024,2024-05-25,SS,LT,삼성,롯데,RESULT,9회초,False,False,normal
20240525WOKT02024,2024-05-25,WO,KT,키움,KT,RESULT,9회초,False,False,normal
20240526HHSK02024,2024-05-26,HH,SK,한화,SSG,BEFORE,경기취소,True,False,cancelled
20240526NCLG02024,2024-05-26,NC,LG,NC,LG,RESULT,9회초,False,False,normal
20240526OBHT02024,2024-05-26,OB,HT,두산,KIA,RESULT,9회초,False,False,normal
20240526SSLT02024,2024-05-26,SS,LT,삼성,롯데,RESULT,9회초,False,False,normal
20240526WOKT02024,2024-05-26,WO,KT,키움,KT,BEFORE,경기취소,True,False,cancelled
20240528HTNC02024,2024-05-28,HT,NC,KIA,NC,RESULT,9회말,False,False,normal
20240528KTOB02024,2024-05-28,KT,OB,KT,두산,RESULT,9회말,False,False,normal
20240528LGSK02024,2024-05-28,LG,SK,LG,SSG,RESULT,9회말,False,False,normal
20240528LTHH02024,2024-05-28,LT,HH,롯데,한화,RESULT,9회초,False,False,normal
20240528WOSS02024,2024-05-28,WO,SS,키움,삼성,RESULT,9회말,False,False,normal
20240529HTNC02024,2024-05-29,HT,NC,KIA,NC,RESULT,9회말,False,False,normal
20240529KTOB02024,2024-05-29,KT,OB,KT,두산,RESULT,9회초,False,False,normal
20240529LGSK02024,2024-05-29,LG,SK,LG,SSG,RESULT,9회말,False,False,normal
20240529LTHH02024,2024-05-29,LT,HH,롯데,한화,RESULT,9회초,False,False,normal
20240529WOSS02024,2024-05-29,WO,SS,키움,삼성,RESULT,9회말,False,False,normal
20240530HTNC02024,2024-05-30,HT,NC,KIA,NC,RESULT,9회말,False,False,normal
20240530KTOB02024,2024-05-30,KT,OB,KT,두산,RESULT,9회초,False,False,normal
20240530LGSK02024,2024-05-30,LG,SK,LG,SSG,RESULT,9회초,False,False,normal
20240530LTHH02024,2024-05-30,LT,HH,롯데,한화,RESULT,9회초,False,False,normal
20240530WOSS02024,2024-05-30,WO,SS,키움,삼성,RESULT,9회초,False,False,normal
20240531HHSS02024,2024-05-31,HH,SS,한화,삼성,RESULT,9회초,False,False,normal
20240531KTHT02024,2024-05-31,KT,HT,KT,KIA,RESULT,9회말,False,False,normal
20240531LGOB02024,2024-05-31,LG,OB,LG,두산,RESULT,9회말,False,False,normal
20240531NCLT02024,2024-05-31,NC,LT,NC,롯데,RESULT,9회초,False,False,normal
20240531SKWO02024,2024-05-31,SK,WO,SSG,키움,RESULT,9회말,False,False,normal
20240601HHSS02024,2024-06-01,HH,SS,한화,삼성,RESULT,9회초,False,False,normal
20240601KTHT02024,2024-06-01,KT,HT,KT,KIA,RESULT,9회초,False,False,normal
20240601LGOB02024,2024-06-01,LG,OB,LG,두산,RESULT,11회말,False,False,normal
20240601NCLT02024,2024-06-01,NC,LT,NC,롯데,RESULT,9회말,False,False,normal
20240601SKWO02024,2024-06-01,SK,WO,SSG,키움,RESULT,9회말,False,False,normal
20240602HHSS02024,2024-06-02,HH,SS,한화,삼성,RESULT,9회초,False,False,normal
20240602KTHT02024,2024-06-02,KT,HT,KT,KIA,RESULT,9회말,False,False,normal
20240602LGOB02024,2024-06-02,LG,OB,LG,두산,RESULT,9회말,False,False,normal
20240602NCLT02024,2024-06-02,NC,LT,NC,롯데,RESULT,9회초,False,False,normal
20240602SKWO02024,2024-06-02,SK,WO,SSG,키움,RESULT,9회말,False,False,normal
20240604HHKT02024,2024-06-04,HH,KT,한화,KT,RESULT,9회말,False,False,normal
20240604LTHT02024,2024-06-04,LT,HT,롯데,KIA,RESULT,9회말,False,False,normal
20240604OBNC02024,2024-06-04,OB,NC,두산,NC,RESULT,10회말,False,False,normal
20240604SSSK02024,2024-06-04,SS,SK,삼성,SSG,RESULT,9회말,False,False,normal
20240604WOLG02024,2024-06-04,WO,LG,키움,LG,RESULT,9회말,False,False,normal
20240605HHKT02024,2024-06-05,HH,KT,한화,KT,RESULT,9회말,False,False,normal
20240605LTHT02024,2024-06-05,LT,HT,롯데,KIA,RESULT,9회말,False,False,normal
20240605OBNC02024,2024-06-05,OB,NC,두산,NC,RESULT,11회말,False,False,normal
20240605SSSK02024,2024-06-05,SS,SK,삼성,SSG,RESULT,9회초,False,False,normal
20240605WOLG02024,2024-06-05,WO,LG,키움,LG,RESULT,9회초,False,False,normal
20240606HHKT02024,2024-06-06,HH,KT,한화,KT,RESULT,9회말,False,False,normal
20240606LTHT02024,2024-06-06,LT,HT,롯데,KIA,RESULT,9회초,False,False,normal
20240606OBNC02024,2024-06-06,OB,NC,두산,NC,RESULT,9회말,False,False,normal
20240606SSSK02024,2024-06-06,SS,SK,삼성,SSG,RESULT,9회초,False,False,normal
20240606WOLG02024,2024-06-06,WO,LG,키움,LG,RESULT,9회초,False,False,normal
20240607HTOB02024,2024-06-07,HT,OB,KIA,두산,RESULT,11회말,False,False,normal
20240607LGKT02024,2024-06-07,LG,KT,LG,KT,RESULT,9회말,False,False,normal
20240607NCHH02024,2024-06-07,NC,HH,NC,한화,RESULT,9회말,False,False,normal
20240607SKLT02024,2024-06-07,SK,LT,SSG,롯데,RESULT,9회초,False,False,normal
20240607SSWO02024,2024-06-07,SS,WO,삼성,키움,RESULT,9회초,False,False,normal
20240608HTOB02024,2024-06-08,HT,OB,KIA,두산,RESULT,9회초,False,False,normal
20240608LGKT02024,2024-06-08,LG,KT,LG,KT,RESULT,9회말,False,False,normal
20240608NCHH02024,2024-06-08,NC,HH,NC,한화,RESULT,9회말,False,False,normal
20240608SKLT02024,2024-06-08,SK,LT,SSG,롯데,BEFORE,경기취소,True,False,cancelled
20240608SSWO02024,2024-06-08,SS,WO,삼성,키움,RESULT,9회초,False,False,normal
20240609HTOB02024,2024-06-09,HT,OB,KIA,두산,RESULT,9회말,False,False,normal
20240609LGKT02024,2024-06-09,LG,KT,LG,KT,RESULT,9회초,False,False,normal
20240609NCHH02024,2024-06-09,NC,HH,NC,한화,RESULT,12회말,False,False,normal
20240609SKLT12024,2024-06-09,SK,LT,SSG,롯데,RESULT,9회말,False,False,normal
20240609SKLT22024,2024-06-09,SK,LT,SSG,롯데,RESULT,9회초,False,False,normal
20240609SSWO02024,2024-06-09,SS,WO,삼성,키움,RESULT,9회말,False,False,normal
20240611HHOB02024,2024-06-11,HH,OB,한화,두산,RESULT,9회말,False,False,normal
20240611HTSK02024,2024-06-11,HT,SK,KIA,SSG,RESULT,10회말,False,False,normal
20240611KTNC02024,2024-06-11,KT,NC,KT,NC,RESULT,9회초,False,False,normal
20240611LGSS02024,2024-06-11,LG,SS,LG,삼성,RESULT,9회초,False,False,normal
20240611WOLT02024,2024-06-11,WO,LT,키움,롯데,RESULT,9회말,False,False,normal
20240612HHOB02024,2024-06-12,HH,OB,한화,두산,RESULT,9회말,False,False,normal
20240612HTSK02024,2024-06-12,HT,SK,KIA,SSG,RESULT,9회말,False,False,normal
20240612KTNC02024,2024-06-12,KT,NC,KT,NC,RESULT,9회말,False,False,normal
20240612LGSS02024,2024-06-12,LG,SS,LG,삼성,RESULT,9회초,False,False,normal
20240612WOLT02024,2024-06-12,WO,LT,키움,롯데,RESULT,9회초,False,False,normal
20240613HHOB02024,2024-06-13,HH,OB,한화,두산,RESULT,9회초,False,False,normal
20240613HTSK02024,2024-06-13,HT,SK,KIA,SSG,RESULT,9회초,False,False,normal
20240613KTNC02024,2024-06-13,KT,NC,KT,NC,RESULT,9회초,False,False,normal
20240613LGSS02024,2024-06-13,LG,SS,LG,삼성,RESULT,9회초,False,False,normal
20240613WOLT02024,2024-06-13,WO,LT,키움,롯데,RESULT,9회초,False,False,normal
20240614HTKT02024,2024-06-14,HT,KT,KIA,KT,RESULT,9회말,False,False,normal
20240614LTLG02024,2024-06-14,LT,LG,롯데,LG,RESULT,9회초,False,False,normal
20240614OBWO02024,2024-06-14,OB,WO,두산,키움,RESULT,9회말,False,False,normal
20240614SKHH02024,2024-06-14,SK,HH,SSG,한화,RESULT,9회말,False,False,normal
20240614SSNC02024,2024-06-14,SS,NC,삼성,NC,RESULT,9회말,False,False,normal
20240615HTKT02024,2024-06-15,HT,KT,KIA,KT,RESULT,9회말,False,False,normal
20240615LTLG02024,2024-06-15,LT,LG,롯데,LG,RESULT,9회말,False,False,normal
20240615OBWO02024,2024-06-15,OB,WO,두산,키움,RESULT,9회말,False,False,normal
20240615SKHH02024,2024-06-15,SK,HH,SSG,한화,RESULT,9회말,False,False,normal
20240615SSNC02024,2024-06-15,SS,NC,삼성,NC,RESULT,9회말,False,False,normal
20240616HTKT02024,2024-06-16,HT,KT,KIA,KT,RESULT,9회말,False,False,normal
20240616LTLG02024,2024-06-16,LT,LG,롯데,LG,RESULT,10회말,False,False,normal
20240616OBWO02024,2024-06-16,OB,WO,두산,키움,RESULT,9회초,False,False,normal
20240616SKHH02024,2024-06-16,SK,HH,SSG,한화,RESULT,9회초,False,False,normal
20240616SSNC02024,2024-06-16,SS,NC,삼성,NC,RESULT,9회말,False,False,normal
20240618LGHT02024,2024-06-18,LG,HT,LG,KIA,RESULT,9회초,False,False,normal
20240618LTKT02024,2024-06-18,LT,KT,롯데,KT,RESULT,9회초,False,False,normal
20240618NCOB02024,2024-06-18,NC,OB,NC,두산,RESULT,9회초,False,False,normal
20240618SKSS02024,2024-06-18,SK,SS,SSG,삼성,RESULT,9회말,False,False,normal
20240618WOHH02024,2024-06-18,WO,HH,키움,한화,RESULT,9회초,False,False,normal
20240619LGHT02024,2024-06-19,LG,HT,LG,KIA,RESULT,9회말,False,False,normal
20240619LTKT02024,2024-06-19,LT,KT,롯데,KT,RESULT,9회말,False,False,normal
20240619NCOB02024,2024-06-19,NC,OB,NC,두산,RESULT,9회말,False,False,normal
20240619SKSS02024,2024-06-19,SK,SS,SSG,삼성,RESULT,9회초,False,False,normal
20240619WOHH02024,2024-06-19,WO,HH,키움,한화,RESULT,9회초,False,False,normal
20240620LGHT02024,2024-06-20,LG,HT,LG,KIA,RESULT,9회초,False,False,normal
20240620LTKT02024,2024-06-20,LT,KT,롯데,KT,RESULT,9회말,False,False,normal
20240620NCOB02024,2024-06-20,NC,OB,NC,두산,RESULT,9회초,False,False,normal
20240620SKSS02024,2024-06-20,SK,SS,SSG,삼성,RESULT,9회초,False,False,normal
20240620WOHH02024,2024-06-20,WO,HH,키움,한화,RESULT,9회말,False,False,normal
20240621HHHT02024,2024-06-21,HH,HT,한화,KIA,RESULT,9회초,False,False,normal
20240621KTLG02024,2024-06-21,KT,LG,KT,LG,RESULT,9회말,False,False,normal
20240621LTWO02024,2024-06-21,LT,WO,롯데,키움,RESULT,9회초,False,False,normal
20240621NCSK02024,2024-06-21,NC,SK,NC,SSG,RESULT,9회말,False,False,normal
20240621OBSS02024,2024-06-21,OB,SS,두산,삼성,RESULT,9회초,False,False,normal
20240622HHHT02024,2024-06-22,HH,HT,한화,KIA,BEFORE,경기취소,True,False,cancelled
20240622KTLG02024,2024-06-22,KT,LG,KT,LG,BEFORE,경기취소,True,False,cancelled
20240622LTWO02024,2024-06-22,LT,WO,롯데,키움,RESULT,9회말,False,False,normal
20240622NCSK02024,2024-06-22,NC,SK,NC,SSG,RESULT,9회초,False,False,normal
20240622OBSS02024,2024-06-22,OB,SS,두산,삼성,BEFORE,경기취소,True,False,cancelled
20240623HHHT12024,2024-06-23,HH,HT,한화,KIA,RESULT,9회말,False,False,normal
20240623HHHT22024,2024-06-23,HH,HT,한화,KIA,RESULT,9회초,False,False,normal
20240623KTLG12024,2024-06-23,KT,LG,KT,LG,RESULT,9회초,False,False,normal
20240623KTLG22024,2024-06-23,KT,LG,KT,LG,RESULT,9회말,False,False,normal
20240623LTWO02024,2024-06-23,LT,WO,롯데,키움,RESULT,9회말,False,False,normal
20240623NCSK02024,2024-06-23,NC,SK,NC,SSG,RESULT,9회말,False,False,normal
20240623OBSS12024,2024-06-23,OB,SS,두산,삼성,RESULT,9회초,False,False,normal
20240623OBSS22024,2024-06-23,OB,SS,두산,삼성,RESULT,9회초,False,False,normal
20240625HTLT02024,2024-06-25,HT,LT,KIA,롯데,RESULT,12회말,False,False,normal
20240625KTSK02024,2024-06-25,KT,SK,KT,SSG,RESULT,9회말,False,False,normal
20240625NCWO02024,2024-06-25,NC,WO,NC,키움,RESULT,9회말,False,False,normal
20240625OBHH02024,2024-06-25,OB,HH,두산,한화,RESULT,9회초,False,False,normal
20240625SSLG02024,2024-06-25,SS,LG,삼성,LG,RESULT,9회초,False,False,normal
20240626HTLT02024,2024-06-26,HT,LT,KIA,롯데,RESULT,9회초,False,False,normal
20240626KTSK02024,2024-06-26,KT,SK,KT,SSG,RESULT,9회초,False,False,normal
20240626NCWO02024,2024-06-26,NC,WO,NC,키움,RESULT,9회초,False,False,normal
20240626OBHH02024,2024-06-26,OB,HH,두산,한화,RESULT,9회말,False,False,normal
20240626SSLG02024,2024-06-26,SS,LG,삼성,LG,RESULT,9회말,False,False,normal
20240627HTLT02024,2024-06-27,HT,LT,KIA,롯데,RESULT,9회초,False,False,normal
20240627KTSK02024,2024-06-27,KT,SK,KT,SSG,RESULT,9회말,False,False,normal
20240627NCWO02024,2024-06-27,NC,WO,NC,키움,RESULT,9회초,False,False,normal
20240627OBHH02024,2024-06-27,OB,HH,두산,한화,RESULT,9회초,False,False,normal
20240627SSLG02024,2024-06-27,SS,LG,삼성,LG,RESULT,9회말,False,False,normal
20240628HHLT02024,2024-06-28,HH,LT,한화,롯데,RESULT,9회초,False,False,normal
20240628LGNC02024,2024-06-28,LG,NC,LG,NC,RESULT,9회초,False,False,normal
20240628SKOB02024,2024-06-28,SK,OB,SSG,두산,RESULT,9회초,False,False,normal
20240628SSKT02024,2024-06-28,SS,KT,삼성,KT,RESULT,9회말,False,False,normal
20240628WOHT02024,2024-06-28,WO,HT,키움,KIA,RESULT,9회말,False,False,normal
20240629HHLT02024,2024-06-29,HH,LT,한화,롯데,BEFORE,경기취소,True,False,cancelled
20240629LGNC02024,2024-06-29,LG,NC,LG,NC,BEFORE,경기취소,True,False,cancelled
20240629SKOB02024,2024-06-29,SK,OB,SSG,두산,RESULT,7회초,False,False,called
20240629SSKT02024,2024-06-29,SS,KT,삼성,KT,BEFORE,경기취소,True,False,cancelled
20240629WOHT02024,2024-06-29,WO,HT,키움,KIA,BEFORE,경기취소,True,False,cancelled
20240630HHLT02024,2024-06-30,HH,LT,한화,롯데,BEFORE,경기취소,True,False,cancelled
20240630HHLT12024,2024-06-30,HH,LT,한화,롯데,BEFORE,경기취소,True,False,cancelled
20240630LGNC02024,2024-06-30,LG,NC,LG,NC,RESULT,9회말,False,False,normal
20240630LGNC12024,2024-06-30,LG,NC,LG,NC,BEFORE,경기취소,True,False,cancelled
20240630SKOB02024,2024-06-30,SK,OB,SSG,두산,RESULT,9회말,False,False,normal
20240630SSKT12024,2024-06-30,SS,KT,삼성,KT,RESULT,9회말,False,False,normal
20240630SSKT22024,2024-06-30,SS,KT,삼성,KT,RESULT,9회초,False,False,normal
20240630WOHT02024,2024-06-30,WO,HT,키움,KIA,BEFORE,경기취소,True,False,cancelled
20240630WOHT12024,2024-06-30,WO,HT,키움,KIA,BEFORE,경기취소,True,False,cancelled
20240702HTSS02024,2024-07-02,HT,SS,KIA,삼성,RESULT,10회말,False,False,normal
20240702KTHH02024,2024-07-02,KT,HH,KT,한화,RESULT,11회말,False,False,normal
20240702LGWO02024,2024-07-02,LG,WO,LG,키움,RESULT,9회초,False,False,normal
20240702LTOB02024,2024-07-02,LT,OB,롯데,두산,BEFORE,경기취소,True,False,cancelled
20240702SKNC02024,2024-07-02,SK,NC,SSG,NC,BEFORE,경기취소,True,False,cancelled
20240703HTSS02024,2024-07-03,HT,SS,KIA,삼성,RESULT,9회말,False,False,normal
20240703KTHH02024,2024-07-03,KT,HH,KT,한화,RESULT,9회말,False,False,normal
20240703LGWO02024,2024-07-03,LG,WO,LG,키움,RESULT,9회초,False,False,normal
20240703LTOB02024,2024-07-03,LT,OB,롯데,두산,RESULT,9회초,False,False,normal
20240703SKNC02024,2024-07-03,SK,NC,SSG,NC,RESULT,9회초,False,False,normal
20240704HTSS02024,2024-07-04,HT,SS,KIA,삼성,RESULT,9회말,False,False,normal
20240704KTHH02024,2024-07-04,KT,HH,KT,한화,RESULT,9회초,False,False,normal
20240704LGWO02024,2024-07-04,LG,WO,LG,키움,RESULT,9회말,False,False,normal
20240704LTOB02024,2024-07-04,LT,OB,롯데,두산,RESULT,9회초,False,False,normal
20240704SKNC02024,2024-07-04,SK,NC,SSG,NC,RESULT,12회말,False,False,normal
20240709HHWO02024,2024-07-09,HH,WO,한화,키움,RESULT,9회초,False,False,normal
20240709HTLG02024,2024-07-09,HT,LG,KIA,LG,RESULT,9회말,False,False,normal
20240709LTSK02024,2024-07-09,LT,SK,롯데,SSG,RESULT,9회초,False,False,normal
20240709NCSS02024,2024-07-09,NC,SS,NC,삼성,BEFORE,경기취소,True,False,cancelled
20240709OBKT02024,2024-07-09,OB,KT,두산,KT,BEFORE,경기취소,True,False,cancelled
20240710HHWO02024,2024-07-10,HH,WO,한화,키움,RESULT,9회말,False,False,normal
20240710HTLG02024,2024-07-10,HT,LG,KIA,LG,RESULT,10회말,False,False,normal
20240710LTSK02024,2024-07-10,LT,SK,롯데,SSG,RESULT,9회말,False,False,normal
20240710NCSS02024,2024-07-10,NC,SS,NC,삼성,RESULT,9회초,False,False,normal
20240710OBKT02024,2024-07-10,OB,KT,두산,KT,RESULT,10회말,False,False,normal
20240711HHWO02024,2024-07-11,HH,WO,한화,키움,RESULT,11회말,False,False,normal
20240711HTLG02024,2024-07-11,HT,LG,KIA,LG,RESULT,9회말,False,False,normal
20240711LTSK02024,2024-07-11,LT,SK,롯데,SSG,RESULT,9회초,False,False,normal
20240711NCSS02024,2024-07-11,NC,SS,NC,삼성,RESULT,9회초,False,False,normal
20240711OBKT02024,2024-07-11,OB,KT,두산,KT,RESULT,9회말,False,False,normal
20240712KTLT02024,2024-07-12,KT,LT,KT,롯데,RESULT,9회말,False,False,normal
20240712LGHH02024,2024-07-12,LG,HH,LG,한화,RESULT,9회초,False,False,normal
20240712SKHT02024,2024-07-12,SK,HT,SSG,KIA,RESULT,9회말,False,False,normal
20240712SSOB02024,2024-07-12,SS,OB,삼성,두산,RESULT,9회말,False,False,normal
20240712WONC02024,2024-07-12,WO,NC,키움,NC,RESULT,9회초,False,False,normal
20240713KTLT02024,2024-07-13,KT,LT,KT,롯데,RESULT,9회말,False,False,normal
20240713LGHH02024,2024-07-13,LG,HH,LG,한화,RESULT,9회말,False,False,normal
20240713SKHT02024,2024-07-13,SK,HT,SSG,KIA,RESULT,9회말,False,False,normal
20240713SSOB02024,2024-07-13,SS,OB,삼성,두산,RESULT,9회초,False,False,normal
20240713WONC02024,2024-07-13,WO,NC,키움,NC,RESULT,9회초,False,False,normal
20240714KTLT02024,2024-07-14,KT,LT,KT,롯데,BEFORE,경기취소,True,False,cancelled
20240714LGHH02024,2024-07-14,LG,HH,LG,한화,RESULT,9회말,False,False,normal
20240714SKHT02024,2024-07-14,SK,HT,SSG,KIA,RESULT,9회초,False,False,normal
20240714SSOB02024,2024-07-14,SS,OB,삼성,두산,RESULT,9회말,False,False,normal
20240714WONC02024,2024-07-14,WO,NC,키움,NC,BEFORE,경기취소,True,False,cancelled
20240716HHNC02024,2024-07-16,HH,NC,한화,NC,BEFORE,경기취소,True,False,cancelled
20240716KTWO02024,2024-07-16,KT,WO,KT,키움,RESULT,9회말,False,False,normal
20240716OBLT02024,2024-07-16,OB,LT,두산,롯데,RESULT,9회초,False,False,normal
20240716SKLG02024,2024-07-16,SK,LG,SSG,LG,BEFORE,경기취소,True,False,cancelled
20240716SSHT02024,2024-07-16,SS,HT,삼성,KIA,BEFORE,경기취소,True,False,cancelled
20240717HHNC02024,2024-07-17,HH,NC,한화,NC,RESULT,9회초,False,False,normal
20240717KTWO02024,2024-07-17,KT,WO,KT,키움,RESULT,9회말,False,False,normal
20240717OBLT02024,2024-07-17,OB,LT,두산,롯데,RESULT,10회말,False,False,normal
20240717SKLG02024,2024-07-17,SK,LG,SSG,LG,RESULT,9회초,False,False,normal
20240717SSHT02024,2024-07-17,SS,HT,삼성,KIA,RESULT,9회초,False,False,normal
20240718HHNC02024,2024-07-18,HH,NC,한화,NC,RESULT,9회초,False,False,normal
20240718KTWO02024,2024-07-18,KT,WO,KT,키움,RESULT,10회말,False,False,normal
20240718OBLT02024,2024-07-18,OB,LT,두산,롯데,RESULT,9회말,False,False,normal
20240718SKLG02024,2024-07-18,SK,LG,SSG,LG,BEFORE,경기취소,True,False,cancelled
20240718SSHT02024,2024-07-18,SS,HT,삼성,KIA,RESULT,9회초,False,False,normal
20240719HTHH02024,2024-07-19,HT,HH,KIA,한화,RESULT,9회말,False,False,normal
20240719LTSS02024,2024-07-19,LT,SS,롯데,삼성,RESULT,9회말,False,False,normal
20240719NCKT02024,2024-07-19,NC,KT,NC,KT,RESULT,9회초,False,False,normal
20240719OBLG02024,2024-07-19,OB,LG,두산,LG,RESULT,9회초,False,False,normal
20240719WOSK02024,2024-07-19,WO,SK,키움,SSG,RESULT,9회초,False,False,normal
20240720HTHH02024,2024-07-20,HT,HH,KIA,한화,RESULT,9회말,False,False,normal
20240720LTSS02024,2024-07-20,LT,SS,롯데,삼성,RESULT,9회초,False,False,normal
20240720NCKT02024,2024-07-20,NC,KT,NC,KT,BEFORE,경기취소,True,False,cancelled
20240720OBLG02024,2024-07-20,OB,LG,두산,LG,BEFORE,경기취소,True,False,cancelled
20240720WOSK02024,2024-07-20,WO,SK,키움,SSG,BEFORE,경기취소,True,False,cancelled
20240721HTHH02024,2024-07-21,HT,HH,KIA,한화,RESULT,9회말,False,False,normal
20240721LTSS02024,2024-07-21,LT,SS,롯데,삼성,RESULT,9회말,False,False,normal
20240721NCKT02024,2024-07-21,NC,KT,NC,KT,RESULT,9회말,False,False,normal
20240721OBLG02024,2024-07-21,OB,LG,두산,LG,RESULT,9회초,False,False,normal
20240721WOSK02024,2024-07-21,WO,SK,키움,SSG,RESULT,9회말,False,False,normal
20240723LGLT02024,2024-07-23,LG,LT,LG,롯데,RESULT,9회말,False,False,normal
20240723NCHT02024,2024-07-23,NC,HT,NC,KIA,RESULT,9회초,False,False,normal
20240723SKKT02024,2024-07-23,SK,KT,SSG,KT,BEFORE,경기취소,True,False,cancelled
20240723SSHH02024,2024-07-23,SS,HH,삼성,한화,RESULT,9회초,False,False,normal
20240723WOOB02024,2024-07-23,WO,OB,키움,두산,RESULT,9회초,False,False,normal
20240724LGLT02024,2024-07-24,LG,LT,LG,롯데,BEFORE,경기취소,True,False,cancelled
20240724NCHT02024,2024-07-24,NC,HT,NC,KIA,RESULT,6회초,False,False,called
20240724SKKT02024,2024-07-24,SK,KT,SSG,KT,RESULT,9회초,False,False,normal
20240724SSHH02024,2024-07-24,SS,HH,삼성,한화,RESULT,9회말,False,False,normal
20240724WOOB02024,2024-07-24,WO,OB,키움,두산,RESULT,9회초,False,False,normal
20240725LGLT02024,2024-07-25,LG,LT,LG,롯데,RESULT,11회말,False,False,normal
20240725NCHT02024,2024-07-25,NC,HT,NC,KIA,RESULT,9회말,False,False,normal
20240725SKKT02024,2024-07-25,SK,KT,SSG,KT,RESULT,9회초,False,False,normal
20240725SSHH02024,2024-07-25,SS,HH,삼성,한화,BEFORE,경기취소,True,False,cancelled
20240725WOOB02024,2024-07-25,WO,OB,키움,두산,RESULT,9회말,False,False,normal
20240726HHLG02024,2024-07-26,HH,LG,한화,LG,BEFORE,경기취소,True,False,cancelled
20240726HTWO02024,2024-07-26,HT,WO,KIA,키움,RESULT,9회초,False,False,normal
20240726KTSS02024,2024-07-26,KT,SS,KT,삼성,RESULT,9회말,False,False,normal
20240726LTNC02024,2024-07-26,LT,NC,롯데,NC,RESULT,9회초,False,False,normal
20240726OBSK02024,2024-07-26,OB,SK,두산,SSG,RESULT,9회초,False,False,normal
20240727HHLG02024,2024-07-27,HH,LG,한화,LG,BEFORE,경기취소,True,False,cancelled
20240727HTWO02024,2024-07-27,HT,WO,KIA,키움,RESULT,9회말,False,False,normal
20240727KTSS02024,2024-07-27,KT,SS,KT,삼성,RESULT,9회초,False,False,normal
20240727LTNC02024,2024-07-27,LT,NC,롯데,NC,RESULT,9회말,False,False,normal
20240727OBSK02024,2024-07-27,OB,SK,두산,SSG,RESULT,9회초,False,False,normal
20240728HHLG02024,2024-07-28,HH,LG,한화,LG,RESULT,9회말,False,False,normal
20240728HTWO02024,2024-07-28,HT,WO,KIA,키움,RESULT,9회말,False,False,normal
20240728KTSS02024,2024-07-28,KT,SS,KT,삼성,RESULT,9회말,False,False,normal
20240728LTNC02024,2024-07-28,LT,NC,롯데,NC,RESULT,10회말,False,False,normal
20240728OBSK02024,2024-07-28,OB,SK,두산,SSG,RESULT,9회초,False,False,normal
20240730HHKT02024,2024-07-30,HH,KT,한화,KT,RESULT,9회말,False,False,normal
20240730LTSK02024,2024-07-30,LT,SK,롯데,SSG,RESULT,9회초,False,False,normal
20240730NCWO02024,2024-07-30,NC,WO,NC,키움,RESULT,9회초,False,False,normal
20240730OBHT02024,2024-07-30,OB,HT,두산,KIA,RESULT,9회말,False,False,normal
20240730SSLG02024,2024-07-30,SS,LG,삼성,LG,RESULT,9회말,False,False,normal
20240731HHKT02024,2024-07-31,HH,KT,한화,KT,RESULT,9회말,False,False,normal
20240731LTSK02024,2024-07-31,LT,SK,롯데,SSG,RESULT,12회말,False,False,normal
20240731NCWO02024,2024-07-31,NC,WO,NC,키움,RESULT,9회말,False,False,normal
20240731OBHT02024,2024-07-31,OB,HT,두산,KIA,RESULT,9회말,False,False,normal
20240731SSLG02024,2024-07-31,SS,LG,삼성,LG,RESULT,9회초,False,False,normal
20240801HHKT02024,2024-08-01,HH,KT,한화,KT,RESULT,9회말,False,False,normal
20240801LTSK02024,2024-08-01,LT,SK,롯데,SSG,RESULT,9회말,False,False,normal
20240801NCWO02024,2024-08-01,NC,WO,NC,키움,RESULT,9회초,False,False,normal
20240801OBHT02024,2024-08-01,OB,HT,두산,KIA,RESULT,9회말,False,False,normal
20240801SSLG02024,2024-08-01,SS,LG,삼성,LG,RESULT,9회말,False,False,normal
20240802HTHH02024,2024-08-02,HT,HH,KIA,한화,RESULT,9회초,False,False,normal
20240802KTNC02024,2024-08-02,KT,NC,KT,NC,RESULT,10회말,False,False,normal
20240802LGLT02024,2024-08-02,LG,LT,LG,롯데,BEFORE,경기취소,True,False,cancelled
20240802SKSS02024,2024-08-02,SK,SS,SSG,삼성,RESULT,9회말,False,False,normal
20240802WOOB02024,2024-08-02,WO,OB,키움,두산,RESULT,10회말,False,False,normal
20240803HTHH02024,2024-08-03,HT,HH,KIA,한화,RESULT,9회말,False,False,normal
20240803KTNC02024,2024-08-03,KT,NC,KT,NC,BEFORE,경기취소,True,False,cancelled
20240803LGLT02024,2024-08-03,LG,LT,LG,롯데,RESULT,9회초,False,False,normal
20240803SKSS02024,2024-08-03,SK,SS,SSG,삼성,RESULT,9회초,False,False,normal
20240803WOOB02024,2024-08-03,WO,OB,키움,두산,RESULT,9회말,False,False,normal
20240804HTHH02024,2024-08-04,HT,HH,KIA,한화,BEFORE,경기취소,True,False,cancelled
20240804KTNC02024,2024-08-04,KT,NC,KT,NC,RESULT,9회초,False,False,normal
20240804LGLT02024,2024-08-04,LG,LT,LG,롯데,BEFORE,경기취소,True,False,cancelled
20240804SKSS02024,2024-08-04,SK,SS,SSG,삼성,RESULT,9회초,False,False,normal
20240804WOOB02024,2024-08-04,WO,OB,키움,두산,BEFORE,경기취소,True,False,cancelled
20240806HHSS02024,2024-08-06,HH,SS,한화,삼성,RESULT,9회말,False,False,normal
20240806KTHT02024,2024-08-06,KT,HT,KT,KIA,RESULT,9회초,False,False,normal
20240806LGOB02024,2024-08-06,LG,OB,LG,두산,RESULT,9회초,False,False,normal
20240806NCLT02024,2024-08-06,NC,LT,NC,롯데,RESULT,9회초,False,False,normal
20240806SKWO02024,2024-08-06,SK,WO,SSG,키움,RESULT,9회말,False,False,normal
20240807HHSS02024,2024-08-07,HH,SS,한화,삼성,RESULT,9회초,False,False,normal
20240807KTHT02024,2024-08-07,KT,HT,KT,KIA,RESULT,9회말,False,False,normal
20240807LGOB02024,2024-08-07,LG,OB,LG,두산,RESULT,9회초,False,False,normal
20240807NCLT02024,2024-08-07,NC,LT,NC,롯데,RESULT,9회초,False,False,normal
20240807SKWO02024,2024-08-07,SK,WO,SSG,키움,RESULT,9회말,False,False,normal
20240808HHSS02024,2024-08-08,HH,SS,한화,삼성,RESULT,9회말,False,False,normal
20240808KTHT02024,2024-08-08,KT,HT,KT,KIA,RESULT,12회말,False,False,normal
20240808LGOB02024,2024-08-08,LG,OB,LG,두산,RESULT,9회말,False,False,normal
20240808NCLT02024,2024-08-08,NC,LT,NC,롯데,BEFORE,경기취소,True,False,cancelled
20240808SKWO02024,2024-08-08,SK,WO,SSG,키움,RESULT,9회초,False,False,normal
20240809LTKT02024,2024-08-09,LT,KT,롯데,KT,RESULT,9회초,False,False,normal
20240809NCLG02024,2024-08-09,NC,LG,NC,LG,RESULT,9회초,False,False,normal
20240809OBSK02024,2024-08-09,OB,SK,두산,SSG,RESULT,9회말,False,False,normal
20240809SSHT02024,2024-08-09,SS,HT,삼성,KIA,RESULT,9회말,False,False,normal
20240809WOHH02024,2024-08-09,WO,HH,키움,한화,RESULT,9회초,False,False,normal
20240810LTKT02024,2024-08-10,LT,KT,롯데,KT,RESULT,9회말,False,False,normal
20240810NCLG02024,2024-08-10,NC,LG,NC,LG,RESULT,9회초,False,False,normal
20240810OBSK02024,2024-08-10,OB,SK,두산,SSG,RESULT,9회말,False,False,normal
20240810SSHT02024,2024-08-10,SS,HT,삼성,KIA,BEFORE,경기취소,True,False,cancelled
20240810WOHH02024,2024-08-10,WO,HH,키움,한화,RESULT,9회말,False,False,normal
20240811LTKT02024,2024-08-11,LT,KT,롯데,KT,RESULT,9회말,False,False,normal
20240811NCLG02024,2024-08-11,NC,LG,NC,LG,RESULT,9회말,False,False,normal
20240811OBSK02024,2024-08-11,OB,SK,두산,SSG,RESULT,9회초,False,False,normal
20240811SSHT02024,2024-08-11,SS,HT,삼성,KIA,RESULT,11회말,False,False,normal
20240811WOHH02024,2024-08-11,WO,HH,키움,한화,RESULT,9회말,False,False,normal
20240813HTWO02024,2024-08-13,HT,WO,KIA,키움,RESULT,9회말,False,False,normal
20240813KTSS02024,2024-08-13,KT,SS,KT,삼성,RESULT,9회초,False,False,normal
20240813LGHH02024,2024-08-13,LG,HH,LG,한화,RESULT,9회말,False,False,normal
20240813LTOB02024,2024-08-13,LT,OB,롯데,두산,BEFORE,경기취소,True,False,cancelled
20240813SKNC02024,2024-08-13,SK,NC,SSG,NC,RESULT,9회말,False,False,normal
20240814HTWO02024,2024-08-14,HT,WO,KIA,키움,RESULT,9회말,False,False,normal
20240814KTSS02024,2024-08-14,KT,SS,KT,삼성,RESULT,9회초,False,False,normal
20240814LGHH02024,2024-08-14,LG,HH,LG,한화,RESULT,9회초,False,False,normal
20240814LTOB02024,2024-08-14,LT,OB,롯데,두산,RESULT,9회말,False,False,normal
20240814SKNC02024,2024-08-14,SK,NC,SSG,NC,BEFORE,경기취소,True,False,cancelled
20240815HTWO02024,2024-08-15,HT,WO,KIA,키움,RESULT,9회말,False,False,normal
20240815KTSS02024,2024-08-15,KT,SS,KT,삼성,RESULT,9회말,False,False,normal
20240815LGHH02024,2024-08-15,LG,HH,LG,한화,RESULT,9회말,False,False,normal
20240815LTOB02024,2024-08-15,LT,OB,롯데,두산,RESULT,9회초,False,False,normal
20240815SKNC02024,2024-08-15,SK,NC,SSG,NC,RESULT,9회말,False,False,normal
20240816HHSK02024,2024-08-16,HH,SK,한화,SSG,RESULT,9회말,False,False,normal
20240816HTLG02024,2024-08-16,HT,LG,KIA,LG,RESULT,9회말,False,False,normal
20240816OBKT02024,2024-08-16,OB,KT,두산,KT,RESULT,9회말,False,False,normal
20240816SSNC02024,2024-08-16,SS,NC,삼성,NC,RESULT,9회말,False,False,normal
20240816WOLT02024,2024-08-16,WO,LT,키움,롯데,RESULT,9회초,False,False,normal
20240817HHSK02024,2024-08-17,HH,SK,한화,SSG,RESULT,9회말,False,False,normal
20240817HTLG02024,2024-08-17,HT,LG,KIA,LG,RESULT,9회말,False,False,normal
20240817OBKT02024,2024-08-17,OB,KT,두산,KT,RESULT,9회말,False,False,normal
20240817SSNC02024,2024-08-17,SS,NC,삼성,NC,RESULT,9회말,False,False,normal
20240817WOLT02024,2024-08-17,WO,LT,키움,롯데,RESULT,9회말,False,False,normal
20240818HHSK02024,2024-08-18,HH,SK,한화,SSG,RESULT,9회말,False,False,normal
20240818HTLG02024,2024-08-18,HT,LG,KIA,LG,RESULT,9회말,False,False,normal
20240818OBKT02024,2024-08-18,OB,KT,두산,KT,RESULT,9회말,False,False,normal
20240818SSNC02024,2024-08-18,SS,NC,삼성,NC,RESULT,9회말,False,False,normal
20240818WOLT02024,2024-08-18,WO,LT,키움,롯데,RESULT,10회말,False,False,normal
20240820LTHT02024,2024-08-20,LT,HT,롯데,KIA,BEFORE,경기취소,True,False,cancelled
20240820NCHH02024,2024-08-20,NC,HH,NC,한화,RESULT,9회말,False,False,normal
20240820OBSS02024,2024-08-20,OB,SS,두산,삼성,RESULT,9회초,False,False,normal
20240820SKLG02024,2024-08-20,SK,LG,SSG,LG,RESULT,9회초,False,False,normal
20240820WOKT02024,2024-08-20,WO,KT,키움,KT,RESULT,9회말,False,False,normal
20240821LTHT02024,2024-08-21,LT,HT,롯데,KIA,RESULT,9회초,False,False,normal
20240821NCHH02024,2024-08-21,NC,HH,NC,한화,RESULT,9회말,False,False,normal
20240821OBSS02024,2024-08-21,OB,SS,두산,삼성,RESULT,9회말,False,False,normal
20240821SKLG02024,2024-08-21,SK,LG,SSG,LG,RESULT,9회말,False,False,normal
20240821WOKT02024,2024-08-21,WO,KT,키움,KT,RESULT,9회초,False,False,normal
20240822LTHT02024,2024-08-22,LT,HT,롯데,KIA,RESULT,9회초,False,False,normal
20240822NCHH02024,2024-08-22,NC,HH,NC,한화,BEFORE,경기취소,True,False,cancelled
20240822OBSS02024,2024-08-22,OB,SS,두산,삼성,BEFORE,경기취소,True,False,cancelled
20240822SKLG02024,2024-08-22,SK,LG,SSG,LG,RESULT,9회초,False,False,normal
20240822WOKT02024,2024-08-22,WO,KT,키움,KT,RESULT,9회초,False,False,normal
20240823HHOB02024,2024-08-23,HH,OB,한화,두산,RESULT,9회말,False,False,normal
20240823HTNC02024,2024-08-23,HT,NC,KIA,NC,RESULT,9회초,False,False,normal
20240823KTSK02024,2024-08-23,KT,SK,KT,SSG,RESULT,9회말,False,False,normal
20240823LGWO02024,2024-08-23,LG,WO,LG,키움,RESULT,9회초,False,False,normal
20240823LTSS02024,2024-08-23,LT,SS,롯데,삼성,RESULT,9회초,False,False,normal
20240824HHOB02024,2024-08-24,HH,OB,한화,두산,RESULT,10회말,False,False,normal
20240824HTNC02024,2024-08-24,HT,NC,KIA,NC,RESULT,9회말,False,False,normal
20240824KTSK02024,2024-08-24,KT,SK,KT,SSG,RESULT,9회말,False,False,normal
20240824LGWO02024,2024-08-24,LG,WO,LG,키움,RESULT,9회말,False,False,normal
20240824LTSS02024,2024-08-24,LT,SS,롯데,삼성,RESULT,9회말,False,False,normal
20240825HHOB02024,2024-08-25,HH,OB,한화,두산,RESULT,9회말,False,False,normal
20240825HTNC02024,2024-08-25,HT,NC,KIA,NC,RESULT,9회초,False,False,normal
20240825KTSK02024,2024-08-25,KT,SK,KT,SSG,RESULT,9회초,False,False,normal
20240825LGWO02024,2024-08-25,LG,WO,LG,키움,RESULT,9회초,False,False,normal
20240825LTSS02024,2024-08-25,LT,SS,롯데,삼성,RESULT,9회초,False,False,normal
20240827HHLT02024,2024-08-27,HH,LT,한화,롯데,RESULT,9회초,False,False,normal
20240827KTLG02024,2024-08-27,KT,LG,KT,LG,RESULT,9회초,False,False,normal
20240827OBNC02024,2024-08-27,OB,NC,두산,NC,RESULT,9회말,False,False,normal
20240827SKHT02024,2024-08-27,SK,HT,SSG,KIA,RESULT,5회말,False,False,called
20240827SSWO02024,2024-08-27,SS,WO,삼성,키움,RESULT,9회말,False,False,normal
20240828HHLT02024,2024-08-28,HH,LT,한화,롯데,RESULT,9회말,False,False,normal
20240828KTLG02024,2024-08-28,KT,LG,KT,LG,RESULT,10회말,False,False,normal
20240828OBNC02024,2024-08-28,OB,NC,두산,NC,RESULT,9회말,False,False,normal
20240828SKHT02024,2024-08-28,SK,HT,SSG,KIA,RESULT,9회초,False,False,normal
20240828SSWO02024,2024-08-28,SS,WO,삼성,키움,RESULT,9회말,False,False,normal
20240829HHLT02024,2024-08-29,HH,LT,한화,롯데,RESULT,9회초,False,False,normal
20240829KTLG02024,2024-08-29,KT,LG,KT,LG,RESULT,9회말,False,False,normal
20240829OBNC02024,2024-08-29,OB,NC,두산,NC,RESULT,9회초,False,False,normal
20240829SKHT02024,2024-08-29,SK,HT,SSG,KIA,RESULT,9회말,False,False,normal
20240829SSWO02024,2024-08-29,SS,WO,삼성,키움,RESULT,11회말,False,False,normal
20240830LGKT02024,2024-08-30,LG,KT,LG,KT,RESULT,9회말,False,False,normal
20240830LTWO02024,2024-08-30,LT,WO,롯데,키움,RESULT,9회말,False,False,normal
20240831HTSS02024,2024-08-31,HT,SS,KIA,삼성,RESULT,9회말,False,False,normal
20240831KTHH02024,2024-08-31,KT,HH,KT,한화,RESULT,9회말,False,False,normal
20240831LTOB02024,2024-08-31,LT,OB,롯데,두산,RESULT,9회말,False,False,normal
20240831NCSK02024,2024-08-31,NC,SK,NC,SSG,RESULT,9회말,False,False,normal
20240901HTSS02024,2024-09-01,HT,SS,KIA,삼성,RESULT,9회말,False,False,normal
20240901LTOB02024,2024-09-01,LT,OB,롯데,두산,RESULT,12회말,False,False,normal
20240901NCSK02024,2024-09-01,NC,SK,NC,SSG,RESULT,9회말,False,False,normal
20240903LGHT02024,2024-09-03,LG,HT,LG,KIA,RESULT,9회초,False,False,normal
20240903LTSS02024,2024-09-03,LT,SS,롯데,삼성,RESULT,9회초,False,False,normal
20240903OBHH02024,2024-09-03,OB,HH,두산,한화,RESULT,9회초,False,False,normal
20240903WONC02024,2024-09-03,WO,NC,키움,NC,RESULT,9회초,False,False,normal
20240904HHHT02024,2024-09-04,HH,HT,한화,KIA,RESULT,10회말,False,False,normal
20240904KTLT02024,2024-09-04,KT,LT,KT,롯데,RESULT,9회초,False,False,normal
20240904OBSS02024,2024-09-04,OB,SS,두산,삼성,RESULT,9회초,False,False,normal
20240904SKLG02024,2024-09-04,SK,LG,SSG,LG,RESULT,9회초,False,False,normal
20240904WONC02024,2024-09-04,WO,NC,키움,NC,RESULT,9회초,False,False,normal
20240905HHHT02024,2024-09-05,HH,HT,한화,KIA,RESULT,10회말,False,False,normal
20240905KTLT02024,2024-09-05,KT,LT,KT,롯데,RESULT,9회말,False,False,normal
20240905SKLG02024,2024-09-05,SK,LG,SSG,LG,RESULT,9회말,False,False,normal
20240905WONC02024,2024-09-05,WO,NC,키움,NC,RESULT,11회말,False,False,normal
20240906HHLG02024,2024-09-06,HH,LG,한화,LG,RESULT,9회말,False,False,normal
20240906KTNC02024,2024-09-06,KT,NC,KT,NC,RESULT,9회말,False,False,normal
20240906SSLT02024,2024-09-06,SS,LT,삼성,롯데,RESULT,9회말,False,False,normal
20240906WOHT02024,2024-09-06,WO,HT,키움,KIA,RESULT,9회초,False,False,normal
20240907HHLG02024,2024-09-07,HH,LG,한화,LG,RESULT,9회초,False,False,normal
20240907NCSS02024,2024-09-07,NC,SS,NC,삼성,RESULT,9회말,False,False,normal
20240907OBKT02024,2024-09-07,OB,KT,두산,KT,RESULT,9회말,False,False,normal
20240907SKLT02024,2024-09-07,SK,LT,SSG,롯데,RESULT,12회말,False,False,normal
20240907WOHT02024,2024-09-07,WO,HT,키움,KIA,RESULT,9회초,False,False,normal
20240908HHLG02024,2024-09-08,HH,LG,한화,LG,RESULT,9회초,False,False,normal
20240908NCSS02024,2024-09-08,NC,SS,NC,삼성,RESULT,9회초,False,False,normal
20240908SKLT02024,2024-09-08,SK,LT,SSG,롯데,RESULT,9회말,False,False,normal
20240908WOHT02024,2024-09-08,WO,HT,키움,KIA,RESULT,9회초,False,False,normal
20240910HHSK02024,2024-09-10,HH,SK,한화,SSG,RESULT,9회초,False,False,normal
20240910LTLG02024,2024-09-10,LT,LG,롯데,LG,RESULT,10회말,False,False,normal
20240910NCKT02024,2024-09-10,NC,KT,NC,KT,RESULT,9회초,False,False,normal
20240910OBWO02024,2024-09-10,OB,WO,두산,키움,RESULT,9회초,False,False,normal
20240911LTSK02024,2024-09-11,LT,SK,롯데,SSG,RESULT,9회말,False,False,normal
20240911NCKT02024,2024-09-11,NC,KT,NC,KT,RESULT,9회초,False,False,normal
20240911SSHH02024,2024-09-11,SS,HH,삼성,한화,RESULT,9회말,False,False,normal
20240911WOLG02024,2024-09-11,WO,LG,키움,LG,RESULT,9회말,False,False,normal
20240912LTHT02024,2024-09-12,LT,HT,롯데,KIA,RESULT,9회초,False,False,normal
20240912NCKT02024,2024-09-12,NC,KT,NC,KT,RESULT,9회초,False,False,normal
20240912SSHH02024,2024-09-12,SS,HH,삼성,한화,RESULT,9회말,False,False,normal
20240912WOLG02024,2024-09-12,WO,LG,키움,LG,BEFORE,경기취소,True,False,cancelled
20240913HHLT02024,2024-09-13,HH,LT,한화,롯데,RESULT,9회말,False,False,normal
20240913LGSK02024,2024-09-13,LG,SK,LG,SSG,BEFORE,경기취소,True,False,cancelled
20240913NCOB02024,2024-09-13,NC,OB,NC,두산,BEFORE,경기취소,True,False,cancelled
20240914HHLT02024,2024-09-14,HH,LT,한화,롯데,RESULT,9회초,False,False,normal
20240914KTOB02024,2024-09-14,KT,OB,KT,두산,RESULT,9회초,False,False,normal
20240914LGNC02024,2024-09-14,LG,NC,LG,NC,RESULT,9회말,False,False,normal
20240914SSSK02024,2024-09-14,SS,SK,삼성,SSG,RESULT,9회초,False,False,normal
20240914WOHT02024,2024-09-14,WO,HT,키움,KIA,RESULT,9회말,False,False,normal
20240915HHLT02024,2024-09-15,HH,LT,한화,롯데,RESULT,9회초,False,False,normal
20240915LGNC02024,2024-09-15,LG,NC,LG,NC,RESULT,9회초,False,False,normal
20240915SSSK02024,2024-09-15,SS,SK,삼성,SSG,RESULT,9회초,False,False,normal
20240915WOHT02024,2024-09-15,WO,HT,키움,KIA,RESULT,9회말,False,False,normal
20240916HTKT02024,2024-09-16,HT,KT,KIA,KT,RESULT,9회말,False,False,normal
20240916WOOB02024,2024-09-16,WO,OB,키움,두산,RESULT,10회말,False,False,normal
20240917HHNC02024,2024-09-17,HH,NC,한화,NC,RESULT,9회말,False,False,normal
20240917HTSK02024,2024-09-17,HT,SK,KIA,SSG,RESULT,9회초,False,False,normal
20240917KTWO02024,2024-09-17,KT,WO,KT,키움,RESULT,9회말,False,False,normal
20240917LGLT02024,2024-09-17,LG,LT,LG,롯데,RESULT,9회초,False,False,normal
20240917SSOB02024,2024-09-17,SS,OB,삼성,두산,RESULT,9회초,False,False,normal
20240918HHNC02024,2024-09-18,HH,NC,한화,NC,RESULT,9회초,False,False,normal
20240918LGLT02024,2024-09-18,LG,LT,LG,롯데,RESULT,9회말,False,False,normal
20240918SSKT02024,2024-09-18,SS,KT,삼성,KT,RESULT,9회말,False,False,normal
20240919HHNC02024,2024-09-19,HH,NC,한화,NC,RESULT,9회말,False,False,normal
20240919HTOB02024,2024-09-19,HT,OB,KIA,두산,RESULT,9회초,False,False,normal
20240919LGLT02024,2024-09-19,LG,LT,LG,롯데,RESULT,9회말,False,False,normal
20240919SSKT02024,2024-09-19,SS,KT,삼성,KT,RESULT,9회초,False,False,normal
20240919WOSK02024,2024-09-19,WO,SK,키움,SSG,RESULT,9회초,False,False,normal
20240920LTNC02024,2024-09-20,LT,NC,롯데,NC,BEFORE,경기취소,True,False,cancelled
20240920OBLG02024,2024-09-20,OB,LG,두산,LG,BEFORE,경기취소,True,False,cancelled
20240920WOSK02024,2024-09-20,WO,SK,키움,SSG,BEFORE,경기취소,True,False,cancelled
20240921LTHH02024,2024-09-21,LT,HH,롯데,한화,BEFORE,경기취소,True,False,cancelled
20240921NCHT02024,2024-09-21,NC,HT,NC,KIA,BEFORE,경기취소,True,False,cancelled
20240921OBLG12024,2024-09-21,OB,LG,두산,LG,RESULT,9회말,False,False,normal
20240921OBLG22024,2024-09-21,OB,LG,두산,LG,RESULT,9회초,False,False,normal
20240921SKKT02024,2024-09-21,SK,KT,SSG,KT,RESULT,9회말,False,False,normal
20240921WOSS02024,2024-09-21,WO,SS,키움,삼성,BEFORE,경기취소,True,False,cancelled
20240922LTHH02024,2024-09-22,LT,HH,롯데,한화,RESULT,9회초,False,False,normal
20240922NCHT02024,2024-09-22,NC,HT,NC,KIA,BEFORE,경기취소,True,False,cancelled
20240922OBLG02024,2024-09-22,OB,LG,두산,LG,RESULT,9회초,False,False,normal
20240922SKKT02024,2024-09-22,SK,KT,SSG,KT,RESULT,9회말,False,False,normal
20240922WOSS02024,2024-09-22,WO,SS,키움,삼성,RESULT,9회초,False,False,normal
20240923LTHH02024,2024-09-23,LT,HH,롯데,한화,RESULT,9회말,False,False,normal
20240923SKOB02024,2024-09-23,SK,OB,SSG,두산,RESULT,9회초,False,False,normal
20240923SSHT02024,2024-09-23,SS,HT,삼성,KIA,RESULT,9회초,False,False,normal
20240924HHWO02024,2024-09-24,HH,WO,한화,키움,RESULT,9회초,False,False,normal
20240924LGSK02024,2024-09-24,LG,SK,LG,SSG,RESULT,9회말,False,False,normal
20240924LTKT02024,2024-09-24,LT,KT,롯데,KT,RESULT,9회초,False,False,normal
20240924NCOB02024,2024-09-24,NC,OB,NC,두산,RESULT,9회초,False,False,normal
20240924SSHT02024,2024-09-24,SS,HT,삼성,KIA,RESULT,9회초,False,False,normal
20240925HHLG02024,2024-09-25,HH,LG,한화,LG,RESULT,9회말,False,False,normal
20240925LTHT02024,2024-09-25,LT,HT,롯데,KIA,RESULT,9회말,False,False,normal
20240925SKNC02024,2024-09-25,SK,NC,SSG,NC,RESULT,9회말,False,False,normal
20240925WOSS02024,2024-09-25,WO,SS,키움,삼성,RESULT,9회초,False,False,normal
20240926OBLT02024,2024-09-26,OB,LT,두산,롯데,RESULT,9회말,False,False,normal
20240926SKNC02024,2024-09-26,SK,NC,SSG,NC,RESULT,9회말,False,False,normal
20240926WOLG02024,2024-09-26,WO,LG,키움,LG,RESULT,9회초,False,False,normal
20240927HTHH02024,2024-09-27,HT,HH,KIA,한화,RESULT,9회초,False,False,normal
20240927NCLT02024,2024-09-27,NC,LT,NC,롯데,RESULT,9회초,False,False,normal
20240927WOKT02024,2024-09-27,WO,KT,키움,KT,RESULT,12회말,False,False,normal
20240928HTLT02024,2024-09-28,HT,LT,KIA,롯데,RESULT,9회말,False,False,normal
20240928LGSS02024,2024-09-28,LG,SS,LG,삼성,RESULT,9회말,False,False,normal
20240928OBNC02024,2024-09-28,OB,NC,두산,NC,RESULT,9회말,False,False,normal
20240928SKHH02024,2024-09-28,SK,HH,SSG,한화,RESULT,9회말,False,False,normal
20240928WOKT02024,2024-09-28,WO,KT,키움,KT,RESULT,9회초,False,False,normal
20240929NCHH02024,2024-09-29,NC,HH,NC,한화,RESULT,9회말,False,False,normal
20240930NCHT02024,2024-09-30,NC,HT,NC,KIA,RESULT,9회초,False,False,normal
20240930WOSK02024,2024-09-30,WO,SK,키움,SSG,RESULT,9회초,False,False,normal
20241001LTNC02024,2024-10-01,LT,NC,롯데,NC,RESULT,9회말,False,False,normal
20250308HTLT02025,2025-03-08,HT,LT,KIA,롯데,RESULT,9회초,False,False,normal
20250308LGKT02025,2025-03-08,LG,KT,LG,KT,RESULT,9회초,False,False,normal
20250308OBHH02025,2025-03-08,OB,HH,두산,한화,RESULT,9회말,False,False,normal
20250308SKSS02025,2025-03-08,SK,SS,SSG,삼성,RESULT,9회말,False,False,normal
20250308WONC02025,2025-03-08,WO,NC,키움,NC,RESULT,9회말,False,False,normal
20250309HTLT02025,2025-03-09,HT,LT,KIA,롯데,RESULT,9회말,False,False,normal
20250309LGKT02025,2025-03-09,LG,KT,LG,KT,RESULT,9회초,False,False,normal
20250309OBHH02025,2025-03-09,OB,HH,두산,한화,RESULT,9회말,False,False,normal
20250309SKSS02025,2025-03-09,SK,SS,SSG,삼성,RESULT,9회초,False,False,normal
20250309WONC02025,2025-03-09,WO,NC,키움,NC,RESULT,9회초,False,False,normal
20250310HHSK02025,2025-03-10,HH,SK,한화,SSG,RESULT,9회말,False,False,normal
20250310HTNC02025,2025-03-10,HT,NC,KIA,NC,RESULT,9회초,False,False,normal
20250310LGLT02025,2025-03-10,LG,LT,LG,롯데,RESULT,9회말,False,False,normal
20250310OBSS02025,2025-03-10,OB,SS,두산,삼성,RESULT,9회말,False,False,normal
20250310WOKT02025,2025-03-10,WO,KT,키움,KT,RESULT,9회초,False,False,normal
20250311HHSK02025,2025-03-11,HH,SK,한화,SSG,RESULT,9회말,False,False,normal
20250311HTNC02025,2025-03-11,HT,NC,KIA,NC,RESULT,9회말,False,False,normal
20250311LGLT02025,2025-03-11,LG,LT,LG,롯데,RESULT,9회초,False,False,normal
20250311OBSS02025,2025-03-11,OB,SS,두산,삼성,RESULT,9회초,False,False,normal
20250311WOKT02025,2025-03-11,WO,KT,키움,KT,RESULT,9회말,False,False,normal
20250313HHLT02025,2025-03-13,HH,LT,한화,롯데,RESULT,9회말,False,False,normal
20250313HTOB02025,2025-03-13,HT,OB,KIA,두산,RESULT,9회말,False,False,normal
20250313KTNC02025,2025-03-13,KT,NC,KT,NC,RESULT,9회말,False,False,normal
20250313LGSS02025,2025-03-13,LG,SS,LG,삼성,RESULT,9회말,False,False,normal
20250313WOSK02025,2025-03-13,WO,SK,키움,SSG,RESULT,9회말,False,False,normal
20250314HHLT02025,2025-03-14,HH,LT,한화,롯데,RESULT,9회말,False,False,normal
20250314HTOB02025,2025-03-14,HT,OB,KIA,두산,RESULT,9회말,False,False,normal
20250314KTNC02025,2025-03-14,KT,NC,KT,NC,RESULT,9회말,False,False,normal
20250314LGSS02025,2025-03-14,LG,SS,LG,삼성,RESULT,9회초,False,False,normal
20250314WOSK02025,2025-03-14,WO,SK,키움,SSG,RESULT,9회초,False,False,normal
20250315HHNC02025,2025-03-15,HH,NC,한화,NC,BEFORE,경기취소,True,False,cancelled
20250315KTLT02025,2025-03-15,KT,LT,KT,롯데,BEFORE,경기취소,True,False,cancelled
20250315LGSK02025,2025-03-15,LG,SK,LG,SSG,RESULT,9회말,False,False,normal
20250315OBWO02025,2025-03-15,OB,WO,두산,키움,RESULT,9회초,False,False,normal
20250315SSHT02025,2025-03-15,SS,HT,삼성,KIA,RESULT,9회초,False,False,normal
20250316HHNC02025,2025-03-16,HH,NC,한화,NC,RESULT,7회말,False,False,called
20250316KTLT02025,2025-03-16,KT,LT,KT,롯데,BEFORE,경기취소,True,False,cancelled
20250316LGSK02025,2025-03-16,LG,SK,LG,SSG,RESULT,9회초,False,False,normal
20250316OBWO02025,2025-03-16,OB,WO,두산,키움,RESULT,9회초,False,False,normal
20250316SSHT02025,2025-03-16,SS,HT,삼성,KIA,RESULT,9회초,False,False,normal
20250317LTWO02025,2025-03-17,LT,WO,롯데,키움,RESULT,9회초,False,False,normal
20250317NCLG02025,2025-03-17,NC,LG,NC,LG,RESULT,9회초,False,False,normal
20250317OBKT02025,2025-03-17,OB,KT,두산,KT,RESULT,9회초,False,False,normal
20250317SKHT02025,2025-03-17,SK,HT,SSG,KIA,BEFORE,경기취소,True,False,cancelled
20250317SSHH02025,2025-03-17,SS,HH,삼성,한화,RESULT,5회말,False,False,called
20250318LTWO02025,2025-03-18,LT,WO,롯데,키움,RESULT,9회초,False,False,normal
20250318NCLG02025,2025-03-18,NC,LG,NC,LG,BEFORE,경기취소,True,False,cancelled
20250318OBKT02025,2025-03-18,OB,KT,두산,KT,BEFORE,경기취소,True,False,cancelled
20250318SKHT02025,2025-03-18,SK,HT,SSG,KIA,BEFORE,경기취소,True,False,cancelled
20250318SSHH02025,2025-03-18,SS,HH,삼성,한화,BEFORE,경기취소,True,False,cancelled
20250322HHKT02025,2025-03-22,HH,KT,한화,KT,RESULT,9회말,False,False,normal
20250322LTLG02025,2025-03-22,LT,LG,롯데,LG,RESULT,9회초,False,False,normal
20250322NCHT02025,2025-03-22,NC,HT,NC,KIA,RESULT,9회초,False,False,normal
20250322OBSK02025,2025-03-22,OB,SK,두산,SSG,RESULT,9회초,False,False,normal
20250322WOSS02025,2025-03-22,WO,SS,키움,삼성,RESULT,9회초,False,False,normal
20250323HHKT02025,2025-03-23,HH,KT,한화,KT,RESULT,11회말,False,False,normal
20250323LTLG02025,2025-03-23,LT,LG,롯데,LG,RESULT,9회초,False,False,normal
20250323NCHT02025,2025-03-23,NC,HT,NC,KIA,RESULT,9회말,False,False,normal
20250323OBSK02025,2025-03-23,OB,SK,두산,SSG,RESULT,9회초,False,False,normal
20250323WOSS02025,2025-03-23,WO,SS,키움,삼성,RESULT,9회초,False,False,normal
20250325HHLG02025,2025-03-25,HH,LG,한화,LG,RESULT,9회초,False,False,normal
20250325LTSK02025,2025-03-25,LT,SK,롯데,SSG,RESULT,11회말,False,False,normal
20250325NCSS02025,2025-03-25,NC,SS,NC,삼성,RESULT,9회초,False,False,normal
20250325OBKT02025,2025-03-25,OB,KT,두산,KT,RESULT,9회초,False,False,normal
20250325WOHT02025,2025-03-25,WO,HT,키움,KIA,RESULT,9회초,False,False,normal
20250326HHLG02025,2025-03-26,HH,LG,한화,LG,RESULT,9회초,False,False,normal
20250326LTSK02025,2025-03-26,LT,SK,롯데,SSG,RESULT,9회초,False,False,normal
20250326NCSS02025,2025-03-26,NC,SS,NC,삼성,RESULT,9회말,False,False,normal
20250326OBKT02025,2025-03-26,OB,KT,두산,KT,RESULT,9회말,False,False,normal
20250326WOHT02025,2025-03-26,WO,HT,키움,KIA,RESULT,9회말,False,False,normal
20250327HHLG02025,2025-03-27,HH,LG,한화,LG,RESULT,9회초,False,False,normal
20250327LTSK02025,2025-03-27,LT,SK,롯데,SSG,RESULT,9회초,False,False,normal
20250327NCSS02025,2025-03-27,NC,SS,NC,삼성,RESULT,9회말,False,False,normal
20250327OBKT02025,2025-03-27,OB,KT,두산,KT,RESULT,9회초,False,False,normal
20250327WOHT02025,2025-03-27,WO,HT,키움,KIA,RESULT,9회말,False,False,normal
20250328HTHH02025,2025-03-28,HT,HH,KIA,한화,RESULT,9회초,False,False,normal
20250328KTLT02025,2025-03-28,KT,LT,KT,롯데,RESULT,9회말,False,False,normal
20250328LGNC02025,2025-03-28,LG,NC,LG,NC,RESULT,9회말,False,False,normal
20250328SKWO02025,2025-03-28,SK,WO,SSG,키움,RESULT,9회초,False,False,normal
20250328SSOB02025,2025-03-28,SS,OB,삼성,두산,RESULT,9회초,False,False,normal
20250329HTHH02025,2025-03-29,HT,HH,KIA,한화,RESULT,9회초,False,False,normal
20250329KTLT02025,2025-03-29,KT,LT,KT,롯데,RESULT,9회초,False,False,normal
20250329LGNC02025,2025-03-29,LG,NC,LG,NC,RESULT,9회말,False,False,normal
20250329SKWO02025,2025-03-29,SK,WO,SSG,키움,RESULT,9회초,False,False,normal
20250329SSOB02025,2025-03-29,SS,OB,삼성,두산,RESULT,9회말,False,False,normal
20250330HTHH02025,2025-03-30,HT,HH,KIA,한화,RESULT,9회말,False,False,normal
20250330KTLT02025,2025-03-30,KT,LT,KT,롯데,RESULT,11회말,False,False,normal
20250330LGNC02025,2025-03-30,LG,NC,LG,NC,BEFORE,경기취소,True,False,cancelled
20250330SKWO02025,2025-03-30,SK,WO,SSG,키움,RESULT,9회말,False,False,normal
20250330SSOB02025,2025-03-30,SS,OB,삼성,두산,RESULT,9회말,False,False,normal
20250401LGKT02025,2025-04-01,LG,KT,LG,KT,BEFORE,경기취소,True,False,cancelled
20250401LTHH02025,2025-04-01,LT,HH,롯데,한화,BEFORE,경기취소,True,False,cancelled
20250401SKNC02025,2025-04-01,SK,NC,SSG,NC,BEFORE,경기취소,True,False,cancelled
20250401SSHT02025,2025-04-01,SS,HT,삼성,KIA,BEFORE,경기취소,True,False,cancelled
20250401WOOB02025,2025-04-01,WO,OB,키움,두산,BEFORE,경기취소,True,False,cancelled
20250402LGKT02025,2025-04-02,LG,KT,LG,KT,RESULT,9회초,False,False,normal
20250402LTHH02025,2025-04-02,LT,HH,롯데,한화,RESULT,9회말,False,False,normal
20250402SKNC02025,2025-04-02,SK,NC,SSG,NC,BEFORE,경기취소,True,False,cancelled
20250402SSHT02025,2025-04-02,SS,HT,삼성,KIA,RESULT,9회말,False,False,normal
20250402WOOB02025,2025-04-02,WO,OB,키움,두산,RESULT,9회초,False,False,normal
20250403LGKT02025,2025-04-03,LG,KT,LG,KT,RESULT,9회말,False,False,normal
20250403LTHH02025,2025-04-03,LT,HH,롯데,한화,RESULT,9회말,False,False,normal
20250403SKNC02025,2025-04-03,SK,NC,SSG,NC,BEFORE,경기취소,True,False,cancelled
20250403SSHT02025,2025-04-03,SS,HT,삼성,KIA,RESULT,9회초,False,False,normal
20250403WOOB02025,2025-04-03,WO,OB,키움,두산,RESULT,9회초,False,False,normal
20250404HHSS02025,2025-04-04,HH,SS,한화,삼성,RESULT,9회초,False,False,normal
20250404HTLG02025,2025-04-04,HT,LG,KIA,LG,RESULT,9회초,False,False,normal
20250404KTSK02025,2025-04-04,KT,SK,KT,SSG,RESULT,11회말,False,False,normal
20250404NCWO02025,2025-04-04,NC,WO,NC,키움,RESULT,9회초,False,False,normal
20250404OBLT02025,2025-04-04,OB,LT,두산,롯데,RESULT,9회말,False,False,normal
20250405HHSS02025,2025-04-05,HH,SS,한화,삼성,RESULT,9회말,False,False,normal
20250405HTLG02025,2025-04-05,HT,LG,KIA,LG,BEFORE,경기취소,True,False,cancelled
20250405KTSK02025,2025-04-05,KT,SK,KT,SSG,BEFORE,경기취소,True,False,cancelled
20250405NCWO02025,2025-04-05,NC,WO,NC,키움,RESULT,9회말,False,False,normal
20250405OBLT02025,2025-04-05,OB,LT,두산,롯데,RESULT,9회초,False,False,normal
20250406HHSS02025,2025-04-06,HH,SS,한화,삼성,RESULT,9회초,False,False,normal
20250406HTLG02025,2025-04-06,HT,LG,KIA,LG,RESULT,9회초,False,False,normal
20250406KTSK02025,2025-04-06,KT,SK,KT,SSG,RESULT,9회말,False,False,normal
20250406NCWO02025,2025-04-06,NC,WO,NC,키움,RESULT,9회말,False,False,normal
20250406OBLT02025,2025-04-06,OB,LT,두산,롯데,RESULT,9회말,False,False,normal
20250408HHOB02025,2025-04-08,HH,OB,한화,두산,RESULT,11회말,False,False,normal
20250408HTLT02025,2025-04-08,HT,LT,KIA,롯데,RESULT,9회말,False,False,normal
20250408LGWO02025,2025-04-08,LG,WO,LG,키움,RESULT,9회말,False,False,normal
20250408NCKT02025,2025-04-08,NC,KT,NC,KT,RESULT,9회초,False,False,normal
20250408SKSS02025,2025-04-08,SK,SS,SSG,삼성,RESULT,9회초,False,False,normal
20250409HHOB02025,2025-04-09,HH,OB,한화,두산,RESULT,9회말,False,False,normal
20250409HTLT02025,2025-04-09,HT,LT,KIA,롯데,RESULT,9회말,False,False,normal
20250409LGWO02025,2025-04-09,LG,WO,LG,키움,RESULT,9회초,False,False,normal
20250409NCKT02025,2025-04-09,NC,KT,NC,KT,RESULT,9회초,False,False,normal
20250409SKSS02025,2025-04-09,SK,SS,SSG,삼성,RESULT,11회말,False,False,normal
20250410HHOB02025,2025-04-10,HH,OB,한화,두산,RESULT,9회말,False,False,normal
20250410HTLT02025,2025-04-10,HT,LT,KIA,롯데,RESULT,9회초,False,False,normal
20250410LGWO02025,2025-04-10,LG,WO,LG,키움,RESULT,9회말,False,False,normal
20250410NCKT02025,2025-04-10,NC,KT,NC,KT,RESULT,9회말,False,False,normal
20250410SKSS02025,2025-04-10,SK,SS,SSG,삼성,RESULT,10회말,False,False,normal
20250411LTNC02025,2025-04-11,LT,NC,롯데,NC,RESULT,9회말,False,False,normal
20250411OBLG02025,2025-04-11,OB,LG,두산,LG,RESULT,9회초,False,False,normal
20250411SKHT02025,2025-04-11,SK,HT,SSG,KIA,RESULT,9회말,False,False,normal
20250411SSKT02025,2025-04-11,SS,KT,삼성,KT,RESULT,9회초,False,False,normal
20250411WOHH02025,2025-04-11,WO,HH,키움,한화,RESULT,9회초,False,False,normal
20250412LTNC02025,2025-04-12,LT,NC,롯데,NC,RESULT,8회초,False,False,called
20250412OBLG02025,2025-04-12,OB,LG,두산,LG,RESULT,9회초,False,False,normal
20250412SKHT02025,2025-04-12,SK,HT,SSG,KIA,BEFORE,경기취소,True,False,cancelled
20250412SSKT02025,2025-04-12,SS,KT,삼성,KT,BEFORE,경기취소,True,False,cancelled
20250412WOHH02025,2025-04-12,WO,HH,키움,한화,RESULT,9회말,False,False,normal
20250413LTNC02025,2025-04-13,LT,NC,롯데,NC,RESULT,9회초,False,False,normal
20250413OBLG02025,2025-04-13,OB,LG,두산,LG,RESULT,9회말,False,False,normal
20250413SKHT02025,2025-04-13,SK,HT,SSG,KIA,RESULT,9회초,False,False,normal
20250413SSKT02025,2025-04-13,SS,KT,삼성,KT,RESULT,9회초,False,False,normal
20250413WOHH02025,2025-04-13,WO,HH,키움,한화,RESULT,9회초,False,False,normal
20250415HHSK02025,2025-04-15,HH,SK,한화,SSG,RESULT,9회말,False,False,normal
20250415KTHT02025,2025-04-15,KT,HT,KT,KIA,RESULT,9회초,False,False,normal
20250415OBNC02025,2025-04-15,OB,NC,두산,NC,BEFORE,경기취소,True,False,cancelled
20250415SSLG02025,2025-04-15,SS,LG,삼성,LG,RESULT,9회초,False,False,normal
20250415WOLT02025,2025-04-15,WO,LT,키움,롯데,RESULT,9회초,False,False,normal
20250416HHSK02025,2025-04-16,HH,SK,한화,SSG,RESULT,9회말,False,False,normal
20250416KTHT02025,2025-04-16,KT,HT,KT,KIA,RESULT,9회말,False,False,normal
20250416OBNC02025,2025-04-16,OB,NC,두산,NC,BEFORE,경기취소,True,False,cancelled
20250416SSLG02025,2025-04-16,SS,LG,삼성,LG,RESULT,9회초,False,False,normal
20250416WOLT02025,2025-04-16,WO,LT,키움,롯데,RESULT,9회초,False,False,normal
20250417HHSK02025,2025-04-17,HH,SK,한화,SSG,RESULT,9회말,False,False,normal
20250417KTHT02025,2025-04-17,KT,HT,KT,KIA,RESULT,9회말,False,False,normal
20250417OBNC02025,2025-04-17,OB,NC,두산,NC,BEFORE,경기취소,True,False,cancelled
20250417SSLG02025,2025-04-17,SS,LG,삼성,LG,RESULT,9회말,False,False,normal
20250417WOLT02025,2025-04-17,WO,LT,키움,롯데,RESULT,9회초,False,False,normal
20250418HTOB02025,2025-04-18,HT,OB,KIA,두산,RESULT,9회초,False,False,normal
20250418KTWO02025,2025-04-18,KT,WO,KT,키움,RESULT,9회말,False,False,normal
20250418LGSK02025,2025-04-18,LG,SK,LG,SSG,RESULT,9회말,False,False,normal
20250418LTSS02025,2025-04-18,LT,SS,롯데,삼성,RESULT,9회말,False,False,normal
20250418NCHH02025,2025-04-18,NC,HH,NC,한화,RESULT,9회초,False,False,normal
20250419HTOB02025,2025-04-19,HT,OB,KIA,두산,RESULT,9회말,False,False,normal
20250419KTWO02025,2025-04-19,KT,WO,KT,키움,RESULT,9회말,False,False,normal
20250419LGSK02025,2025-04-19,LG,SK,LG,SSG,RESULT,9회말,False,False,normal
20250419LTSS02025,2025-04-19,LT,SS,롯데,삼성,RESULT,9회초,False,False,normal
20250419NCHH02025,2025-04-19,NC,HH,NC,한화,RESULT,5회초,False,False,called
20250420HTOB02025,2025-04-20,HT,OB,KIA,두산,RESULT,9회말,False,False,normal
20250420KTWO02025,2025-04-20,KT,WO,KT,키움,RESULT,9회말,False,False,normal
20250420LGSK02025,2025-04-20,LG,SK,LG,SSG,RESULT,9회초,False,False,normal
20250420LTSS02025,2025-04-20,LT,SS,롯데,삼성,RESULT,9회말,False,False,normal
20250420NCHH02025,2025-04-20,NC,HH,NC,한화,RESULT,9회초,False,False,normal
20250422HHLT02025,2025-04-22,HH,LT,한화,롯데,BEFORE,경기취소,True,False,cancelled
20250422HTSS02025,2025-04-22,HT,SS,KIA,삼성,BEFORE,경기취소,True,False,cancelled
20250422NCLG02025,2025-04-22,NC,LG,NC,LG,RESULT,10회말,False,False,normal
20250422OBWO02025,2025-04-22,OB,WO,두산,키움,RESULT,9회초,False,False,normal
20250422SKKT02025,2025-04-22,SK,KT,SSG,KT,RESULT,9회초,False,False,normal
20250423HHLT02025,2025-04-23,HH,LT,한화,롯데,RESULT,9회말,False,False,normal
20250423HTSS02025,2025-04-23,HT,SS,KIA,삼성,RESULT,9회초,False,False,normal
20250423NCLG02025,2025-04-23,NC,LG,NC,LG,RESULT,9회초,False,False,normal
20250423OBWO02025,2025-04-23,OB,WO,두산,키움,RESULT,9회말,False,False,normal
20250423SKKT02025,2025-04-23,SK,KT,SSG,KT,RESULT,9회말,False,False,normal
20250424HHLT02025,2025-04-24,HH,LT,한화,롯데,RESULT,9회초,False,False,normal
20250424HTSS02025,2025-04-24,HT,SS,KIA,삼성,RESULT,9회초,False,False,normal
20250424NCLG02025,2025-04-24,NC,LG,NC,LG,RESULT,9회말,False,False,normal
20250424OBWO02025,2025-04-24,OB,WO,두산,키움,RESULT,9회말,False,False,normal
20250424SKKT02025,2025-04-24,SK,KT,SSG,KT,RESULT,9회말,False,False,normal
20250425KTHH02025,2025-04-25,KT,HH,KT,한화,RESULT,9회말,False,False,normal
20250425LGHT02025,2025-04-25,LG,HT,LG,KIA,RESULT,9회말,False,False,normal
20250425LTOB02025,2025-04-25,LT,OB,롯데,두산,RESULT,9회말,False,False,normal
20250425NCSS02025,2025-04-25,NC,SS,NC,삼성,RESULT,9회초,False,False,normal
20250425WOSK02025,2025-04-25,WO,SK,키움,SSG,RESULT,9회초,False,False,normal
20250426KTHH02025,2025-04-26,KT,HH,KT,한화,RESULT,9회초,False,False,normal
20250426LGHT02025,2025-04-26,LG,HT,LG,KIA,RESULT,9회초,False,False,normal
20250426LTOB02025,2025-04-26,LT,OB,롯데,두산,RESULT,9회말,False,False,normal
20250426NCSS02025,2025-04-26,NC,SS,NC,삼성,RESULT,9회초,False,False,normal
20250426WOSK02025,2025-04-26,WO,SK,키움,SSG,RESULT,10회말,False,False,normal
20250427KTHH02025,2025-04-27,KT,HH,KT,한화,RESULT,9회초,False,False,normal
20250427LGHT02025,2025-04-27,LG,HT,LG,KIA,RESULT,9회초,False,False,normal
20250427LTOB02025,2025-04-27,LT,OB,롯데,두산,RESULT,9회초,False,False,normal
20250427NCSS02025,2025-04-27,NC,SS,NC,삼성,RESULT,9회초,False,False,normal
20250427WOSK02025,2025-04-27,WO,SK,키움,SSG,RESULT,9회말,False,False,normal
20250429KTOB02025,2025-04-29,KT,OB,KT,두산,RESULT,9회말,False,False,normal
20250429LGHH02025,2025-04-29,LG,HH,LG,한화,RESULT,9회초,False,False,normal
20250429LTWO02025,2025-04-29,LT,WO,롯데,키움,RESULT,9회말,False,False,normal
20250429NCHT02025,2025-04-29,NC,HT,NC,KIA,RESULT,9회초,False,False,normal
20250429SSSK02025,2025-04-29,SS,SK,삼성,SSG,RESULT,9회말,False,False,normal
20250430KTOB02025,2025-04-30,KT,OB,KT,두산,RESULT,9회말,False,False,normal
20250430LGHH02025,2025-04-30,LG,HH,LG,한화,RESULT,9회초,False,False,normal
20250430LTWO02025,2025-04-30,LT,WO,롯데,키움,RESULT,9회말,False,False,normal
20250430NCHT02025,2025-04-30,NC,HT,NC,KIA,RESULT,9회말,False,False,normal
20250430SSSK02025,2025-04-30,SS,SK,삼성,SSG,RESULT,11회말,False,False,normal
20250501KTOB02025,2025-05-01,KT,OB,KT,두산,RESULT,11회말,False,False,normal
20250501LGHH02025,2025-05-01,LG,HH,LG,한화,BEFORE,경기취소,True,False,cancelled
20250501LTWO02025,2025-05-01,LT,WO,롯데,키움,RESULT,9회말,False,False,normal
20250501NCHT02025,2025-05-01,NC,HT,NC,KIA,BEFORE,경기취소,True,False,cancelled
20250501SSSK02025,2025-05-01,SS,SK,삼성,SSG,RESULT,9회초,False,False,normal
20250502HHHT02025,2025-05-02,HH,HT,한화,KIA,RESULT,11회말,False,False,normal
20250502NCLT02025,2025-05-02,NC,LT,NC,롯데,RESULT,9회초,False,False,normal
20250502OBSS02025,2025-05-02,OB,SS,두산,삼성,RESULT,9회초,False,False,normal
20250502SKLG02025,2025-05-02,SK,LG,SSG,LG,RESULT,9회말,False,False,normal
20250502WOKT02025,2025-05-02,WO,KT,키움,KT,RESULT,9회말,False,False,normal
20250503HHHT02025,2025-05-03,HH,HT,한화,KIA,BEFORE,경기취소,True,False,cancelled
20250503NCLT02025,2025-05-03,NC,LT,NC,롯데,RESULT,9회말,False,False,normal
20250503OBSS02025,2025-05-03,OB,SS,두산,삼성,RESULT,9회말,False,False,normal
20250503SKLG02025,2025-05-03,SK,LG,SSG,LG,RESULT,9회초,False,False,normal
20250503WOKT02025,2025-05-03,WO,KT,키움,KT,RESULT,9회초,False,False,normal
20250504HHHT02025,2025-05-04,HH,HT,한화,KIA,RESULT,9회말,False,False,normal
20250504NCLT02025,2025-05-04,NC,LT,NC,롯데,RESULT,9회말,False,False,normal
20250504OBSS02025,2025-05-04,OB,SS,두산,삼성,RESULT,9회말,False,False,normal
20250504SKLG02025,2025-05-04,SK,LG,SSG,LG,RESULT,9회초,False,False,normal
20250504WOKT02025,2025-05-04,WO,KT,키움,KT,RESULT,9회초,False,False,normal
20250505HTWO02025,2025-05-05,HT,WO,KIA,키움,RESULT,9회말,False,False,normal
20250505LGOB02025,2025-05-05,LG,OB,LG,두산,RESULT,9회초,False,False,normal
20250505NCKT02025,2025-05-05,NC,KT,NC,KT,RESULT,9회말,False,False,normal
20250505SKLT02025,2025-05-05,SK,LT,SSG,롯데,RESULT,9회말,False,False,normal
20250505SSHH02025,2025-05-05,SS,HH,삼성,한화,RESULT,9회초,False,False,normal
20250506HTWO02025,2025-05-06,HT,WO,KIA,키움,RESULT,9회말,False,False,normal
20250506LGOB02025,2025-05-06,LG,OB,LG,두산,RESULT,9회말,False,False,normal
20250506NCKT02025,2025-05-06,NC,KT,NC,KT,RESULT,9회말,False,False,normal
20250506SKLT02025,2025-05-06,SK,LT,SSG,롯데,RESULT,9회초,False,False,normal
20250506SSHH02025,2025-05-06,SS,HH,삼성,한화,RESULT,9회초,False,False,normal
20250507HTWO02025,2025-05-07,HT,WO,KIA,키움,RESULT,9회초,False,False,normal
20250507LGOB02025,2025-05-07,LG,OB,LG,두산,RESULT,9회초,False,False,normal
20250507NCKT02025,2025-05-07,NC,KT,NC,KT,RESULT,9회말,False,False,normal
20250507SKLT02025,2025-05-07,SK,LT,SSG,롯데,RESULT,9회초,False,False,normal
20250507SSHH02025,2025-05-07,SS,HH,삼성,한화,RESULT,9회초,False,False,normal
20250509HHWO02025,2025-05-09,HH,WO,한화,키움,RESULT,9회말,False,False,normal
20250509HTSK02025,2025-05-09,HT,SK,KIA,SSG,BEFORE,경기취소,True,False,cancelled
20250509LGSS02025,2025-05-09,LG,SS,LG,삼성,BEFORE,경기취소,True,False,cancelled
20250509LTKT02025,2025-05-09,LT,KT,롯데,KT,BEFORE,경기취소,True,False,cancelled
20250509NCOB02025,2025-05-09,NC,OB,NC,두산,BEFORE,경기취소,True,False,cancelled
20250510HHWO02025,2025-05-10,HH,WO,한화,키움,RESULT,9회말,False,False,normal
20250510HTSK02025,2025-05-10,HT,SK,KIA,SSG,RESULT,9회말,False,False,normal
20250510HTSK12025,2025-05-10,HT,SK,KIA,SSG,BEFORE,경기취소,True,False,cancelled
20250510LGSS12025,2025-05-10,LG,SS,LG,삼성,RESULT,9회말,False,False,normal
20250510LGSS22025,2025-05-10,LG,SS,LG,삼성,RESULT,9회말,False,False,normal
20250510LTKT02025,2025-05-10,LT,KT,롯데,KT,RESULT,9회말,False,False,normal
20250510LTKT12025,2025-05-10,LT,KT,롯데,KT,BEFORE,경기취소,True,False,cancelled
20250510NCOB02025,2025-05-10,NC,OB,NC,두산,RESULT,9회말,False,False,normal
20250510NCOB12025,2025-05-10,NC,OB,NC,두산,BEFORE,경기취소,True,False,cancelled
20250511HHWO02025,2025-05-11,HH,WO,한화,키움,RESULT,9회말,False,False,normal
20250511HTSK12025,2025-05-11,HT,SK,KIA,SSG,RESULT,9회초,False,False,normal
20250511HTSK22025,2025-05-11,HT,SK,KIA,SSG,RESULT,9회초,False,False,normal
20250511LGSS02025,2025-05-11,LG,SS,LG,삼성,RESULT,9회말,False,False,normal
20250511LTKT12025,2025-05-11,LT,KT,롯데,KT,RESULT,9회말,False,False,normal
20250511LTKT22025,2025-05-11,LT,KT,롯데,KT,RESULT,9회말,False,False,normal
20250511NCOB12025,2025-05-11,NC,OB,NC,두산,RESULT,9회말,False,False,normal
20250511NCOB22025,2025-05-11,NC,OB,NC,두산,RESULT,9회말,False,False,normal
20250513KTSS02025,2025-05-13,KT,SS,KT,삼성,RESULT,9회초,False,False,normal
20250513LTHT02025,2025-05-13,LT,HT,롯데,KIA,RESULT,9회초,False,False,normal
20250513NCSK02025,2025-05-13,NC,SK,NC,SSG,RESULT,9회초,False,False,normal
20250513OBHH02025,2025-05-13,OB,HH,두산,한화,RESULT,11회말,False,False,normal
20250513WOLG02025,2025-05-13,WO,LG,키움,LG,RESULT,9회초,False,False,normal
20250514KTSS02025,2025-05-14,KT,SS,KT,삼성,RESULT,9회말,False,False,normal
20250514LTHT02025,2025-05-14,LT,HT,롯데,KIA,RESULT,9회말,False,False,normal
20250514NCSK02025,2025-05-14,NC,SK,NC,SSG,RESULT,9회말,False,False,normal
20250514OBHH02025,2025-05-14,OB,HH,두산,한화,RESULT,9회말,False,False,normal
20250514WOLG02025,2025-05-14,WO,LG,키움,LG,RESULT,9회초,False,False,normal
20250515KTSS02025,2025-05-15,KT,SS,KT,삼성,RESULT,9회초,False,False,normal
20250515LTHT02025,2025-05-15,LT,HT,롯데,KIA,RESULT,9회초,False,False,normal
20250515NCSK02025,2025-05-15,NC,SK,NC,SSG,RESULT,9회초,False,False,normal
20250515OBHH02025,2025-05-15,OB,HH,두산,한화,RESULT,9회말,False,False,normal
20250515WOLG02025,2025-05-15,WO,LG,키움,LG,RESULT,9회초,False,False,normal
20250516KTLG02025,2025-05-16,KT,LG,KT,LG,BEFORE,경기취소,True,False,cancelled
20250516OBHT02025,2025-05-16,OB,HT,두산,KIA,BEFORE,경기취소,True,False,cancelled
20250516SKHH02025,2025-05-16,SK,HH,SSG,한화,BEFORE,경기취소,True,False,cancelled
20250516SSLT02025,2025-05-16,SS,LT,삼성,롯데,BEFORE,경기취소,True,False,cancelled
20250516WONC02025,2025-05-16,WO,NC,키움,NC,BEFORE,경기취소,True,False,cancelled
20250517KTLG12025,2025-05-17,KT,LG,KT,LG,RESULT,9회말,False,False,normal
20250517KTLG22025,2025-05-17,KT,LG,KT,LG,RESULT,9회말,False,False,normal
20250517OBHT12025,2025-05-17,OB,HT,두산,KIA,RESULT,9회초,False,False,normal
20250517OBHT22025,2025-05-17,OB,HT,두산,KIA,RESULT,9회초,False,False,normal
20250517SKHH12025,2025-05-17,SK,HH,SSG,한화,RESULT,9회초,False,False,normal
20250517SKHH22025,2025-05-17,SK,HH,SSG,한화,RESULT,9회말,False,False,normal
20250517SSLT12025,2025-05-17,SS,LT,삼성,롯데,RESULT,9회초,False,False,normal
20250517SSLT22025,2025-05-17,SS,LT,삼성,롯데,RESULT,9회초,False,False,normal
20250517WONC12025,2025-05-17,WO,NC,키움,NC,RESULT,9회초,False,False,normal
20250517WONC22025,2025-05-17,WO,NC,키움,NC,RESULT,9회말,False,False,normal
20250518KTLG02025,2025-05-18,KT,LG,KT,LG,RESULT,9회초,False,False,normal
20250518OBHT02025,2025-05-18,OB,HT,두산,KIA,RESULT,10회말,False,False,normal
20250518SKHH02025,2025-05-18,SK,HH,SSG,한화,RESULT,9회말,False,False,normal
20250518SSLT02025,2025-05-18,SS,LT,삼성,롯데,RESULT,9회초,False,False,normal
20250518WONC02025,2025-05-18,WO,NC,키움,NC,RESULT,9회초,False,False,normal
20250520HHNC02025,2025-05-20,HH,NC,한화,NC,RESULT,9회말,False,False,normal
20250520HTKT02025,2025-05-20,HT,KT,KIA,KT,RESULT,9회초,False,False,normal
20250520LGLT02025,2025-05-20,LG,LT,LG,롯데,RESULT,9회말,False,False,normal
20250520SKOB02025,2025-05-20,SK,OB,SSG,두산,RESULT,9회말,False,False,normal
20250520SSWO02025,2025-05-20,SS,WO,삼성,키움,RESULT,11회말,False,False,normal
20250521HHNC02025,2025-05-21,HH,NC,한화,NC,RESULT,9회초,False,False,normal
20250521HTKT02025,2025-05-21,HT,KT,KIA,KT,RESULT,9회초,False,False,normal
20250521LGLT02025,2025-05-21,LG,LT,LG,롯데,RESULT,11회말,False,False,normal
20250521SKOB02025,2025-05-21,SK,OB,SSG,두산,RESULT,9회말,False,False,normal
20250521SSWO02025,2025-05-21,SS,WO,삼성,키움,RESULT,9회말,False,False,normal
20250522HHNC02025,2025-05-22,HH,NC,한화,NC,RESULT,9회초,False,False,normal
20250522HTKT02025,2025-05-22,HT,KT,KIA,KT,RESULT,9회말,False,False,normal
20250522LGLT02025,2025-05-22,LG,LT,LG,롯데,RESULT,9회초,False,False,normal
20250522SKOB02025,2025-05-22,SK,OB,SSG,두산,RESULT,9회초,False,False,normal
20250522SSWO02025,2025-05-22,SS,WO,삼성,키움,RESULT,9회말,False,False,normal
20250523HTSS02025,2025-05-23,HT,SS,KIA,삼성,RESULT,9회말,False,False,normal
20250523KTWO02025,2025-05-23,KT,WO,KT,키움,RESULT,9회말,False,False,normal
20250523LGSK02025,2025-05-23,LG,SK,LG,SSG,RESULT,9회말,False,False,normal
20250523LTHH02025,2025-05-23,LT,HH,롯데,한화,RESULT,9회초,False,False,normal
20250523NCOB02025,2025-05-23,NC,OB,NC,두산,RESULT,9회말,False,False,normal
20250524HTSS02025,2025-05-24,HT,SS,KIA,삼성,RESULT,9회초,False,False,normal
20250524KTWO02025,2025-05-24,KT,WO,KT,키움,RESULT,9회말,False,False,normal
20250524LGSK02025,2025-05-24,LG,SK,LG,SSG,RESULT,9회말,False,False,normal
20250524LTHH02025,2025-05-24,LT,HH,롯데,한화,RESULT,10회말,False,False,normal
20250524NCOB02025,2025-05-24,NC,OB,NC,두산,RESULT,9회말,False,False,normal
20250525HTSS02025,2025-05-25,HT,SS,KIA,삼성,RESULT,9회말,False,False,normal
20250525KTWO02025,2025-05-25,KT,WO,KT,키움,RESULT,9회말,False,False,normal
20250525LGSK02025,2025-05-25,LG,SK,LG,SSG,RESULT,9회말,False,False,normal
20250525LTHH02025,2025-05-25,LT,HH,롯데,한화,RESULT,10회말,False,False,normal
20250525NCOB02025,2025-05-25,NC,OB,NC,두산,RESULT,9회초,False,False,normal
20250527HHLG02025,2025-05-27,HH,LG,한화,LG,RESULT,9회초,False,False,normal
20250527LTSS02025,2025-05-27,LT,SS,롯데,삼성,RESULT,9회초,False,False,normal
20250527NCSK02025,2025-05-27,NC,SK,NC,SSG,RESULT,11회말,False,False,normal
20250527OBKT02025,2025-05-27,OB,KT,두산,KT,RESULT,9회초,False,False,normal
20250527WOHT02025,2025-05-27,WO,HT,키움,KIA,RESULT,9회초,False,False,normal
20250528HHLG02025,2025-05-28,HH,LG,한화,LG,RESULT,11회말,False,False,normal
20250528LTSS02025,2025-05-28,LT,SS,롯데,삼성,BEFORE,경기취소,True,False,cancelled
20250528NCSK02025,2025-05-28,NC,SK,NC,SSG,RESULT,9회초,False,False,normal
20250528OBKT02025,2025-05-28,OB,KT,두산,KT,RESULT,9회말,False,False,normal
20250528WOHT02025,2025-05-28,WO,HT,키움,KIA,RESULT,9회초,False,False,normal
20250529HHLG02025,2025-05-29,HH,LG,한화,LG,RESULT,9회초,False,False,normal
20250529LTSS02025,2025-05-29,LT,SS,롯데,삼성,RESULT,9회초,False,False,normal
20250529NCSK02025,2025-05-29,NC,SK,NC,SSG,RESULT,9회초,False,False,normal
20250529OBKT02025,2025-05-29,OB,KT,두산,KT,RESULT,9회초,False,False,normal
20250529WOHT02025,2025-05-29,WO,HT,키움,KIA,RESULT,11회말,False,False,normal
20250530HHNC02025,2025-05-30,HH,NC,한화,NC,RESULT,9회말,False,False,normal
20250530HTKT02025,2025-05-30,HT,KT,KIA,KT,RESULT,9회초,False,False,normal
20250530OBWO02025,2025-05-30,OB,WO,두산,키움,RESULT,9회말,False,False,normal
20250530SKLT02025,2025-05-30,SK,LT,SSG,롯데,RESULT,9회초,False,False,normal
20250530SSLG02025,2025-05-30,SS,LG,삼성,LG,RESULT,9회말,False,False,normal
20250531HHNC02025,2025-05-31,HH,NC,한화,NC,RESULT,9회말,False,False,normal
20250531HTKT02025,2025-05-31,HT,KT,KIA,KT,RESULT,9회초,False,False,normal
20250531OBWO02025,2025-05-31,OB,WO,두산,키움,RESULT,9회초,False,False,normal
20250531SKLT02025,2025-05-31,SK,LT,SSG,롯데,RESULT,9회말,False,False,normal
20250531SSLG02025,2025-05-31,SS,LG,삼성,LG,RESULT,9회말,False,False,normal
20250601HHNC02025,2025-06-01,HH,NC,한화,NC,RESULT,9회초,False,False,normal
20250601HTKT02025,2025-06-01,HT,KT,KIA,KT,RESULT,9회말,False,False,normal
20250601OBWO02025,2025-06-01,OB,WO,두산,키움,RESULT,9회초,False,False,normal
20250601SKLT02025,2025-06-01,SK,LT,SSG,롯데,RESULT,9회말,False,False,normal
20250601SSLG02025,2025-06-01,SS,LG,삼성,LG,RESULT,9회말,False,False,normal
20250603HTOB02025,2025-06-03,HT,OB,KIA,두산,RESULT,9회말,False,False,normal
20250603KTHH02025,2025-06-03,KT,HH,KT,한화,RESULT,9회초,False,False,normal
20250603LGNC02025,2025-06-03,LG,NC,LG,NC,RESULT,9회말,False,False,normal
20250603SSSK02025,2025-06-03,SS,SK,삼성,SSG,RESULT,9회초,False,False,normal
20250603WOLT02025,2025-06-03,WO,LT,키움,롯데,RESULT,9회초,False,False,normal
20250604HTOB02025,2025-06-04,HT,OB,KIA,두산,RESULT,9회말,False,False,normal
20250604KTHH02025,2025-06-04,KT,HH,KT,한화,RESULT,9회초,False,False,normal
20250604LGNC02025,2025-06-04,LG,NC,LG,NC,RESULT,9회초,False,False,normal
20250604SSSK02025,2025-06-04,SS,SK,삼성,SSG,RESULT,9회초,False,False,normal
20250604WOLT02025,2025-06-04,WO,LT,키움,롯데,RESULT,9회말,False,False,normal
20250605HTOB02025,2025-06-05,HT,OB,KIA,두산,RESULT,10회말,False,False,normal
20250605KTHH02025,2025-06-05,KT,HH,KT,한화,RESULT,9회말,False,False,normal
20250605LGNC02025,2025-06-05,LG,NC,LG,NC,RESULT,9회말,False,False,normal
20250605SSSK02025,2025-06-05,SS,SK,삼성,SSG,RESULT,9회말,False,False,normal
20250605WOLT02025,2025-06-05,WO,LT,키움,롯데,RESULT,9회말,False,False,normal
20250606HHHT02025,2025-06-06,HH,HT,한화,KIA,RESULT,9회초,False,False,normal
20250606LGWO02025,2025-06-06,LG,WO,LG,키움,RESULT,10회말,False,False,normal
20250606LTOB02025,2025-06-06,LT,OB,롯데,두산,RESULT,9회초,False,False,normal
20250606NCSS02025,2025-06-06,NC,SS,NC,삼성,RESULT,9회초,False,False,normal
20250606SKKT02025,2025-06-06,SK,KT,SSG,KT,RESULT,9회초,False,False,normal
20250607HHHT02025,2025-06-07,HH,HT,한화,KIA,RESULT,11회말,False,False,normal
20250607LGWO02025,2025-06-07,LG,WO,LG,키움,RESULT,9회초,False,False,normal
20250607LTOB02025,2025-06-07,LT,OB,롯데,두산,RESULT,9회말,False,False,normal
20250607NCSS02025,2025-06-07,NC,SS,NC,삼성,RESULT,9회말,False,False,normal
20250607SKKT02025,2025-06-07,SK,KT,SSG,KT,RESULT,9회초,False,False,normal
20250608HHHT02025,2025-06-08,HH,HT,한화,KIA,RESULT,10회말,False,False,normal
20250608LGWO02025,2025-06-08,LG,WO,LG,키움,RESULT,9회말,False,False,normal
20250608LTOB02025,2025-06-08,LT,OB,롯데,두산,RESULT,9회말,False,False,normal
20250608NCSS02025,2025-06-08,NC,SS,NC,삼성,RESULT,9회초,False,False,normal
20250608SKKT02025,2025-06-08,SK,KT,SSG,KT,RESULT,9회말,False,False,normal
20250610LTKT02025,2025-06-10,LT,KT,롯데,KT,RESULT,9회초,False,False,normal
20250610NCWO02025,2025-06-10,NC,WO,NC,키움,RESULT,11회말,False,False,normal
20250610OBHH02025,2025-06-10,OB,HH,두산,한화,RESULT,9회초,False,False,normal
20250610SKLG02025,2025-06-10,SK,LG,SSG,LG,RESULT,9회말,False,False,normal
20250610SSHT02025,2025-06-10,SS,HT,삼성,KIA,RESULT,9회말,False,False,normal
20250611LTKT02025,2025-06-11,LT,KT,롯데,KT,RESULT,9회말,False,False,normal
20250611NCWO02025,2025-06-11,NC,WO,NC,키움,RESULT,9회말,False,False,normal
20250611OBHH02025,2025-06-11,OB,HH,두산,한화,RESULT,9회초,False,False,normal
20250611SKLG02025,2025-06-11,SK,LG,SSG,LG,RESULT,9회초,False,False,normal
20250611SSHT02025,2025-06-11,SS,HT,삼성,KIA,RESULT,9회초,False,False,normal
20250612LTKT02025,2025-06-12,LT,KT,롯데,KT,RESULT,10회말,False,False,normal
20250612NCWO02025,2025-06-12,NC,WO,NC,키움,RESULT,10회말,False,False,normal
20250612OBHH02025,2025-06-12,OB,HH,두산,한화,RESULT,9회초,False,False,normal
20250612SKLG02025,2025-06-12,SK,LG,SSG,LG,RESULT,9회초,False,False,normal
20250612SSHT02025,2025-06-12,SS,HT,삼성,KIA,RESULT,9회말,False,False,normal
20250613HTNC02025,2025-06-13,HT,NC,KIA,NC,RESULT,5회말,False,False,called
20250613KTSS02025,2025-06-13,KT,SS,KT,삼성,BEFORE,경기취소,True,False,cancelled
20250613LGHH02025,2025-06-13,LG,HH,LG,한화,BEFORE,경기취소,True,False,cancelled
20250613LTSK02025,2025-06-13,LT,SK,롯데,SSG,BEFORE,경기취소,True,False,cancelled
20250613WOOB02025,2025-06-13,WO,OB,키움,두산,BEFORE,경기취소,True,False,cancelled
20250614HTNC02025,2025-06-14,HT,NC,KIA,NC,RESULT,9회말,False,False,normal
20250614KTSS02025,2025-06-14,KT,SS,KT,삼성,RESULT,9회말,False,False,normal
20250614LGHH02025,2025-06-14,LG,HH,LG,한화,RESULT,11회말,False,False,normal
20250614LTSK02025,2025-06-14,LT,SK,롯데,SSG,RESULT,9회말,False,False,normal
20250614WOOB02025,2025-06-14,WO,OB,키움,두산,RESULT,9회초,False,False,normal
20250615HTNC02025,2025-06-15,HT,NC,KIA,NC,RESULT,9회말,False,False,normal
20250615KTSS02025,2025-06-15,KT,SS,KT,삼성,RESULT,9회말,False,False,normal
20250615LGHH02025,2025-06-15,LG,HH,LG,한화,RESULT,9회초,False,False,normal
20250615LTSK02025,2025-06-15,LT,SK,롯데,SSG,RESULT,9회초,False,False,normal
20250615WOOB02025,2025-06-15,WO,OB,키움,두산,RESULT,9회초,False,False,normal
20250617HHLT02025,2025-06-17,HH,LT,한화,롯데,RESULT,9회말,False,False,normal
20250617KTHT02025,2025-06-17,KT,HT,KT,KIA,RESULT,9회초,False,False,normal
20250617NCLG02025,2025-06-17,NC,LG,NC,LG,RESULT,9회말,False,False,normal
20250617OBSS02025,2025-06-17,OB,SS,두산,삼성,RESULT,9회초,False,False,normal
20250617SKWO02025,2025-06-17,SK,WO,SSG,키움,RESULT,9회말,False,False,normal
20250618HHLT02025,2025-06-18,HH,LT,한화,롯데,RESULT,9회초,False,False,normal
20250618KTHT02025,2025-06-18,KT,HT,KT,KIA,RESULT,9회초,False,False,normal
20250618NCLG02025,2025-06-18,NC,LG,NC,LG,RESULT,9회말,False,False,normal
20250618OBSS02025,2025-06-18,OB,SS,두산,삼성,RESULT,10회말,False,False,normal
20250618SKWO02025,2025-06-18,SK,WO,SSG,키움,RESULT,9회초,False,False,normal
20250619HHLT02025,2025-06-19,HH,LT,한화,롯데,RESULT,9회초,False,False,normal
20250619KTHT02025,2025-06-19,KT,HT,KT,KIA,RESULT,9회초,False,False,normal
20250619NCLG02025,2025-06-19,NC,LG,NC,LG,RESULT,9회말,False,False,normal
20250619OBSS02025,2025-06-19,OB,SS,두산,삼성,RESULT,9회말,False,False,normal
20250619SKWO02025,2025-06-19,SK,WO,SSG,키움,RESULT,11회말,False,False,normal
20250620HTSK02025,2025-06-20,HT,SK,KIA,SSG,BEFORE,경기취소,True,False,cancelled
20250620NCKT02025,2025-06-20,NC,KT,NC,KT,BEFORE,경기취소,True,False,cancelled
20250620OBLG02025,2025-06-20,OB,LG,두산,LG,BEFORE,경기취소,True,False,cancelled
20250620SSLT02025,2025-06-20,SS,LT,삼성,롯데,RESULT,9회초,False,False,normal
20250620WOHH02025,2025-06-20,WO,HH,키움,한화,BEFORE,경기취소,True,False,cancelled
20250621HTSK02025,2025-06-21,HT,SK,KIA,SSG,RESULT,11회말,False,False,normal
20250621NCKT02025,2025-06-21,NC,KT,NC,KT,RESULT,9회초,False,False,normal
20250621OBLG02025,2025-06-21,OB,LG,두산,LG,RESULT,9회말,False,False,normal
20250621SSLT02025,2025-06-21,SS,LT,삼성,롯데,BEFORE,경기취소,True,False,cancelled
20250621WOHH02025,2025-06-21,WO,HH,키움,한화,BEFORE,경기취소,True,False,cancelled
20250622HTSK02025,2025-06-22,HT,SK,KIA,SSG,RESULT,9회말,False,False,normal
20250622NCKT02025,2025-06-22,NC,KT,NC,KT,RESULT,9회말,False,False,normal
20250622OBLG02025,2025-06-22,OB,LG,두산,LG,RESULT,9회초,False,False,normal
20250622SSLT02025,2025-06-22,SS,LT,삼성,롯데,RESULT,9회초,False,False,normal
20250622WOHH02025,2025-06-22,WO,HH,키움,한화,RESULT,9회초,False,False,normal
20250624HHSS02025,2025-06-24,HH,SS,한화,삼성,BEFORE,경기취소,True,False,cancelled
20250624HTWO02025,2025-06-24,HT,WO,KIA,키움,RESULT,9회초,False,False,normal
20250624LGKT02025,2025-06-24,LG,KT,LG,KT,RESULT,9회초,False,False,normal
20250624LTNC02025,2025-06-24,LT,NC,롯데,NC,BEFORE,경기취소,True,False,cancelled
20250624SKOB02025,2025-06-24,SK,OB,SSG,두산,RESULT,6회말,False,False,called
20250625HHSS02025,2025-06-25,HH,SS,한화,삼성,RESULT,9회초,False,False,normal
20250625HTWO02025,2025-06-25,HT,WO,KIA,키움,RESULT,9회말,False,False,normal
20250625LGKT02025,2025-06-25,LG,KT,LG,KT,BEFORE,경기취소,True,False,cancelled
20250625LTNC02025,2025-06-25,LT,NC,롯데,NC,RESULT,9회초,False,False,normal
20250625SKOB02025,2025-06-25,SK,OB,SSG,두산,BEFORE,경기취소,True,False,cancelled
20250626HHSS02025,2025-06-26,HH,SS,한화,삼성,RESULT,9회말,False,False,normal
20250626HTWO02025,2025-06-26,HT,WO,KIA,키움,RESULT,11회말,False,False,normal
20250626LGKT02025,2025-06-26,LG,KT,LG,KT,RESULT,9회말,False,False,normal
20250626LTNC02025,2025-06-26,LT,NC,롯데,NC,RESULT,9회말,False,False,normal
20250626SKOB02025,2025-06-26,SK,OB,SSG,두산,RESULT,9회말,False,False,normal
20250627HHSK02025,2025-06-27,HH,SK,한화,SSG,RESULT,9회초,False,False,normal
20250627HTLG02025,2025-06-27,HT,LG,KIA,LG,RESULT,9회초,False,False,normal
20250627KTLT02025,2025-06-27,KT,LT,KT,롯데,RESULT,9회말,False,False,normal
20250627OBNC02025,2025-06-27,OB,NC,두산,NC,RESULT,9회초,False,False,normal
20250627SSWO02025,2025-06-27,SS,WO,삼성,키움,RESULT,9회초,False,False,normal
20250628HHSK02025,2025-06-28,HH,SK,한화,SSG,RESULT,9회말,False,False,normal
20250628HTLG02025,2025-06-28,HT,LG,KIA,LG,RESULT,9회말,False,False,normal
20250628KTLT02025,2025-06-28,KT,LT,KT,롯데,RESULT,9회말,False,False,normal
20250628OBNC02025,2025-06-28,OB,NC,두산,NC,RESULT,9회초,False,False,normal
20250628SSWO02025,2025-06-28,SS,WO,삼성,키움,RESULT,9회초,False,False,normal
20250629HHSK02025,2025-06-29,HH,SK,한화,SSG,RESULT,9회초,False,False,normal
20250629HTLG02025,2025-06-29,HT,LG,KIA,LG,RESULT,9회말,False,False,normal
20250629KTLT02025,2025-06-29,KT,LT,KT,롯데,RESULT,9회초,False,False,normal
20250629OBNC02025,2025-06-29,OB,NC,두산,NC,RESULT,9회말,False,False,normal
20250629SSWO02025,2025-06-29,SS,WO,삼성,키움,RESULT,9회초,False,False,normal
20250701LGLT02025,2025-07-01,LG,LT,LG,롯데,RESULT,9회말,False,False,normal
20250701NCHH02025,2025-07-01,NC,HH,NC,한화,RESULT,9회초,False,False,normal
20250701SKHT02025,2025-07-01,SK,HT,SSG,KIA,RESULT,9회초,False,False,normal
20250701SSOB02025,2025-07-01,SS,OB,삼성,두산,RESULT,9회말,False,False,normal
20250701WOKT02025,2025-07-01,WO,KT,키움,KT,RESULT,9회말,False,False,normal
20250702LGLT02025,2025-07-02,LG,LT,LG,롯데,RESULT,9회초,False,False,normal
20250702NCHH02025,2025-07-02,NC,HH,NC,한화,RESULT,9회말,False,False,normal
20250702SKHT02025,2025-07-02,SK,HT,SSG,KIA,RESULT,9회말,False,False,normal
20250702SSOB02025,2025-07-02,SS,OB,삼성,두산,RESULT,9회초,False,False,normal
20250702WOKT02025,2025-07-02,WO,KT,키움,KT,RESULT,9회초,False,False,normal
20250703LGLT02025,2025-07-03,LG,LT,LG,롯데,RESULT,9회초,False,False,normal
20250703NCHH02025,2025-07-03,NC,HH,NC,한화,RESULT,11회말,False,False,normal
20250703SKHT02025,2025-07-03,SK,HT,SSG,KIA,RESULT,9회초,False,False,normal
20250703SSOB02025,2025-07-03,SS,OB,삼성,두산,RESULT,9회말,False,False,normal
20250703WOKT02025,2025-07-03,WO,KT,키움,KT,RESULT,9회초,False,False,normal
20250704HHWO02025,2025-07-04,HH,WO,한화,키움,RESULT,9회말,False,False,normal
20250704KTOB02025,2025-07-04,KT,OB,KT,두산,RESULT,9회말,False,False,normal
20250704LGSS02025,2025-07-04,LG,SS,LG,삼성,RESULT,9회초,False,False,normal
20250704LTHT02025,2025-07-04,LT,HT,롯데,KIA,RESULT,9회초,False,False,normal
20250704SKNC02025,2025-07-04,SK,NC,SSG,NC,RESULT,9회말,False,False,normal
20250705HHWO02025,2025-07-05,HH,WO,한화,키움,RESULT,9회말,False,False,normal
20250705KTOB02025,2025-07-05,KT,OB,KT,두산,RESULT,9회초,False,False,normal
20250705LGSS02025,2025-07-05,LG,SS,LG,삼성,RESULT,9회초,False,False,normal
20250705LTHT02025,2025-07-05,LT,HT,롯데,KIA,RESULT,9회초,False,False,normal
20250705SKNC02025,2025-07-05,SK,NC,SSG,NC,RESULT,9회말,False,False,normal
20250706HHWO02025,2025-07-06,HH,WO,한화,키움,RESULT,9회말,False,False,normal
20250706KTOB02025,2025-07-06,KT,OB,KT,두산,RESULT,9회초,False,False,normal
20250706LGSS02025,2025-07-06,LG,SS,LG,삼성,RESULT,9회말,False,False,normal
20250706LTHT02025,2025-07-06,LT,HT,롯데,KIA,RESULT,9회말,False,False,normal
20250706SKNC02025,2025-07-06,SK,NC,SSG,NC,RESULT,9회초,False,False,normal
20250708HTHH02025,2025-07-08,HT,HH,KIA,한화,RESULT,9회초,False,False,normal
20250708KTSK02025,2025-07-08,KT,SK,KT,SSG,RESULT,9회초,False,False,normal
20250708OBLT02025,2025-07-08,OB,LT,두산,롯데,RESULT,9회말,False,False,normal
20250708SSNC02025,2025-07-08,SS,NC,삼성,NC,RESULT,9회초,False,False,normal
20250708WOLG02025,2025-07-08,WO,LG,키움,LG,RESULT,9회초,False,False,normal
20250709HTHH02025,2025-07-09,HT,HH,KIA,한화,RESULT,9회초,False,False,normal
20250709KTSK02025,2025-07-09,KT,SK,KT,SSG,RESULT,9회말,False,False,normal
20250709OBLT02025,2025-07-09,OB,LT,두산,롯데,RESULT,11회말,False,False,normal
20250709SSNC02025,2025-07-09,SS,NC,삼성,NC,RESULT,9회초,False,False,normal
20250709WOLG02025,2025-07-09,WO,LG,키움,LG,RESULT,9회초,False,False,normal
20250710HTHH02025,2025-07-10,HT,HH,KIA,한화,RESULT,9회말,False,False,normal
20250710KTSK02025,2025-07-10,KT,SK,KT,SSG,RESULT,9회말,False,False,normal
20250710OBLT02025,2025-07-10,OB,LT,두산,롯데,RESULT,9회말,False,False,normal
20250710SSNC02025,2025-07-10,SS,NC,삼성,NC,RESULT,9회초,False,False,normal
20250710WOLG02025,2025-07-10,WO,LG,키움,LG,RESULT,9회말,False,False,normal
20250717HHKT02025,2025-07-17,HH,KT,한화,KT,BEFORE,경기취소,True,False,cancelled
20250717LTLG02025,2025-07-17,LT,LG,롯데,LG,BEFORE,경기취소,True,False,cancelled
20250717NCHT02025,2025-07-17,NC,HT,NC,KIA,BEFORE,경기취소,True,False,cancelled
20250717OBSK02025,2025-07-17,OB,SK,두산,SSG,BEFORE,경기취소,True,False,cancelled
20250717WOSS02025,2025-07-17,WO,SS,키움,삼성,BEFORE,경기취소,True,False,cancelled
20250718HHKT02025,2025-07-18,HH,KT,한화,KT,RESULT,9회말,False,False,normal
20250718LTLG02025,2025-07-18,LT,LG,롯데,LG,RESULT,9회초,False,False,normal
20250718NCHT02025,2025-07-18,NC,HT,NC,KIA,BEFORE,경기취소,True,False,cancelled
20250718OBSK02025,2025-07-18,OB,SK,두산,SSG,BEFORE,경기취소,True,False,cancelled
20250718WOSS02025,2025-07-18,WO,SS,키움,삼성,BEFORE,경기취소,True,False,cancelled
20250719HHKT02025,2025-07-19,HH,KT,한화,KT,RESULT,6회초,False,False,called
20250719LTLG02025,2025-07-19,LT,LG,롯데,LG,RESULT,9회말,False,False,normal
20250719NCHT02025,2025-07-19,NC,HT,NC,KIA,BEFORE,경기취소,True,False,cancelled
20250719OBSK02025,2025-07-19,OB,SK,두산,SSG,RESULT,9회말,False,False,normal
20250719WOSS02025,2025-07-19,WO,SS,키움,삼성,BEFORE,경기취소,True,False,cancelled
20250720HHKT02025,2025-07-20,HH,KT,한화,KT,RESULT,9회말,False,False,normal
20250720LTLG02025,2025-07-20,LT,LG,롯데,LG,RESULT,9회초,False,False,normal
20250720NCHT02025,2025-07-20,NC,HT,NC,KIA,RESULT,9회초,False,False,normal
20250720OBSK02025,2025-07-20,OB,SK,두산,SSG,RESULT,9회말,False,False,normal
20250720WOSS02025,2025-07-20,WO,SS,키움,삼성,RESULT,9회초,False,False,normal
20250722HHOB02025,2025-07-22,HH,OB,한화,두산,RESULT,9회말,False,False,normal
20250722KTNC02025,2025-07-22,KT,NC,KT,NC,RESULT,9회말,False,False,normal
20250722LGHT02025,2025-07-22,LG,HT,LG,KIA,RESULT,9회말,False,False,normal
20250722LTWO02025,2025-07-22,LT,WO,롯데,키움,RESULT,9회초,False,False,normal
20250722SKSS02025,2025-07-22,SK,SS,SSG,삼성,RESULT,9회초,False,False,normal
20250723HHOB02025,2025-07-23,HH,OB,한화,두산,RESULT,9회초,False,False,normal
20250723KTNC02025,2025-07-23,KT,NC,KT,NC,RESULT,9회말,False,False,normal
20250723LGHT02025,2025-07-23,LG,HT,LG,KIA,RESULT,10회말,False,False,normal
20250723LTWO02025,2025-07-23,LT,WO,롯데,키움,RESULT,9회말,False,False,normal
20250723SKSS02025,2025-07-23,SK,SS,SSG,삼성,RESULT,9회초,False,False,normal
20250724HHOB02025,2025-07-24,HH,OB,한화,두산,RESULT,11회말,False,False,normal
20250724KTNC02025,2025-07-24,KT,NC,KT,NC,RESULT,9회말,False,False,normal
20250724LGHT02025,2025-07-24,LG,HT,LG,KIA,RESULT,9회말,False,False,normal
20250724LTWO02025,2025-07-24,LT,WO,롯데,키움,RESULT,9회말,False,False,normal
20250724SKSS02025,2025-07-24,SK,SS,SSG,삼성,RESULT,9회말,False,False,normal
20250725HTLT02025,2025-07-25,HT,LT,KIA,롯데,RESULT,9회초,False,False,normal
20250725LGOB02025,2025-07-25,LG,OB,LG,두산,RESULT,9회말,False,False,normal
20250725SKHH02025,2025-07-25,SK,HH,SSG,한화,RESULT,9회초,False,False,normal
20250725SSKT02025,2025-07-25,SS,KT,삼성,KT,RESULT,9회초,False,False,normal
20250725WONC02025,2025-07-25,WO,NC,키움,NC,RESULT,9회초,False,False,normal
20250726HTLT02025,2025-07-26,HT,LT,KIA,롯데,RESULT,9회초,False,False,normal
20250726LGOB02025,2025-07-26,LG,OB,LG,두산,RESULT,9회말,False,False,normal
20250726SKHH02025,2025-07-26,SK,HH,SSG,한화,RESULT,9회말,False,False,normal
20250726SSKT02025,2025-07-26,SS,KT,삼성,KT,RESULT,9회말,False,False,normal
20250726WONC02025,2025-07-26,WO,NC,키움,NC,RESULT,9회말,False,False,normal
20250727HTLT02025,2025-07-27,HT,LT,KIA,롯데,RESULT,9회초,False,False,normal
20250727LGOB02025,2025-07-27,LG,OB,LG,두산,RESULT,9회초,False,False,normal
20250727SKHH02025,2025-07-27,SK,HH,SSG,한화,RESULT,9회말,False,False,normal
20250727SSKT02025,2025-07-27,SS,KT,삼성,KT,RESULT,9회말,False,False,normal
20250727WONC02025,2025-07-27,WO,NC,키움,NC,RESULT,9회초,False,False,normal
20250729KTLG02025,2025-07-29,KT,LG,KT,LG,RESULT,9회초,False,False,normal
20250729NCLT02025,2025-07-29,NC,LT,NC,롯데,RESULT,9회초,False,False,normal
20250729OBHT02025,2025-07-29,OB,HT,두산,KIA,RESULT,9회말,False,False,normal
20250729SSHH02025,2025-07-29,SS,HH,삼성,한화,RESULT,9회말,False,False,normal
20250729WOSK02025,2025-07-29,WO,SK,키움,SSG,RESULT,9회초,False,False,normal
20250730KTLG02025,2025-07-30,KT,LG,KT,LG,RESULT,9회초,False,False,normal
20250730NCLT02025,2025-07-30,NC,LT,NC,롯데,RESULT,9회말,False,False,normal
20250730OBHT02025,2025-07-30,OB,HT,두산,KIA,RESULT,11회말,False,False,normal
20250730SSHH02025,2025-07-30,SS,HH,삼성,한화,RESULT,9회초,False,False,normal
20250730WOSK02025,2025-07-30,WO,SK,키움,SSG,RESULT,11회말,False,False,normal
20250731KTLG02025,2025-07-31,KT,LG,KT,LG,RESULT,9회초,False,False,normal
20250731NCLT02025,2025-07-31,NC,LT,NC,롯데,RESULT,9회초,False,False,normal
20250731OBHT02025,2025-07-31,OB,HT,두산,KIA,RESULT,9회초,False,False,normal
20250731SSHH02025,2025-07-31,SS,HH,삼성,한화,RESULT,9회초,False,False,normal
20250731WOSK02025,2025-07-31,WO,SK,키움,SSG,RESULT,9회초,False,False,normal
20250801HHHT02025,2025-08-01,HH,HT,한화,KIA,RESULT,9회초,False,False,normal
20250801KTNC02025,2025-08-01,KT,NC,KT,NC,RESULT,9회초,False,False,normal
20250801LGSS02025,2025-08-01,LG,SS,LG,삼성,RESULT,9회말,False,False,normal
20250801LTWO02025,2025-08-01,LT,WO,롯데,키움,RESULT,9회초,False,False,normal
20250801SKOB02025,2025-08-01,SK,OB,SSG,두산,RESULT,9회말,False,False,normal
20250802HHHT02025,2025-08-02,HH,HT,한화,KIA,BEFORE,경기취소,True,False,cancelled
20250802KTNC02025,2025-08-02,KT,NC,KT,NC,RESULT,11회말,False,False,normal
20250802LGSS02025,2025-08-02,LG,SS,LG,삼성,RESULT,9회말,False,False,normal
20250802LTWO02025,2025-08-02,LT,WO,롯데,키움,RESULT,9회말,False,False,normal
20250802SKOB02025,2025-08-02,SK,OB,SSG,두산,RESULT,9회초,False,False,normal
20250803HHHT02025,2025-08-03,HH,HT,한화,KIA,BEFORE,경기취소,True,False,cancelled
20250803KTNC02025,2025-08-03,KT,NC,KT,NC,RESULT,10회초,False,False,normal
20250803LGSS02025,2025-08-03,LG,SS,LG,삼성,RESULT,7회말,False,False,called
20250803LTWO02025,2025-08-03,LT,WO,롯데,키움,RESULT,9회말,False,False,normal
20250803SKOB02025,2025-08-03,SK,OB,SSG,두산,RESULT,10회말,False,False,normal
20250805HTLT02025,2025-08-05,HT,LT,KIA,롯데,RESULT,9회말,False,False,normal
20250805KTHH02025,2025-08-05,KT,HH,KT,한화,RESULT,9회말,False,False,normal
20250805OBLG02025,2025-08-05,OB,LG,두산,LG,RESULT,9회초,False,False,normal
20250805SSSK02025,2025-08-05,SS,SK,삼성,SSG,RESULT,9회말,False,False,normal
20250805WONC02025,2025-08-05,WO,NC,키움,NC,RESULT,9회말,False,False,normal
20250806HTLT02025,2025-08-06,HT,LT,KIA,롯데,RESULT,9회초,False,False,normal
20250806KTHH02025,2025-08-06,KT,HH,KT,한화,RESULT,9회초,False,False,normal
20250806OBLG02025,2025-08-06,OB,LG,두산,LG,RESULT,9회말,False,False,normal
20250806SSSK02025,2025-08-06,SS,SK,삼성,SSG,RESULT,9회초,False,False,normal
20250806WONC02025,2025-08-06,WO,NC,키움,NC,RESULT,10회말,False,False,normal
20250807HTLT02025,2025-08-07,HT,LT,KIA,롯데,RESULT,9회말,False,False,normal
20250807KTHH02025,2025-08-07,KT,HH,KT,한화,RESULT,9회말,False,False,normal
20250807OBLG02025,2025-08-07,OB,LG,두산,LG,RESULT,9회초,False,False,normal
20250807SSSK02025,2025-08-07,SS,SK,삼성,SSG,RESULT,9회말,False,False,normal
20250807WONC02025,2025-08-07,WO,NC,키움,NC,RESULT,11회말,False,False,normal
20250808HHLG02025,2025-08-08,HH,LG,한화,LG,RESULT,10회말,False,False,normal
20250808HTNC02025,2025-08-08,HT,NC,KIA,NC,RESULT,9회초,False,False,normal
20250808OBWO02025,2025-08-08,OB,WO,두산,키움,RESULT,9회말,False,False,normal
20250808SKLT02025,2025-08-08,SK,LT,SSG,롯데,RESULT,9회말,False,False,normal
20250808SSKT02025,2025-08-08,SS,KT,삼성,KT,RESULT,9회말,False,False,normal
20250809HHLG02025,2025-08-09,HH,LG,한화,LG,RESULT,9회초,False,False,normal
20250809HTNC02025,2025-08-09,HT,NC,KIA,NC,BEFORE,경기취소,True,False,cancelled
20250809OBWO02025,2025-08-09,OB,WO,두산,키움,RESULT,9회말,False,False,normal
20250809SKLT02025,2025-08-09,SK,LT,SSG,롯데,BEFORE,경기취소,True,False,cancelled
20250809SSKT02025,2025-08-09,SS,KT,삼성,KT,RESULT,9회초,False,False,normal
20250810HHLG02025,2025-08-10,HH,LG,한화,LG,RESULT,9회말,False,False,normal
20250810HTNC02025,2025-08-10,HT,NC,KIA,NC,RESULT,9회초,False,False,normal
20250810OBWO02025,2025-08-10,OB,WO,두산,키움,RESULT,9회말,False,False,normal
20250810SKLT02025,2025-08-10,SK,LT,SSG,롯데,RESULT,9회말,False,False,normal
20250810SSKT02025,2025-08-10,SS,KT,삼성,KT,RESULT,9회초,False,False,normal
20250812HTSS02025,2025-08-12,HT,SS,KIA,삼성,RESULT,9회말,False,False,normal
20250812LGKT02025,2025-08-12,LG,KT,LG,KT,RESULT,9회말,False,False,normal
20250812LTHH02025,2025-08-12,LT,HH,롯데,한화,RESULT,9회초,False,False,normal
20250812NCOB02025,2025-08-12,NC,OB,NC,두산,RESULT,9회말,False,False,normal
20250812WOSK02025,2025-08-12,WO,SK,키움,SSG,RESULT,9회초,False,False,normal
20250813HTSS02025,2025-08-13,HT,SS,KIA,삼성,RESULT,9회말,False,False,normal
20250813LGKT02025,2025-08-13,LG,KT,LG,KT,BEFORE,경기취소,True,False,cancelled
20250813LTHH02025,2025-08-13,LT,HH,롯데,한화,RESULT,9회초,False,False,normal
20250813NCOB02025,2025-08-13,NC,OB,NC,두산,BEFORE,경기취소,True,False,cancelled
20250813WOSK02025,2025-08-13,WO,SK,키움,SSG,BEFORE,경기취소,True,False,cancelled
20250814HTSS02025,2025-08-14,HT,SS,KIA,삼성,RESULT,9회말,False,False,normal
20250814LGKT02025,2025-08-14,LG,KT,LG,KT,BEFORE,경기취소,True,False,cancelled
20250814LTHH02025,2025-08-14,LT,HH,롯데,한화,RESULT,11회말,False,False,normal
20250814NCOB02025,2025-08-14,NC,OB,NC,두산,RESULT,9회초,False,False,normal
20250814WOSK02025,2025-08-14,WO,SK,키움,SSG,RESULT,9회말,False,False,normal
20250815HHNC02025,2025-08-15,HH,NC,한화,NC,RESULT,9회말,False,False,normal
20250815HTOB02025,2025-08-15,HT,OB,KIA,두산,RESULT,11회말,False,False,normal
20250815KTWO02025,2025-08-15,KT,WO,KT,키움,RESULT,9회초,False,False,normal
20250815LGSK02025,2025-08-15,LG,SK,LG,SSG,RESULT,9회말,False,False,normal
20250815SSLT02025,2025-08-15,SS,LT,삼성,롯데,RESULT,9회말,False,False,normal
20250816HHNC02025,2025-08-16,HH,NC,한화,NC,RESULT,9회초,False,False,normal
20250816HTOB02025,2025-08-16,HT,OB,KIA,두산,RESULT,9회말,False,False,normal
20250816KTWO02025,2025-08-16,KT,WO,KT,키움,RESULT,9회초,False,False,normal
20250816LGSK02025,2025-08-16,LG,SK,LG,SSG,RESULT,9회초,False,False,normal
20250816SSLT02025,2025-08-16,SS,LT,삼성,롯데,RESULT,9회말,False,False,normal
20250817HHNC02025,2025-08-17,HH,NC,한화,NC,RESULT,9회초,False,False,normal
20250817HTOB02025,2025-08-17,HT,OB,KIA,두산,RESULT,9회초,False,False,normal
20250817KTWO02025,2025-08-17,KT,WO,KT,키움,RESULT,10회말,False,False,normal
20250817LGSK02025,2025-08-17,LG,SK,LG,SSG,RESULT,9회말,False,False,normal
20250817SSLT02025,2025-08-17,SS,LT,삼성,롯데,RESULT,11회말,False,False,normal
20250819LTLG02025,2025-08-19,LT,LG,롯데,LG,RESULT,9회초,False,False,normal
20250819OBHH02025,2025-08-19,OB,HH,두산,한화,RESULT,9회말,False,False,normal
20250819SKKT02025,2025-08-19,SK,KT,SSG,KT,RESULT,9회말,False,False,normal
20250819SSNC02025,2025-08-19,SS,NC,삼성,NC,RESULT,9회말,False,False,normal
20250819WOHT02025,2025-08-19,WO,HT,키움,KIA,RESULT,9회초,False,False,normal
20250820LTLG02025,2025-08-20,LT,LG,롯데,LG,RESULT,9회초,False,False,normal
20250820OBHH02025,2025-08-20,OB,HH,두산,한화,RESULT,9회말,False,False,normal
20250820SKKT02025,2025-08-20,SK,KT,SSG,KT,RESULT,9회말,False,False,normal
20250820SSNC02025,2025-08-20,SS,NC,삼성,NC,RESULT,9회말,False,False,normal
20250820WOHT02025,2025-08-20,WO,HT,키움,KIA,RESULT,9회말,False,False,normal
20250821LTLG02025,2025-08-21,LT,LG,롯데,LG,RESULT,11회말,False,False,normal
20250821OBHH02025,2025-08-21,OB,HH,두산,한화,RESULT,9회말,False,False,normal
20250821SKKT02025,2025-08-21,SK,KT,SSG,KT,RESULT,9회말,False,False,normal
20250821SSNC02025,2025-08-21,SS,NC,삼성,NC,RESULT,9회초,False,False,normal
20250821WOHT02025,2025-08-21,WO,HT,키움,KIA,RESULT,9회말,False,False,normal
20250822KTOB02025,2025-08-22,KT,OB,KT,두산,RESULT,9회말,False,False,normal
20250822LGHT02025,2025-08-22,LG,HT,LG,KIA,RESULT,9회말,False,False,normal
20250822LTNC02025,2025-08-22,LT,NC,롯데,NC,RESULT,9회초,False,False,normal
20250822SKHH02025,2025-08-22,SK,HH,SSG,한화,RESULT,11회말,False,False,normal
20250822WOSS02025,2025-08-22,WO,SS,키움,삼성,RESULT,9회초,False,False,normal
20250823KTOB02025,2025-08-23,KT,OB,KT,두산,RESULT,9회말,False,False,normal
20250823LGHT02025,2025-08-23,LG,HT,LG,KIA,RESULT,9회말,False,False,normal
20250823LTNC02025,2025-08-23,LT,NC,롯데,NC,RESULT,9회초,False,False,normal
20250823SKHH02025,2025-08-23,SK,HH,SSG,한화,RESULT,9회초,False,False,normal
20250823WOSS02025,2025-08-23,WO,SS,키움,삼성,RESULT,9회초,False,False,normal
20250824KTOB02025,2025-08-24,KT,OB,KT,두산,RESULT,9회말,False,False,normal
20250824LGHT02025,2025-08-24,LG,HT,LG,KIA,RESULT,9회말,False,False,normal
20250824LTNC02025,2025-08-24,LT,NC,롯데,NC,RESULT,9회말,False,False,normal
20250824SKHH02025,2025-08-24,SK,HH,SSG,한화,RESULT,9회초,False,False,normal
20250824WOSS02025,2025-08-24,WO,SS,키움,삼성,RESULT,9회초,False,False,normal
20250826HHWO02025,2025-08-26,HH,WO,한화,키움,RESULT,9회말,False,False,normal
20250826HTSK02025,2025-08-26,HT,SK,KIA,SSG,RESULT,9회초,False,False,normal
20250826KTLT02025,2025-08-26,KT,LT,KT,롯데,RESULT,9회초,False,False,normal
20250826LGNC02025,2025-08-26,LG,NC,LG,NC,RESULT,9회초,False,False,normal
20250826SSOB02025,2025-08-26,SS,OB,삼성,두산,RESULT,9회말,False,False,normal
20250827HHWO02025,2025-08-27,HH,WO,한화,키움,RESULT,9회말,False,False,normal
20250827HTSK02025,2025-08-27,HT,SK,KIA,SSG,RESULT,11회말,False,False,normal
20250827KTLT02025,2025-08-27,KT,LT,KT,롯데,RESULT,9회말,False,False,normal
20250827LGNC02025,2025-08-27,LG,NC,LG,NC,RESULT,9회말,False,False,normal
20250827SSOB02025,2025-08-27,SS,OB,삼성,두산,RESULT,9회말,False,False,normal
20250828HHWO02025,2025-08-28,HH,WO,한화,키움,RESULT,9회말,False,False,normal
20250828HTSK02025,2025-08-28,HT,SK,KIA,SSG,RESULT,9회말,False,False,normal
20250828KTLT02025,2025-08-28,KT,LT,KT,롯데,RESULT,11회말,False,False,normal
20250828LGNC02025,2025-08-28,LG,NC,LG,NC,RESULT,9회말,False,False,normal
20250828SSOB02025,2025-08-28,SS,OB,삼성,두산,RESULT,10회말,False,False,normal
20250829HTKT02025,2025-08-29,HT,KT,KIA,KT,RESULT,9회말,False,False,normal
20250829NCSK02025,2025-08-29,NC,SK,NC,SSG,RESULT,9회초,False,False,normal
20250829OBLT02025,2025-08-29,OB,LT,두산,롯데,RESULT,9회말,False,False,normal
20250829SSHH02025,2025-08-29,SS,HH,삼성,한화,RESULT,9회말,False,False,normal
20250829WOLG02025,2025-08-29,WO,LG,키움,LG,RESULT,9회말,False,False,normal
20250830HTKT02025,2025-08-30,HT,KT,KIA,KT,RESULT,9회초,False,False,normal
20250830NCSK02025,2025-08-30,NC,SK,NC,SSG,RESULT,9회말,False,False,normal
20250830OBLT02025,2025-08-30,OB,LT,두산,롯데,RESULT,11회말,False,False,normal
20250830SSHH02025,2025-08-30,SS,HH,삼성,한화,RESULT,9회말,False,False,normal
20250830WOLG02025,2025-08-30,WO,LG,키움,LG,RESULT,9회초,False,False,normal
20250831HTKT02025,2025-08-31,HT,KT,KIA,KT,RESULT,9회말,False,False,normal
20250831NCSK02025,2025-08-31,NC,SK,NC,SSG,RESULT,9회초,False,False,normal
20250831OBLT02025,2025-08-31,OB,LT,두산,롯데,RESULT,9회초,False,False,normal
20250831SSHH02025,2025-08-31,SS,HH,삼성,한화,RESULT,9회말,False,False,normal
20250831WOLG02025,2025-08-31,WO,LG,키움,LG,RESULT,9회말,False,False,normal
20250902HTHH02025,2025-09-02,HT,HH,KIA,한화,RESULT,9회초,False,False,normal
20250902LTLG02025,2025-09-02,LT,LG,롯데,LG,RESULT,9회초,False,False,normal
20250902NCKT02025,2025-09-02,NC,KT,NC,KT,RESULT,9회말,False,False,normal
20250902WOSK02025,2025-09-02,WO,SK,키움,SSG,RESULT,9회초,False,False,normal
20250903LTKT02025,2025-09-03,LT,KT,롯데,KT,RESULT,9회말,False,False,normal
20250903NCHH02025,2025-09-03,NC,HH,NC,한화,RESULT,10회말,False,False,normal
20250903SKHT02025,2025-09-03,SK,HT,SSG,KIA,RESULT,9회말,False,False,normal
20250903WOSS02025,2025-09-03,WO,SS,키움,삼성,RESULT,9회말,False,False,normal
20250904LGKT02025,2025-09-04,LG,KT,LG,KT,RESULT,9회말,False,False,normal
20250904OBNC02025,2025-09-04,OB,NC,두산,NC,RESULT,9회말,False,False,normal
20250904SKHT02025,2025-09-04,SK,HT,SSG,KIA,BEFORE,경기취소,True,False,cancelled
20250904WOSS02025,2025-09-04,WO,SS,키움,삼성,BEFORE,경기취소,True,False,cancelled
20250905KTHT02025,2025-09-05,KT,HT,KT,KIA,BEFORE,경기취소,True,False,cancelled
20250905LTSK02025,2025-09-05,LT,SK,롯데,SSG,RESULT,9회초,False,False,normal
20250905OBNC02025,2025-09-05,OB,NC,두산,NC,RESULT,10회말,False,False,normal
20250905WOSS02025,2025-09-05,WO,SS,키움,삼성,RESULT,9회초,False,False,normal
20250906HHSS02025,2025-09-06,HH,SS,한화,삼성,RESULT,9회말,False,False,normal
20250906HTNC02025,2025-09-06,HT,NC,KIA,NC,RESULT,9회말,False,False,normal
20250906LGOB02025,2025-09-06,LG,OB,LG,두산,BEFORE,경기취소,True,False,cancelled
20250906LTSK02025,2025-09-06,LT,SK,롯데,SSG,BEFORE,경기취소,True,False,cancelled
20250907HHSS02025,2025-09-07,HH,SS,한화,삼성,RESULT,9회초,False,False,normal
20250907HTNC02025,2025-09-07,HT,NC,KIA,NC,RESULT,9회초,False,False,normal
20250907SKLG02025,2025-09-07,SK,LG,SSG,LG,RESULT,9회말,False,False,normal
20250909HHLT02025,2025-09-09,HH,LT,한화,롯데,RESULT,9회말,False,False,normal
20250909LGWO02025,2025-09-09,LG,WO,LG,키움,RESULT,9회초,False,False,normal
20250909OBKT02025,2025-09-09,OB,KT,두산,KT,RESULT,9회초,False,False,normal
20250909SKNC02025,2025-09-09,SK,NC,SSG,NC,BEFORE,경기취소,True,False,cancelled
20250909SSHT02025,2025-09-09,SS,HT,삼성,KIA,BEFORE,경기취소,True,False,cancelled
20250910HHLT02025,2025-09-10,HH,LT,한화,롯데,RESULT,9회말,False,False,normal
20250910LGOB02025,2025-09-10,LG,OB,LG,두산,RESULT,9회말,False,False,normal
20250910SKNC02025,2025-09-10,SK,NC,SSG,NC,RESULT,9회초,False,False,normal
20250910SSHT02025,2025-09-10,SS,HT,삼성,KIA,RESULT,9회초,False,False,normal
20250911KTLG02025,2025-09-11,KT,LG,KT,LG,RESULT,9회말,False,False,normal
20250911LTHT02025,2025-09-11,LT,HT,롯데,KIA,RESULT,9회말,False,False,normal
20250911NCWO02025,2025-09-11,NC,WO,NC,키움,RESULT,9회초,False,False,normal
20250911SKSS02025,2025-09-11,SK,SS,SSG,삼성,RESULT,9회말,False,False,normal
20250912NCLG02025,2025-09-12,NC,LG,NC,LG,BEFORE,경기취소,True,False,cancelled
20250912OBHT02025,2025-09-12,OB,HT,두산,KIA,RESULT,9회말,False,False,normal
20250912WOHH02025,2025-09-12,WO,HH,키움,한화,BEFORE,경기취소,True,False,cancelled
20250913HTLG02025,2025-09-13,HT,LG,KIA,LG,RESULT,9회말,False,False,normal
20250913KTSS02025,2025-09-13,KT,SS,KT,삼성,RESULT,9회말,False,False,normal
20250913OBNC02025,2025-09-13,OB,NC,두산,NC,RESULT,9회초,False,False,normal
20250913SKLT02025,2025-09-13,SK,LT,SSG,롯데,RESULT,9회말,False,False,normal
20250913WOHH02025,2025-09-13,WO,HH,키움,한화,RESULT,9회초,False,False,normal
20250914HTLG02025,2025-09-14,HT,LG,KIA,LG,RESULT,9회초,False,False,normal
20250914KTSS02025,2025-09-14,KT,SS,KT,삼성,RESULT,9회초,False,False,normal
20250914OBNC02025,2025-09-14,OB,NC,두산,NC,RESULT,9회초,False,False,normal
20250914WOHH02025,2025-09-14,WO,HH,키움,한화,RESULT,9회말,False,False,normal
20250915WOHH02025,2025-09-15,WO,HH,키움,한화,RESULT,9회초,False,False,normal
20250916HHHT02025,2025-09-16,HH,HT,한화,KIA,RESULT,9회말,False,False,normal
20250916LGKT02025,2025-09-16,LG,KT,LG,KT,RESULT,9회말,False,False,normal
20250916LTSS02025,2025-09-16,LT,SS,롯데,삼성,RESULT,9회초,False,False,normal
20250916SKNC02025,2025-09-16,SK,NC,SSG,NC,RESULT,9회말,False,False,normal
20250916WOOB02025,2025-09-16,WO,OB,키움,두산,RESULT,9회말,False,False,normal
20250917HHHT02025,2025-09-17,HH,HT,한화,KIA,RESULT,9회말,False,False,normal
20250917LGKT02025,2025-09-17,LG,KT,LG,KT,BEFORE,경기취소,True,False,cancelled
20250917LTSS02025,2025-09-17,LT,SS,롯데,삼성,BEFORE,경기취소,True,False,cancelled
20250917SKNC02025,2025-09-17,SK,NC,SSG,NC,RESULT,9회초,False,False,normal
20250917SKNC12025,2025-09-17,SK,NC,SSG,NC,BEFORE,경기취소,True,False,cancelled
20250917WOOB02025,2025-09-17,WO,OB,키움,두산,RESULT,9회말,False,False,normal
20250918HHHT02025,2025-09-18,HH,HT,한화,KIA,RESULT,9회말,False,False,normal
20250918LGKT12025,2025-09-18,LG,KT,LG,KT,RESULT,9회말,False,False,normal
20250918LGKT22025,2025-09-18,LG,KT,LG,KT,RESULT,9회말,False,False,normal
20250918SSNC02025,2025-09-18,SS,NC,삼성,NC,RESULT,9회말,False,False,normal
20250918WOOB02025,2025-09-18,WO,OB,키움,두산,RESULT,9회말,False,False,normal
20250919HHKT02025,2025-09-19,HH,KT,한화,KT,BEFORE,경기취소,True,False,cancelled
20250919LTNC02025,2025-09-19,LT,NC,롯데,NC,RESULT,9회말,False,False,normal
20250919OBSK02025,2025-09-19,OB,SK,두산,SSG,BEFORE,경기취소,True,False,cancelled
20250920HHKT02025,2025-09-20,HH,KT,한화,KT,RESULT,9회초,False,False,normal
20250920NCHT02025,2025-09-20,NC,HT,NC,KIA,RESULT,9회말,False,False,normal
20250920OBSK02025,2025-09-20,OB,SK,두산,SSG,RESULT,9회초,False,False,normal
20250920SSLG02025,2025-09-20,SS,LG,삼성,LG,RESULT,9회말,False,False,normal
20250920WOLT02025,2025-09-20,WO,LT,키움,롯데,RESULT,9회말,False,False,normal
20250921NCHT02025,2025-09-21,NC,HT,NC,KIA,RESULT,9회말,False,False,normal
20250921OBSK02025,2025-09-21,OB,SK,두산,SSG,RESULT,9회초,False,False,normal
20250921SSKT02025,2025-09-21,SS,KT,삼성,KT,RESULT,9회초,False,False,normal
20250922OBSK02025,2025-09-22,OB,SK,두산,SSG,RESULT,9회말,False,False,normal
20250923HTSK02025,2025-09-23,HT,SK,KIA,SSG,RESULT,9회초,False,False,normal
20250923NCLT02025,2025-09-23,NC,LT,NC,롯데,RESULT,9회말,False,False,normal
20250923OBSS02025,2025-09-23,OB,SS,두산,삼성,RESULT,9회초,False,False,normal
20250923WOKT02025,2025-09-23,WO,KT,키움,KT,RESULT,9회초,False,False,normal
20250924HHSK02025,2025-09-24,HH,SK,한화,SSG,BEFORE,경기취소,True,False,cancelled
20250924HTWO02025,2025-09-24,HT,WO,KIA,키움,RESULT,9회말,False,False,normal
20250924LGNC02025,2025-09-24,LG,NC,LG,NC,RESULT,9회초,False,False,normal
20250924LTSS02025,2025-09-24,LT,SS,롯데,삼성,RESULT,9회초,False,False,normal
20250925HHOB02025,2025-09-25,HH,OB,한화,두산,RESULT,9회초,False,False,normal
20250925KTSK02025,2025-09-25,KT,SK,KT,SSG,RESULT,9회말,False,False,normal
20250925LGLT02025,2025-09-25,LG,LT,LG,롯데,RESULT,9회말,False,False,normal
20250925WOSS02025,2025-09-25,WO,SS,키움,삼성,RESULT,9회초,False,False,normal
20250926KTSK02025,2025-09-26,KT,SK,KT,SSG,RESULT,9회초,False,False,normal
20250926LGHH02025,2025-09-26,LG,HH,LG,한화,RESULT,9회초,False,False,normal
20250926NCOB02025,2025-09-26,NC,OB,NC,두산,RESULT,9회말,False,False,normal
20250926SSLT02025,2025-09-26,SS,LT,삼성,롯데,RESULT,9회초,False,False,normal
20250927LGHH02025,2025-09-27,LG,HH,LG,한화,RESULT,9회말,False,False,normal
20250927NCHT02025,2025-09-27,NC,HT,NC,KIA,RESULT,9회말,False,False,normal
20250927SKOB02025,2025-09-27,SK,OB,SSG,두산,RESULT,9회말,False,False,normal
20250928LGHH02025,2025-09-28,LG,HH,LG,한화,BEFORE,경기취소,True,False,cancelled
20250928LTOB02025,2025-09-28,LT,OB,롯데,두산,RESULT,9회초,False,False,normal
20250928NCHT02025,2025-09-28,NC,HT,NC,KIA,BEFORE,경기취소,True,False,cancelled
20250928SSWO02025,2025-09-28,SS,WO,삼성,키움,RESULT,9회말,False,False,normal
20250929LGHH02025,2025-09-29,LG,HH,LG,한화,RESULT,9회초,False,False,normal
20250929LTSK02025,2025-09-29,LT,SK,롯데,SSG,RESULT,9회초,False,False,normal
20250929NCHT02025,2025-09-29,NC,HT,NC,KIA,RESULT,9회말,False,False,normal
20250930HTSS02025,2025-09-30,HT,SS,KIA,삼성,RESULT,9회초,False,False,normal
20250930KTNC02025,2025-09-30,KT,NC,KT,NC,RESULT,9회초,False,False,normal
20250930LTHH02025,2025-09-30,LT,HH,롯데,한화,RESULT,10회말,False,False,normal
20250930OBLG02025,2025-09-30,OB,LG,두산,LG,RESULT,9회말,False,False,normal
20250930SKWO02025,2025-09-30,SK,WO,SSG,키움,RESULT,9회말,False,False,normal
20251001HHSK02025,2025-10-01,HH,SK,한화,SSG,RESULT,9회말,False,False,normal
20251001KTHT02025,2025-10-01,KT,HT,KT,KIA,RESULT,9회말,False,False,normal
20251001NCLG02025,2025-10-01,NC,LG,NC,LG,RESULT,9회말,False,False,normal
20251002SKHT02025,2025-10-02,SK,HT,SSG,KIA,RESULT,9회초,False,False,normal
20251003HHKT02025,2025-10-03,HH,KT,한화,KT,RESULT,11회말,False,False,normal
20251003SKNC02025,2025-10-03,SK,NC,SSG,NC,BEFORE,경기취소,True,False,cancelled
20251003SSHT02025,2025-10-03,SS,HT,삼성,KIA,BEFORE,경기취소,True,False,cancelled
20251004SKNC02025,2025-10-04,SK,NC,SSG,NC,RESULT,9회초,False,False,normal
20251004SSHT02025,2025-10-04,SS,HT,삼성,KIA,RESULT,9회말,False,False,normal
33331005KTLG02024,2024-10-05,KT,LG,KT,LG,RESULT,9회말,False,False,normal
33331006KTLG02024,2024-10-06,KT,LG,KT,LG,RESULT,9회초,False,False,normal
33331006LGWO02019,2019-10-06,LG,WO,LG,키움,RESULT,9회말,False,False,normal
33331007LGWO02019,2019-10-07,LG,WO,LG,키움,RESULT,10회말,False,False,normal
33331008LGKT02024,2024-10-08,LG,KT,LG,KT,RESULT,9회말,False,False,normal
33331008NCLT02017,2017-10-08,NC,LT,NC,롯데,RESULT,11회말,False,False,normal
33331009LGKT02024,2024-10-09,LG,KT,LG,KT,RESULT,11회말,False,False,normal
33331009NCLT02017,2017-10-09,NC,LT,NC,롯데,RESULT,9회초,False,False,normal
33331009SSSK02025,2025-10-09,SS,SK,삼성,SSG,RESULT,9회말,False,False,normal
33331009WOLG02019,2019-10-09,WO,LG,키움,LG,RESULT,9회초,False,False,normal
33331010SSSK02025,2025-10-10,SS,SK,삼성,SSG,BEFORE,경기취소,True,False,cancelled
33331010WOLG02019,2019-10-10,WO,LG,키움,LG,RESULT,9회말,False,False,normal
33331011KTLG02024,2024-10-11,KT,LG,KT,LG,RESULT,9회초,False,False,normal
33331011LTNC02017,2017-10-11,LT,NC,롯데,NC,RESULT,9회초,False,False,normal
33331011SSSK02025,2025-10-11,SS,SK,삼성,SSG,RESULT,9회말,False,False,normal
33331012LTNC02017,2017-10-12,LT,NC,롯데,NC,BEFORE,경기취소,True,False,cancelled
33331013LGWO02016,2016-10-13,LG,WO,LG,키움,RESULT,9회말,False,False,normal
33331013LTNC02017,2017-10-13,LT,NC,롯데,NC,RESULT,9회말,False,False,normal
33331013SKSS02025,2025-10-13,SK,SS,SSG,삼성,RESULT,9회초,False,False,normal
33331014LGWO02016,2016-10-14,LG,WO,LG,키움,RESULT,9회초,False,False,normal
33331014SKSS02025,2025-10-14,SK,SS,SSG,삼성,RESULT,9회초,False,False,normal
33331015NCLT02017,2017-10-15,NC,LT,NC,롯데,RESULT,9회말,False,False,normal
33331016KTWO02022,2022-10-16,KT,WO,KT,키움,RESULT,9회초,False,False,normal
33331016WOLG02016,2016-10-16,WO,LG,키움,LG,RESULT,9회초,False,False,normal
33331017KTWO02022,2022-10-17,KT,WO,KT,키움,RESULT,9회말,False,False,normal
33331017WOLG02016,2016-10-17,WO,LG,키움,LG,RESULT,9회초,False,False,normal
33331019WOHH02018,2018-10-19,WO,HH,넥센,한화,RESULT,9회말,False,False,normal
33331019WOKT02022,2022-10-19,WO,KT,키움,KT,RESULT,9회말,False,False,normal
33331020WOHH02018,2018-10-20,WO,HH,넥센,한화,RESULT,9회말,False,False,normal
33331020WOKT02022,2022-10-20,WO,KT,키움,KT,RESULT,9회초,False,False,normal
33331022HHWO02018,2018-10-22,HH,WO,한화,넥센,RESULT,9회말,False,False,normal
33331022KTWO02022,2022-10-22,KT,WO,KT,키움,RESULT,9회초,False,False,normal
33331022NCSK02023,2023-10-22,NC,SK,NC,SSG,RESULT,9회말,False,False,normal
33331023HHWO02018,2018-10-23,HH,WO,한화,넥센,RESULT,9회초,False,False,normal
33331023NCSK02023,2023-10-23,NC,SK,NC,SSG,RESULT,9회말,False,False,normal
33331025SKNC02023,2023-10-25,SK,NC,SSG,NC,RESULT,9회초,False,False,normal
33331104LGOB02020,2020-11-04,LG,OB,LG,두산,RESULT,9회초,False,False,normal
33331104OBLG02021,2021-11-04,OB,LG,두산,LG,RESULT,9회말,False,False,normal
33331105LGOB02021,2021-11-05,LG,OB,LG,두산,RESULT,9회말,False,False,normal
33331105OBLG02020,2020-11-05,OB,LG,두산,LG,RESULT,9회말,False,False,normal
33331107OBLG02021,2021-11-07,OB,LG,두산,LG,RESULT,9회말,False,False,normal
44441002KTOB02024,2024-10-02,KT,OB,KT,두산,RESULT,9회말,False,False,normal
44441003KTOB02024,2024-10-03,KT,OB,KT,두산,RESULT,9회말,False,False,normal
44441003NCLG02019,2019-10-03,NC,LG,NC,LG,RESULT,9회초,False,False,normal
44441005SKNC02017,2017-10-05,SK,NC,SK,NC,RESULT,9회초,False,False,normal
44441006NCSS02025,2025-10-06,NC,SS,NC,삼성,RESULT,9회말,False,False,normal
44441007NCSS02025,2025-10-07,NC,SS,NC,삼성,RESULT,9회초,False,False,normal
44441010HTLG02016,2016-10-10,HT,LG,KIA,LG,RESULT,9회말,False,False,normal
44441011HTLG02016,2016-10-11,HT,LG,KIA,LG,RESULT,9회말,False,False,normal
44441013HTKT02022,2022-10-13,HT,KT,KIA,KT,RESULT,9회초,False,False,normal
44441016HTWO02018,2018-10-16,HT,WO,KIA,넥센,RESULT,9회초,False,False,normal
44441019OBNC02023,2023-10-19,OB,NC,두산,NC,RESULT,9회초,False,False,normal
44441101WOLG02020,2020-11-01,WO,LG,키움,LG,BEFORE,경기취소,True,False,cancelled
44441101WOOB02021,2021-11-01,WO,OB,키움,두산,RESULT,9회말,False,False,normal
44441102WOLG02020,2020-11-02,WO,LG,키움,LG,RESULT,13회말,False,False,normal
44441102WOOB02021,2021-11-02,WO,OB,키움,두산,RESULT,9회초,False,False,normal
55551013LGSS02024,2024-10-13,LG,SS,LG,삼성,RESULT,9회초,False,False,normal
55551014LGSS02024,2024-10-14,LG,SS,LG,삼성,BEFORE,경기취소,True,False,cancelled
55551014WOSK02019,2019-10-14,WO,SK,키움,SSG,RESULT,11회말,False,False,normal
55551015LGSS02024,2024-10-15,LG,SS,LG,삼성,RESULT,9회초,False,False,normal
55551015WOSK02019,2019-10-15,WO,SK,키움,SSG,RESULT,9회말,False,False,normal
55551017NCOB02017,2017-10-17,NC,OB,NC,두산,RESULT,9회말,False,False,normal
55551017SKWO02019,2019-10-17,SK,WO,SSG,키움,RESULT,9회초,False,False,normal
55551017SSHH02025,2025-10-17,SS,HH,삼성,한화,BEFORE,경기취소,True,False,cancelled
55551017SSLG02024,2024-10-17,SS,LG,삼성,LG,RESULT,9회초,False,False,normal
55551018NCOB02017,2017-10-18,NC,OB,NC,두산,RESULT,9회초,False,False,normal
55551018SSHH02025,2025-10-18,SS,HH,삼성,한화,RESULT,9회초,False,False,normal
55551018SSLG02024,2024-10-18,SS,LG,삼성,LG,BEFORE,경기취소,True,False,cancelled
55551019SSHH02025,2025-10-19,SS,HH,삼성,한화,RESULT,9회말,False,False,normal
55551019SSLG02024,2024-10-19,SS,LG,삼성,LG,RESULT,9회말,False,False,normal
55551020OBNC02017,2017-10-20,OB,NC,두산,NC,RESULT,9회말,False,False,normal
55551021HHSS02025,2025-10-21,HH,SS,한화,삼성,RESULT,9회말,False,False,normal
55551021LGNC02016,2016-10-21,LG,NC,LG,NC,RESULT,9회말,False,False,normal
55551021OBNC02017,2017-10-21,OB,NC,두산,NC,RESULT,9회말,False,False,normal
55551022HHSS02025,2025-10-22,HH,SS,한화,삼성,RESULT,9회초,False,False,normal
55551022LGNC02016,2016-10-22,LG,NC,LG,NC,RESULT,9회초,False,False,normal
55551024NCLG02016,2016-10-24,NC,LG,NC,LG,RESULT,11회말,False,False,normal
55551024SSHH02025,2025-10-24,SS,HH,삼성,한화,RESULT,9회초,False,False,normal
55551024WOLG02022,2022-10-24,WO,LG,키움,LG,RESULT,9회초,False,False,normal
55551025NCLG02016,2016-10-25,NC,LG,NC,LG,RESULT,9회말,False,False,normal
55551025WOLG02022,2022-10-25,WO,LG,키움,LG,RESULT,9회말,False,False,normal
55551027LGWO02022,2022-10-27,LG,WO,LG,키움,RESULT,9회초,False,False,normal
55551027WOSK02018,2018-10-27,WO,SK,넥센,SK,RESULT,9회말,False,False,normal
55551028LGWO02022,2022-10-28,LG,WO,LG,키움,RESULT,9회초,False,False,normal
55551028WOSK02018,2018-10-28,WO,SK,넥센,SK,RESULT,9회초,False,False,normal
55551030NCKT02023,2023-10-30,NC,KT,NC,KT,RESULT,9회말,False,False,normal
55551030SKWO02018,2018-10-30,SK,WO,SK,넥센,RESULT,9회초,False,False,normal
55551031NCKT02023,2023-10-31,NC,KT,NC,KT,RESULT,9회말,False,False,normal
55551031SKWO02018,2018-10-31,SK,WO,SK,넥센,RESULT,9회초,False,False,normal
55551102KTNC02023,2023-11-02,KT,NC,KT,NC,RESULT,9회말,False,False,normal
55551102WOSK02018,2018-11-02,WO,SK,넥센,SK,RESULT,10회말,False,False,normal
55551103KTNC02023,2023-11-03,KT,NC,KT,NC,RESULT,9회말,False,False,normal
55551105NCKT02023,2023-11-05,NC,KT,NC,KT,RESULT,9회초,False,False,normal
55551109OBKT02020,2020-11-09,OB,KT,두산,KT,RESULT,9회말,False,False,normal
55551109OBSS02021,2021-11-09,OB,SS,두산,삼성,RESULT,9회말,False,False,normal
55551110OBKT02020,2020-11-10,OB,KT,두산,KT,RESULT,9회말,False,False,normal
55551110SSOB02021,2021-11-10,SS,OB,삼성,두산,RESULT,9회초,False,False,normal
55551112KTOB02020,2020-11-12,KT,OB,KT,두산,RESULT,9회말,False,False,normal
55551113KTOB02020,2020-11-13,KT,OB,KT,두산,RESULT,9회초,False,False,normal
66660421HHKT02020,2020-04-21,HH,KT,한화,KT,RESULT,9회초,False,False,normal
66660421LTNC02020,2020-04-21,LT,NC,롯데,NC,RESULT,9회말,False,False,normal
66660421OBLG02020,2020-04-21,OB,LG,두산,LG,RESULT,9회초,False,False,normal
66660421SSHT02020,2020-04-21,SS,HT,삼성,KIA,RESULT,9회말,False,False,normal
66660421WOSK02020,2020-04-21,WO,SK,키움,SK,RESULT,9회초,False,False,normal
66660422LGKT02020,2020-04-22,LG,KT,LG,KT,RESULT,9회초,False,False,normal
66660422WOOB02020,2020-04-22,WO,OB,키움,두산,RESULT,9회초,False,False,normal
66660423HTHH02020,2020-04-23,HT,HH,KIA,한화,RESULT,9회말,False,False,normal
66660423SSLT02020,2020-04-23,SS,LT,삼성,롯데,RESULT,9회말,False,False,normal
66660424NCLT02020,2020-04-24,NC,LT,NC,롯데,RESULT,9회초,False,False,normal
66660424SKLG02020,2020-04-24,SK,LG,SK,LG,RESULT,9회말,False,False,normal
66660425HHSS02020,2020-04-25,HH,SS,한화,삼성,RESULT,9회초,False,False,normal
66660425HTNC02020,2020-04-25,HT,NC,KIA,NC,RESULT,9회초,False,False,normal
66660425KTOB02020,2020-04-25,KT,OB,KT,두산,RESULT,9회초,False,False,normal
66660425SKWO02020,2020-04-25,SK,WO,SK,키움,RESULT,9회초,False,False,normal
66660427KTHH02020,2020-04-27,KT,HH,KT,한화,RESULT,9회말,False,False,normal
66660427LGWO02020,2020-04-27,LG,WO,LG,키움,RESULT,9회말,False,False,normal
66660427LTSS02020,2020-04-27,LT,SS,롯데,삼성,RESULT,9회말,False,False,normal
66660427NCHT02020,2020-04-27,NC,HT,NC,KIA,RESULT,9회초,False,False,normal
66660427OBSK02020,2020-04-27,OB,SK,두산,SK,RESULT,9회말,False,False,normal
66660429HTSS02020,2020-04-29,HT,SS,KIA,삼성,RESULT,9회말,False,False,normal
66660429KTSK02020,2020-04-29,KT,SK,KT,SK,RESULT,9회말,False,False,normal
66660429LGHH02020,2020-04-29,LG,HH,LG,한화,RESULT,9회말,False,False,normal
66660429LTNC02020,2020-04-29,LT,NC,롯데,NC,RESULT,9회말,False,False,normal
66660429OBWO02020,2020-04-29,OB,WO,두산,키움,RESULT,9회초,False,False,normal
66660501HHKT02020,2020-05-01,HH,KT,한화,KT,RESULT,9회초,False,False,normal
66660501NCHT02020,2020-05-01,NC,HT,NC,KIA,RESULT,9회초,False,False,normal
66660501OBLG02020,2020-05-01,OB,LG,두산,LG,RESULT,9회초,False,False,normal
66660501SSLT02020,2020-05-01,SS,LT,삼성,롯데,RESULT,9회초,False,False,normal
66660501WOSK02020,2020-05-01,WO,SK,키움,SK,RESULT,9회말,False,False,normal
66661001SKKT02024,2024-10-01,SK,KT,SSG,KT,RESULT,9회초,False,False,normal
66661031KTSS02021,2021-10-31,KT,SS,KT,삼성,RESULT,9회말,False,False,normal
77771021SSHT02024,2024-10-23,SS,HT,삼성,KIA,RESULT,9회초,False,False,normal
77771022SSHT02024,2024-10-22,SS,HT,삼성,KIA,BEFORE,경기취소,True,False,cancelled
77771022WOOB02019,2019-10-22,WO,OB,키움,두산,RESULT,9회말,False,False,normal
77771023SSHT02024,2024-10-23,SS,HT,삼성,KIA,RESULT,9회초,False,False,normal
77771023WOOB02019,2019-10-23,WO,OB,키움,두산,RESULT,9회말,False,False,normal
77771025HTSS02024,2024-10-25,HT,SS,KIA,삼성,RESULT,9회초,False,False,normal
77771025OBHT02017,2017-10-25,OB,HT,두산,KIA,RESULT,9회말,False,False,normal
77771025OBWO02019,2019-10-25,OB,WO,두산,키움,RESULT,9회말,False,False,normal
77771026HHLG02025,2025-10-26,HH,LG,한화,LG,RESULT,9회초,False,False,normal
77771026HTSS02024,2024-10-26,HT,SS,KIA,삼성,RESULT,9회말,False,False,normal
77771026OBHT02017,2017-10-26,OB,HT,두산,KIA,RESULT,9회초,False,False,normal
77771026OBWO02019,2019-10-26,OB,WO,두산,키움,RESULT,10회말,False,False,normal
77771027HHLG02025,2025-10-27,HH,LG,한화,LG,RESULT,9회초,False,False,normal
77771028HTOB02017,2017-10-28,HT,OB,KIA,두산,RESULT,9회말,False,False,normal
77771028SSHT02024,2024-10-28,SS,HT,삼성,KIA,RESULT,9회초,False,False,normal
77771029HTOB02017,2017-10-29,HT,OB,KIA,두산,RESULT,9회말,False,False,normal
77771029LGHH02025,2025-10-29,LG,HH,LG,한화,RESULT,9회초,False,False,normal
77771029NCOB02016,2016-10-29,NC,OB,NC,두산,RESULT,11회말,False,False,normal
77771030HTOB02017,2017-10-30,HT,OB,KIA,두산,RESULT,9회말,False,False,normal
77771030LGHH02025,2025-10-30,LG,HH,LG,한화,RESULT,9회말,False,False,normal
77771030NCOB02016,2016-10-30,NC,OB,NC,두산,RESULT,9회초,False,False,normal
77771031LGHH02025,2025-10-31,LG,HH,LG,한화,RESULT,9회말,False,False,normal
77771101OBNC02016,2016-11-01,OB,NC,두산,NC,RESULT,9회말,False,False,normal
77771101WOSK02022,2022-11-01,WO,SK,키움,SSG,RESULT,10회말,False,False,normal
77771102OBNC02016,2016-11-02,OB,NC,두산,NC,RESULT,9회말,False,False,normal
77771102WOSK02022,2022-11-02,WO,SK,키움,SSG,RESULT,9회초,False,False,normal
77771104SKOB02018,2018-11-04,SK,OB,SK,두산,RESULT,9회말,False,False,normal
77771104SKWO02022,2022-11-04,SK,WO,SSG,키움,RESULT,9회말,False,False,normal
77771105SKOB02018,2018-11-05,SK,OB,SK,두산,RESULT,9회초,False,False,normal
77771105SKWO02022,2022-11-05,SK,WO,SSG,키움,RESULT,9회초,False,False,normal
77771107KTLG02023,2023-11-07,KT,LG,KT,LG,RESULT,9회말,False,False,normal
77771107OBSK02018,2018-11-07,OB,SK,두산,SK,RESULT,9회초,False,False,normal
77771107WOSK02022,2022-11-07,WO,SK,키움,SSG,RESULT,9회말,False,False,normal
77771108KTLG02023,2023-11-08,KT,LG,KT,LG,RESULT,9회초,False,False,normal
77771108OBSK02018,2018-11-08,OB,SK,두산,SK,BEFORE,경기취소,True,False,cancelled
77771108WOSK02022,2022-11-08,WO,SK,키움,SSG,RESULT,9회초,False,False,normal
77771109OBSK02018,2018-11-09,OB,SK,두산,SK,RESULT,9회말,False,False,normal
77771110LGKT02023,2023-11-10,LG,KT,LG,KT,RESULT,9회말,False,False,normal
77771110OBSK02018,2018-11-10,OB,SK,두산,SK,RESULT,9회초,False,False,normal
77771111LGKT02023,2023-11-11,LG,KT,LG,KT,RESULT,9회말,False,False,normal
77771112SKOB02018,2018-11-12,SK,OB,SK,두산,RESULT,13회말,False,False,normal
77771113KTLG02023,2023-11-13,KT,LG,KT,LG,RESULT,9회초,False,False,normal
77771114OBKT02021,2021-11-14,OB,KT,두산,KT,RESULT,9회초,False,False,normal
77771115OBKT02021,2021-11-15,OB,KT,두산,KT,RESULT,9회초,False,False,normal
77771117KTOB02021,2021-11-17,KT,OB,KT,두산,RESULT,9회말,False,False,normal
77771117OBNC02020,2020-11-17,OB,NC,두산,NC,RESULT,9회초,False,False,normal
77771118KTOB02021,2021-11-18,KT,OB,KT,두산,RESULT,9회말,False,False,normal
77771118OBNC02020,2020-11-18,OB,NC,두산,NC,RESULT,9회말,False,False,normal
77771120NCOB02020,2020-11-20,NC,OB,NC,두산,RESULT,9회초,False,False,normal
77771121NCOB02020,2020-11-21,NC,OB,NC,두산,RESULT,9회말,False,False,normal
77771123OBNC02020,2020-11-23,OB,NC,두산,NC,RESULT,9회초,False,False,normal
77771124OBNC02020,2020-11-24,OB,NC,두산,NC,RESULT,9회초,False,False,normal
99990706WEEA02024,2024-07-06,WE,EA,나눔,드림,RESULT,9회말,False,False,normal
99990712EAWE02025,2025-07-12,EA,WE,드림,나눔,RESULT,9회초,False,False,normal
99990714WEEA02018,2018-07-14,WE,EA,나눔,드림,RESULT,9회말,False,False,normal
99990715EAWE02017,2017-07-15,EA,WE,드림,나눔,RESULT,9회말,False,False,normal
99990715EAWE02023,2023-07-15,EA,WE,드림,나눔,RESULT,9회초,False,False,normal
99990716WEEA02016,2016-07-16,WE,EA,나눔,드림,ENDED,9회초,False,False,not_completed
99990716WEEA02022,2022-07-16,WE,EA,나눔,드림,RESULT,10회말,False,False,normal
99990720EAWE02019,2019-07-20,EA,WE,드림,나눔,BEFORE,경기취소,True,False,cancelled
99990721EAWE02019,2019-07-21,EA,WE,드림,나눔,RESULT,9회말,False,False,normal
